annex_a,quota_period,line,label,category,value,repaired
2020-01-certificate-of-entitlement-quota-for-february-2020-to-april-2020.annex-a.pdf,Feb 2020 to Apr 2020,A1),A1) Vehicle population as at 31 Dec 2019,A,321103,False
2020-01-certificate-of-entitlement-quota-for-february-2020-to-april-2020.annex-a.pdf,Feb 2020 to Apr 2020,A1),A1) Vehicle population as at 31 Dec 2019,B,308991,False
2020-01-certificate-of-entitlement-quota-for-february-2020-to-april-2020.annex-a.pdf,Feb 2020 to Apr 2020,A1),A1) Vehicle population as at 31 Dec 2019,C,151753,False
2020-01-certificate-of-entitlement-quota-for-february-2020-to-april-2020.annex-a.pdf,Feb 2020 to Apr 2020,A1),A1) Vehicle population as at 31 Dec 2019,D,140329,False
2020-01-certificate-of-entitlement-quota-for-february-2020-to-april-2020.annex-a.pdf,Feb 2020 to Apr 2020,A1),A1) Vehicle population as at 31 Dec 2019,E,0,False
2020-01-certificate-of-entitlement-quota-for-february-2020-to-april-2020.annex-a.pdf,Feb 2020 to Apr 2020,A1),A1) Vehicle population as at 31 Dec 2019,Total,922176,False
2020-01-certificate-of-entitlement-quota-for-february-2020-to-april-2020.annex-a.pdf,Feb 2020 to Apr 2020,A2),A2) Net increase allowed per quarter [Cat C Only] [0.25% x vehicle population / 4],A,0,False
2020-01-certificate-of-entitlement-quota-for-february-2020-to-april-2020.annex-a.pdf,Feb 2020 to Apr 2020,A2),A2) Net increase allowed per quarter [Cat C Only] [0.25% x vehicle population / 4],B,0,False
2020-01-certificate-of-entitlement-quota-for-february-2020-to-april-2020.annex-a.pdf,Feb 2020 to Apr 2020,A2),A2) Net increase allowed per quarter [Cat C Only] [0.25% x vehicle population / 4],C,94,False
2020-01-certificate-of-entitlement-quota-for-february-2020-to-april-2020.annex-a.pdf,Feb 2020 to Apr 2020,A2),A2) Net increase allowed per quarter [Cat C Only] [0.25% x vehicle population / 4],D,0,False
2020-01-certificate-of-entitlement-quota-for-february-2020-to-april-2020.annex-a.pdf,Feb 2020 to Apr 2020,A2),A2) Net increase allowed per quarter [Cat C Only] [0.25% x vehicle population / 4],E,0,False
2020-01-certificate-of-entitlement-quota-for-february-2020-to-april-2020.annex-a.pdf,Feb 2020 to Apr 2020,A2),A2) Net increase allowed per quarter [Cat C Only] [0.25% x vehicle population / 4],Total,94,False
2020-01-certificate-of-entitlement-quota-for-february-2020-to-april-2020.annex-a.pdf,Feb 2020 to Apr 2020,(A),(A) Increase in Vehicle Population,A,0,False
2020-01-certificate-of-entitlement-quota-for-february-2020-to-april-2020.annex-a.pdf,Feb 2020 to Apr 2020,(A),(A) Increase in Vehicle Population,B,0,False
2020-01-certificate-of-entitlement-quota-for-february-2020-to-april-2020.annex-a.pdf,Feb 2020 to Apr 2020,(A),(A) Increase in Vehicle Population,C,94,False
2020-01-certificate-of-entitlement-quota-for-february-2020-to-april-2020.annex-a.pdf,Feb 2020 to Apr 2020,(A),(A) Increase in Vehicle Population,D,0,False
2020-01-certificate-of-entitlement-quota-for-february-2020-to-april-2020.annex-a.pdf,Feb 2020 to Apr 2020,(A),(A) Increase in Vehicle Population,E,0,False
2020-01-certificate-of-entitlement-quota-for-february-2020-to-april-2020.annex-a.pdf,Feb 2020 to Apr 2020,(A),(A) Increase in Vehicle Population,Total,94,False
2020-01-certificate-of-entitlement-quota-for-february-2020-to-april-2020.annex-a.pdf,Feb 2020 to Apr 2020,B1),B1) Total vehicle deregistrations (from Oct to Dec 2019),A,6480,False
2020-01-certificate-of-entitlement-quota-for-february-2020-to-april-2020.annex-a.pdf,Feb 2020 to Apr 2020,B1),B1) Total vehicle deregistrations (from Oct to Dec 2019),B,6523,False
2020-01-certificate-of-entitlement-quota-for-february-2020-to-april-2020.annex-a.pdf,Feb 2020 to Apr 2020,B1),B1) Total vehicle deregistrations (from Oct to Dec 2019),C,2959,False
2020-01-certificate-of-entitlement-quota-for-february-2020-to-april-2020.annex-a.pdf,Feb 2020 to Apr 2020,B1),B1) Total vehicle deregistrations (from Oct to Dec 2019),D,3443,False
2020-01-certificate-of-entitlement-quota-for-february-2020-to-april-2020.annex-a.pdf,Feb 2020 to Apr 2020,B1),B1) Total vehicle deregistrations (from Oct to Dec 2019),E,0,False
2020-01-certificate-of-entitlement-quota-for-february-2020-to-april-2020.annex-a.pdf,Feb 2020 to Apr 2020,B1),B1) Total vehicle deregistrations (from Oct to Dec 2019),Total,19405,False
2020-01-certificate-of-entitlement-quota-for-february-2020-to-april-2020.annex-a.pdf,Feb 2020 to Apr 2020,B2),B2) Contribution of deregistrations to Category E (10% of B1),A,-648,False
2020-01-certificate-of-entitlement-quota-for-february-2020-to-april-2020.annex-a.pdf,Feb 2020 to Apr 2020,B2),B2) Contribution of deregistrations to Category E (10% of B1),B,-652,False
2020-01-certificate-of-entitlement-quota-for-february-2020-to-april-2020.annex-a.pdf,Feb 2020 to Apr 2020,B2),B2) Contribution of deregistrations to Category E (10% of B1),C,-295,False
2020-01-certificate-of-entitlement-quota-for-february-2020-to-april-2020.annex-a.pdf,Feb 2020 to Apr 2020,B2),B2) Contribution of deregistrations to Category E (10% of B1),D,0,False
2020-01-certificate-of-entitlement-quota-for-february-2020-to-april-2020.annex-a.pdf,Feb 2020 to Apr 2020,B2),B2) Contribution of deregistrations to Category E (10% of B1),E,1595,False
2020-01-certificate-of-entitlement-quota-for-february-2020-to-april-2020.annex-a.pdf,Feb 2020 to Apr 2020,B2),B2) Contribution of deregistrations to Category E (10% of B1),Total,0,False
2020-01-certificate-of-entitlement-quota-for-february-2020-to-april-2020.annex-a.pdf,Feb 2020 to Apr 2020,(B),(B) Replacements of Deregistered Vehicles,A,5832,False
2020-01-certificate-of-entitlement-quota-for-february-2020-to-april-2020.annex-a.pdf,Feb 2020 to Apr 2020,(B),(B) Replacements of Deregistered Vehicles,B,5871,False
2020-01-certificate-of-entitlement-quota-for-february-2020-to-april-2020.annex-a.pdf,Feb 2020 to Apr 2020,(B),(B) Replacements of Deregistered Vehicles,C,2664,False
2020-01-certificate-of-entitlement-quota-for-february-2020-to-april-2020.annex-a.pdf,Feb 2020 to Apr 2020,(B),(B) Replacements of Deregistered Vehicles,D,3443,False
2020-01-certificate-of-entitlement-quota-for-february-2020-to-april-2020.annex-a.pdf,Feb 2020 to Apr 2020,(B),(B) Replacements of Deregistered Vehicles,E,1595,False
2020-01-certificate-of-entitlement-quota-for-february-2020-to-april-2020.annex-a.pdf,Feb 2020 to Apr 2020,(B),(B) Replacements of Deregistered Vehicles,Total,19405,False
2020-01-certificate-of-entitlement-quota-for-february-2020-to-april-2020.annex-a.pdf,Feb 2020 to Apr 2020,C1),C1) Adjustments for change in taxi population,A,0,False
2020-01-certificate-of-entitlement-quota-for-february-2020-to-april-2020.annex-a.pdf,Feb 2020 to Apr 2020,C1),C1) Adjustments for change in taxi population,B,0,False
2020-01-certificate-of-entitlement-quota-for-february-2020-to-april-2020.annex-a.pdf,Feb 2020 to Apr 2020,C1),C1) Adjustments for change in taxi population,C,0,False
2020-01-certificate-of-entitlement-quota-for-february-2020-to-april-2020.annex-a.pdf,Feb 2020 to Apr 2020,C1),C1) Adjustments for change in taxi population,D,0,False
2020-01-certificate-of-entitlement-quota-for-february-2020-to-april-2020.annex-a.pdf,Feb 2020 to Apr 2020,C1),C1) Adjustments for change in taxi population,E,468,False
2020-01-certificate-of-entitlement-quota-for-february-2020-to-april-2020.annex-a.pdf,Feb 2020 to Apr 2020,C1),C1) Adjustments for change in taxi population,Total,468,False
2020-01-certificate-of-entitlement-quota-for-february-2020-to-april-2020.annex-a.pdf,Feb 2020 to Apr 2020,C2),C2) Adjustments for replacements under Early Turnover Scheme,A,0,False
2020-01-certificate-of-entitlement-quota-for-february-2020-to-april-2020.annex-a.pdf,Feb 2020 to Apr 2020,C2),C2) Adjustments for replacements under Early Turnover Scheme,B,0,False
2020-01-certificate-of-entitlement-quota-for-february-2020-to-april-2020.annex-a.pdf,Feb 2020 to Apr 2020,C2),C2) Adjustments for replacements under Early Turnover Scheme,C,-872,False
2020-01-certificate-of-entitlement-quota-for-february-2020-to-april-2020.annex-a.pdf,Feb 2020 to Apr 2020,C2),C2) Adjustments for replacements under Early Turnover Scheme,D,0,False
2020-01-certificate-of-entitlement-quota-for-february-2020-to-april-2020.annex-a.pdf,Feb 2020 to Apr 2020,C2),C2) Adjustments for replacements under Early Turnover Scheme,E,-96,False
2020-01-certificate-of-entitlement-quota-for-february-2020-to-april-2020.annex-a.pdf,Feb 2020 to Apr 2020,C2),C2) Adjustments for replacements under Early Turnover Scheme,Total,-968,False
2020-01-certificate-of-entitlement-quota-for-february-2020-to-april-2020.annex-a.pdf,Feb 2020 to Apr 2020,C3),C3) Expired COEs,A,4,False
2020-01-certificate-of-entitlement-quota-for-february-2020-to-april-2020.annex-a.pdf,Feb 2020 to Apr 2020,C3),C3) Expired COEs,B,27,False
2020-01-certificate-of-entitlement-quota-for-february-2020-to-april-2020.annex-a.pdf,Feb 2020 to Apr 2020,C3),C3) Expired COEs,C,3,False
2020-01-certificate-of-entitlement-quota-for-february-2020-to-april-2020.annex-a.pdf,Feb 2020 to Apr 2020,C3),C3) Expired COEs,D,22,False
2020-01-certificate-of-entitlement-quota-for-february-2020-to-april-2020.annex-a.pdf,Feb 2020 to Apr 2020,C3),C3) Expired COEs,E,0,False
2020-01-certificate-of-entitlement-quota-for-february-2020-to-april-2020.annex-a.pdf,Feb 2020 to Apr 2020,C3),C3) Expired COEs,Total,56,False
2020-01-certificate-of-entitlement-quota-for-february-2020-to-april-2020.annex-a.pdf,Feb 2020 to Apr 2020,(C),(C) Adjustments,A,4,False
2020-01-certificate-of-entitlement-quota-for-february-2020-to-april-2020.annex-a.pdf,Feb 2020 to Apr 2020,(C),(C) Adjustments,B,27,False
2020-01-certificate-of-entitlement-quota-for-february-2020-to-april-2020.annex-a.pdf,Feb 2020 to Apr 2020,(C),(C) Adjustments,C,-869,False
2020-01-certificate-of-entitlement-quota-for-february-2020-to-april-2020.annex-a.pdf,Feb 2020 to Apr 2020,(C),(C) Adjustments,D,22,False
2020-01-certificate-of-entitlement-quota-for-february-2020-to-april-2020.annex-a.pdf,Feb 2020 to Apr 2020,(C),(C) Adjustments,E,372,False
2020-01-certificate-of-entitlement-quota-for-february-2020-to-april-2020.annex-a.pdf,Feb 2020 to Apr 2020,(C),(C) Adjustments,Total,-444,False
2020-01-certificate-of-entitlement-quota-for-february-2020-to-april-2020.annex-a.pdf,Feb 2020 to Apr 2020,Total Quota for Feb 2020 to Apr 2020,Total Quota for Feb 2020 to Apr 2020 Bidding Exercises (A + B + C),A,5836,False
2020-01-certificate-of-entitlement-quota-for-february-2020-to-april-2020.annex-a.pdf,Feb 2020 to Apr 2020,Total Quota for Feb 2020 to Apr 2020,Total Quota for Feb 2020 to Apr 2020 Bidding Exercises (A + B + C),B,5898,False
2020-01-certificate-of-entitlement-quota-for-february-2020-to-april-2020.annex-a.pdf,Feb 2020 to Apr 2020,Total Quota for Feb 2020 to Apr 2020,Total Quota for Feb 2020 to Apr 2020 Bidding Exercises (A + B + C),C,1889,False
2020-01-certificate-of-entitlement-quota-for-february-2020-to-april-2020.annex-a.pdf,Feb 2020 to Apr 2020,Total Quota for Feb 2020 to Apr 2020,Total Quota for Feb 2020 to Apr 2020 Bidding Exercises (A + B + C),D,3465,False
2020-01-certificate-of-entitlement-quota-for-february-2020-to-april-2020.annex-a.pdf,Feb 2020 to Apr 2020,Total Quota for Feb 2020 to Apr 2020,Total Quota for Feb 2020 to Apr 2020 Bidding Exercises (A + B + C),E,1967,False
2020-01-certificate-of-entitlement-quota-for-february-2020-to-april-2020.annex-a.pdf,Feb 2020 to Apr 2020,Total Quota for Feb 2020 to Apr 2020,Total Quota for Feb 2020 to Apr 2020 Bidding Exercises (A + B + C),Total,19055,False
2020-01-certificate-of-entitlement-quota-for-february-2020-to-april-2020.annex-a.pdf,Feb 2020 to Apr 2020,Average Monthly Quota for Feb 2020 to Apr 2020,Average Monthly Quota for Feb 2020 to Apr 2020 Bidding Exercises,A,1945,False
2020-01-certificate-of-entitlement-quota-for-february-2020-to-april-2020.annex-a.pdf,Feb 2020 to Apr 2020,Average Monthly Quota for Feb 2020 to Apr 2020,Average Monthly Quota for Feb 2020 to Apr 2020 Bidding Exercises,B,1966,False
2020-01-certificate-of-entitlement-quota-for-february-2020-to-april-2020.annex-a.pdf,Feb 2020 to Apr 2020,Average Monthly Quota for Feb 2020 to Apr 2020,Average Monthly Quota for Feb 2020 to Apr 2020 Bidding Exercises,C,629,False
2020-01-certificate-of-entitlement-quota-for-february-2020-to-april-2020.annex-a.pdf,Feb 2020 to Apr 2020,Average Monthly Quota for Feb 2020 to Apr 2020,Average Monthly Quota for Feb 2020 to Apr 2020 Bidding Exercises,D,1155,False
2020-01-certificate-of-entitlement-quota-for-february-2020-to-april-2020.annex-a.pdf,Feb 2020 to Apr 2020,Average Monthly Quota for Feb 2020 to Apr 2020,Average Monthly Quota for Feb 2020 to Apr 2020 Bidding Exercises,E,655,False
2020-01-certificate-of-entitlement-quota-for-february-2020-to-april-2020.annex-a.pdf,Feb 2020 to Apr 2020,Average Monthly Quota for Feb 2020 to Apr 2020,Average Monthly Quota for Feb 2020 to Apr 2020 Bidding Exercises,Total,6350,False
2020-01-certificate-of-entitlement-quota-for-february-2020-to-april-2020.annex-a.pdf,Feb 2020 to Apr 2020,Monthly Quota for Nov 2019 to Jan 2020,Monthly Quota for Nov 2019 to Jan 2020 Bidding Exercises,A,2036,False
2020-01-certificate-of-entitlement-quota-for-february-2020-to-april-2020.annex-a.pdf,Feb 2020 to Apr 2020,Monthly Quota for Nov 2019 to Jan 2020,Monthly Quota for Nov 2019 to Jan 2020 Bidding Exercises,B,2023,False
2020-01-certificate-of-entitlement-quota-for-february-2020-to-april-2020.annex-a.pdf,Feb 2020 to Apr 2020,Monthly Quota for Nov 2019 to Jan 2020,Monthly Quota for Nov 2019 to Jan 2020 Bidding Exercises,C,635,False
2020-01-certificate-of-entitlement-quota-for-february-2020-to-april-2020.annex-a.pdf,Feb 2020 to Apr 2020,Monthly Quota for Nov 2019 to Jan 2020,Monthly Quota for Nov 2019 to Jan 2020 Bidding Exercises,D,1382,False
2020-01-certificate-of-entitlement-quota-for-february-2020-to-april-2020.annex-a.pdf,Feb 2020 to Apr 2020,Monthly Quota for Nov 2019 to Jan 2020,Monthly Quota for Nov 2019 to Jan 2020 Bidding Exercises,E,754,False
2020-01-certificate-of-entitlement-quota-for-february-2020-to-april-2020.annex-a.pdf,Feb 2020 to Apr 2020,Monthly Quota for Nov 2019 to Jan 2020,Monthly Quota for Nov 2019 to Jan 2020 Bidding Exercises,Total,6830,False
2020-10-Certificate_of_entitlement_quota_for_Nov20_to_Jan21.annex-a.pdf,Nov 2020 to Jan 2021,A1),A1) Vehicle Population As at 31 Dec 2019,A,321103,False
2020-10-Certificate_of_entitlement_quota_for_Nov20_to_Jan21.annex-a.pdf,Nov 2020 to Jan 2021,A1),A1) Vehicle Population As at 31 Dec 2019,B,308991,False
2020-10-Certificate_of_entitlement_quota_for_Nov20_to_Jan21.annex-a.pdf,Nov 2020 to Jan 2021,A1),A1) Vehicle Population As at 31 Dec 2019,C,151753,False
2020-10-Certificate_of_entitlement_quota_for_Nov20_to_Jan21.annex-a.pdf,Nov 2020 to Jan 2021,A1),A1) Vehicle Population As at 31 Dec 2019,D,140329,False
2020-10-Certificate_of_entitlement_quota_for_Nov20_to_Jan21.annex-a.pdf,Nov 2020 to Jan 2021,A1),A1) Vehicle Population As at 31 Dec 2019,E,0,False
2020-10-Certificate_of_entitlement_quota_for_Nov20_to_Jan21.annex-a.pdf,Nov 2020 to Jan 2021,A1),A1) Vehicle Population As at 31 Dec 2019,Total,922176,False
2020-10-Certificate_of_entitlement_quota_for_Nov20_to_Jan21.annex-a.pdf,Nov 2020 to Jan 2021,A2),A2) Net Increase allowed per quarter [Cat C Only] [0.25% x vehicle population / 4],A,0,False
2020-10-Certificate_of_entitlement_quota_for_Nov20_to_Jan21.annex-a.pdf,Nov 2020 to Jan 2021,A2),A2) Net Increase allowed per quarter [Cat C Only] [0.25% x vehicle population / 4],B,0,False
2020-10-Certificate_of_entitlement_quota_for_Nov20_to_Jan21.annex-a.pdf,Nov 2020 to Jan 2021,A2),A2) Net Increase allowed per quarter [Cat C Only] [0.25% x vehicle population / 4],C,94,False
2020-10-Certificate_of_entitlement_quota_for_Nov20_to_Jan21.annex-a.pdf,Nov 2020 to Jan 2021,A2),A2) Net Increase allowed per quarter [Cat C Only] [0.25% x vehicle population / 4],D,0,False
2020-10-Certificate_of_entitlement_quota_for_Nov20_to_Jan21.annex-a.pdf,Nov 2020 to Jan 2021,A2),A2) Net Increase allowed per quarter [Cat C Only] [0.25% x vehicle population / 4],E,0,False
2020-10-Certificate_of_entitlement_quota_for_Nov20_to_Jan21.annex-a.pdf,Nov 2020 to Jan 2021,A2),A2) Net Increase allowed per quarter [Cat C Only] [0.25% x vehicle population / 4],Total,94,False
2020-10-Certificate_of_entitlement_quota_for_Nov20_to_Jan21.annex-a.pdf,Nov 2020 to Jan 2021,(A),(A) Increase in Vehicle Population,A,0,False
2020-10-Certificate_of_entitlement_quota_for_Nov20_to_Jan21.annex-a.pdf,Nov 2020 to Jan 2021,(A),(A) Increase in Vehicle Population,B,0,False
2020-10-Certificate_of_entitlement_quota_for_Nov20_to_Jan21.annex-a.pdf,Nov 2020 to Jan 2021,(A),(A) Increase in Vehicle Population,C,94,False
2020-10-Certificate_of_entitlement_quota_for_Nov20_to_Jan21.annex-a.pdf,Nov 2020 to Jan 2021,(A),(A) Increase in Vehicle Population,D,0,False
2020-10-Certificate_of_entitlement_quota_for_Nov20_to_Jan21.annex-a.pdf,Nov 2020 to Jan 2021,(A),(A) Increase in Vehicle Population,E,0,False
2020-10-Certificate_of_entitlement_quota_for_Nov20_to_Jan21.annex-a.pdf,Nov 2020 to Jan 2021,(A),(A) Increase in Vehicle Population,Total,94,False
2020-10-Certificate_of_entitlement_quota_for_Nov20_to_Jan21.annex-a.pdf,Nov 2020 to Jan 2021,B1),B1) Total vehicle deregistrations from Jul 2020 to Sep 2020,A,4984,False
2020-10-Certificate_of_entitlement_quota_for_Nov20_to_Jan21.annex-a.pdf,Nov 2020 to Jan 2021,B1),B1) Total vehicle deregistrations from Jul 2020 to Sep 2020,B,5257,False
2020-10-Certificate_of_entitlement_quota_for_Nov20_to_Jan21.annex-a.pdf,Nov 2020 to Jan 2021,B1),B1) Total vehicle deregistrations from Jul 2020 to Sep 2020,C,2939,False
2020-10-Certificate_of_entitlement_quota_for_Nov20_to_Jan21.annex-a.pdf,Nov 2020 to Jan 2021,B1),B1) Total vehicle deregistrations from Jul 2020 to Sep 2020,D,2308,False
2020-10-Certificate_of_entitlement_quota_for_Nov20_to_Jan21.annex-a.pdf,Nov 2020 to Jan 2021,B1),B1) Total vehicle deregistrations from Jul 2020 to Sep 2020,E,0,False
2020-10-Certificate_of_entitlement_quota_for_Nov20_to_Jan21.annex-a.pdf,Nov 2020 to Jan 2021,B1),B1) Total vehicle deregistrations from Jul 2020 to Sep 2020,Total,15488,False
2020-10-Certificate_of_entitlement_quota_for_Nov20_to_Jan21.annex-a.pdf,Nov 2020 to Jan 2021,B2),B2) Contribution of deregistrations to Category E (10% of B1),A,-498,False
2020-10-Certificate_of_entitlement_quota_for_Nov20_to_Jan21.annex-a.pdf,Nov 2020 to Jan 2021,B2),B2) Contribution of deregistrations to Category E (10% of B1),B,-525,False
2020-10-Certificate_of_entitlement_quota_for_Nov20_to_Jan21.annex-a.pdf,Nov 2020 to Jan 2021,B2),B2) Contribution of deregistrations to Category E (10% of B1),C,-293,False
2020-10-Certificate_of_entitlement_quota_for_Nov20_to_Jan21.annex-a.pdf,Nov 2020 to Jan 2021,B2),B2) Contribution of deregistrations to Category E (10% of B1),D,0,False
2020-10-Certificate_of_entitlement_quota_for_Nov20_to_Jan21.annex-a.pdf,Nov 2020 to Jan 2021,B2),B2) Contribution of deregistrations to Category E (10% of B1),E,1316,False
2020-10-Certificate_of_entitlement_quota_for_Nov20_to_Jan21.annex-a.pdf,Nov 2020 to Jan 2021,B2),B2) Contribution of deregistrations to Category E (10% of B1),Total,0,False
2020-10-Certificate_of_entitlement_quota_for_Nov20_to_Jan21.annex-a.pdf,Nov 2020 to Jan 2021,(B),(B) Replacements of Deregistered Vehicles,A,4486,False
2020-10-Certificate_of_entitlement_quota_for_Nov20_to_Jan21.annex-a.pdf,Nov 2020 to Jan 2021,(B),(B) Replacements of Deregistered Vehicles,B,4732,False
2020-10-Certificate_of_entitlement_quota_for_Nov20_to_Jan21.annex-a.pdf,Nov 2020 to Jan 2021,(B),(B) Replacements of Deregistered Vehicles,C,2646,False
2020-10-Certificate_of_entitlement_quota_for_Nov20_to_Jan21.annex-a.pdf,Nov 2020 to Jan 2021,(B),(B) Replacements of Deregistered Vehicles,D,2308,False
2020-10-Certificate_of_entitlement_quota_for_Nov20_to_Jan21.annex-a.pdf,Nov 2020 to Jan 2021,(B),(B) Replacements of Deregistered Vehicles,E,1316,False
2020-10-Certificate_of_entitlement_quota_for_Nov20_to_Jan21.annex-a.pdf,Nov 2020 to Jan 2021,(B),(B) Replacements of Deregistered Vehicles,Total,15488,False
2020-10-Certificate_of_entitlement_quota_for_Nov20_to_Jan21.annex-a.pdf,Nov 2020 to Jan 2021,C1),C1) Adjustments for change in taxi population,A,0,False
2020-10-Certificate_of_entitlement_quota_for_Nov20_to_Jan21.annex-a.pdf,Nov 2020 to Jan 2021,C1),C1) Adjustments for change in taxi population,B,0,False
2020-10-Certificate_of_entitlement_quota_for_Nov20_to_Jan21.annex-a.pdf,Nov 2020 to Jan 2021,C1),C1) Adjustments for change in taxi population,C,0,False
2020-10-Certificate_of_entitlement_quota_for_Nov20_to_Jan21.annex-a.pdf,Nov 2020 to Jan 2021,C1),C1) Adjustments for change in taxi population,D,0,False
2020-10-Certificate_of_entitlement_quota_for_Nov20_to_Jan21.annex-a.pdf,Nov 2020 to Jan 2021,C1),C1) Adjustments for change in taxi population,E,1133,False
2020-10-Certificate_of_entitlement_quota_for_Nov20_to_Jan21.annex-a.pdf,Nov 2020 to Jan 2021,C1),C1) Adjustments for change in taxi population,Total,1133,False
2020-10-Certificate_of_entitlement_quota_for_Nov20_to_Jan21.annex-a.pdf,Nov 2020 to Jan 2021,C2),C2) Adjustments for replacements under Early Turnover Scheme,A,0,False
2020-10-Certificate_of_entitlement_quota_for_Nov20_to_Jan21.annex-a.pdf,Nov 2020 to Jan 2021,C2),C2) Adjustments for replacements under Early Turnover Scheme,B,0,False
2020-10-Certificate_of_entitlement_quota_for_Nov20_to_Jan21.annex-a.pdf,Nov 2020 to Jan 2021,C2),C2) Adjustments for replacements under Early Turnover Scheme,C,-1008,False
2020-10-Certificate_of_entitlement_quota_for_Nov20_to_Jan21.annex-a.pdf,Nov 2020 to Jan 2021,C2),C2) Adjustments for replacements under Early Turnover Scheme,D,0,False
2020-10-Certificate_of_entitlement_quota_for_Nov20_to_Jan21.annex-a.pdf,Nov 2020 to Jan 2021,C2),C2) Adjustments for replacements under Early Turnover Scheme,E,-112,False
2020-10-Certificate_of_entitlement_quota_for_Nov20_to_Jan21.annex-a.pdf,Nov 2020 to Jan 2021,C2),C2) Adjustments for replacements under Early Turnover Scheme,Total,-1120,False
2020-10-Certificate_of_entitlement_quota_for_Nov20_to_Jan21.annex-a.pdf,Nov 2020 to Jan 2021,C3),C3) Expired COEs,A,4,False
2020-10-Certificate_of_entitlement_quota_for_Nov20_to_Jan21.annex-a.pdf,Nov 2020 to Jan 2021,C3),C3) Expired COEs,B,16,False
2020-10-Certificate_of_entitlement_quota_for_Nov20_to_Jan21.annex-a.pdf,Nov 2020 to Jan 2021,C3),C3) Expired COEs,C,3,False
2020-10-Certificate_of_entitlement_quota_for_Nov20_to_Jan21.annex-a.pdf,Nov 2020 to Jan 2021,C3),C3) Expired COEs,D,2,False
2020-10-Certificate_of_entitlement_quota_for_Nov20_to_Jan21.annex-a.pdf,Nov 2020 to Jan 2021,C3),C3) Expired COEs,E,2,False
2020-10-Certificate_of_entitlement_quota_for_Nov20_to_Jan21.annex-a.pdf,Nov 2020 to Jan 2021,C3),C3) Expired COEs,Total,27,False
2020-10-Certificate_of_entitlement_quota_for_Nov20_to_Jan21.annex-a.pdf,Nov 2020 to Jan 2021,(C),(C) Adjustments,A,4,False
2020-10-Certificate_of_entitlement_quota_for_Nov20_to_Jan21.annex-a.pdf,Nov 2020 to Jan 2021,(C),(C) Adjustments,B,16,False
2020-10-Certificate_of_entitlement_quota_for_Nov20_to_Jan21.annex-a.pdf,Nov 2020 to Jan 2021,(C),(C) Adjustments,C,-1005,False
2020-10-Certificate_of_entitlement_quota_for_Nov20_to_Jan21.annex-a.pdf,Nov 2020 to Jan 2021,(C),(C) Adjustments,D,2,False
2020-10-Certificate_of_entitlement_quota_for_Nov20_to_Jan21.annex-a.pdf,Nov 2020 to Jan 2021,(C),(C) Adjustments,E,1023,False
2020-10-Certificate_of_entitlement_quota_for_Nov20_to_Jan21.annex-a.pdf,Nov 2020 to Jan 2021,(C),(C) Adjustments,Total,40,False
2020-10-Certificate_of_entitlement_quota_for_Nov20_to_Jan21.annex-a.pdf,Nov 2020 to Jan 2021,D1),D1) Total Quota for Nov 2020 to Jan 2021 Bidding Exercises (A + B + C),A,4490,False
2020-10-Certificate_of_entitlement_quota_for_Nov20_to_Jan21.annex-a.pdf,Nov 2020 to Jan 2021,D1),D1) Total Quota for Nov 2020 to Jan 2021 Bidding Exercises (A + B + C),B,4748,False
2020-10-Certificate_of_entitlement_quota_for_Nov20_to_Jan21.annex-a.pdf,Nov 2020 to Jan 2021,D1),D1) Total Quota for Nov 2020 to Jan 2021 Bidding Exercises (A + B + C),C,1735,False
2020-10-Certificate_of_entitlement_quota_for_Nov20_to_Jan21.annex-a.pdf,Nov 2020 to Jan 2021,D1),D1) Total Quota for Nov 2020 to Jan 2021 Bidding Exercises (A + B + C),D,2310,False
2020-10-Certificate_of_entitlement_quota_for_Nov20_to_Jan21.annex-a.pdf,Nov 2020 to Jan 2021,D1),D1) Total Quota for Nov 2020 to Jan 2021 Bidding Exercises (A + B + C),E,2339,False
2020-10-Certificate_of_entitlement_quota_for_Nov20_to_Jan21.annex-a.pdf,Nov 2020 to Jan 2021,D1),D1) Total Quota for Nov 2020 to Jan 2021 Bidding Exercises (A + B + C),Total,15622,False
2020-10-Certificate_of_entitlement_quota_for_Nov20_to_Jan21.annex-a.pdf,Nov 2020 to Jan 2021,D2),"D2) Redistribution of quota from suspended Apr 2020, May 2020 and Jun 2020 bidding exercises for Nov 2020 to Jan 2021 bidding exercises",A,1287,False
2020-10-Certificate_of_entitlement_quota_for_Nov20_to_Jan21.annex-a.pdf,Nov 2020 to Jan 2021,D2),"D2) Redistribution of quota from suspended Apr 2020, May 2020 and Jun 2020 bidding exercises for Nov 2020 to Jan 2021 bidding exercises",B,1296,False
2020-10-Certificate_of_entitlement_quota_for_Nov20_to_Jan21.annex-a.pdf,Nov 2020 to Jan 2021,D2),"D2) Redistribution of quota from suspended Apr 2020, May 2020 and Jun 2020 bidding exercises for Nov 2020 to Jan 2021 bidding exercises",C,470,False
2020-10-Certificate_of_entitlement_quota_for_Nov20_to_Jan21.annex-a.pdf,Nov 2020 to Jan 2021,D2),"D2) Redistribution of quota from suspended Apr 2020, May 2020 and Jun 2020 bidding exercises for Nov 2020 to Jan 2021 bidding exercises",D,838,False
2020-10-Certificate_of_entitlement_quota_for_Nov20_to_Jan21.annex-a.pdf,Nov 2020 to Jan 2021,D2),"D2) Redistribution of quota from suspended Apr 2020, May 2020 and Jun 2020 bidding exercises for Nov 2020 to Jan 2021 bidding exercises",E,441,False
2020-10-Certificate_of_entitlement_quota_for_Nov20_to_Jan21.annex-a.pdf,Nov 2020 to Jan 2021,D2),"D2) Redistribution of quota from suspended Apr 2020, May 2020 and Jun 2020 bidding exercises for Nov 2020 to Jan 2021 bidding exercises",Total,4332,False
2020-10-Certificate_of_entitlement_quota_for_Nov20_to_Jan21.annex-a.pdf,Nov 2020 to Jan 2021,(D),(D) Total Quota for Nov 2020 to Jan 2021 Bidding Exercises (D1 + D2),A,5777,False
2020-10-Certificate_of_entitlement_quota_for_Nov20_to_Jan21.annex-a.pdf,Nov 2020 to Jan 2021,(D),(D) Total Quota for Nov 2020 to Jan 2021 Bidding Exercises (D1 + D2),B,6044,False
2020-10-Certificate_of_entitlement_quota_for_Nov20_to_Jan21.annex-a.pdf,Nov 2020 to Jan 2021,(D),(D) Total Quota for Nov 2020 to Jan 2021 Bidding Exercises (D1 + D2),C,2205,False
2020-10-Certificate_of_entitlement_quota_for_Nov20_to_Jan21.annex-a.pdf,Nov 2020 to Jan 2021,(D),(D) Total Quota for Nov 2020 to Jan 2021 Bidding Exercises (D1 + D2),D,3148,False
2020-10-Certificate_of_entitlement_quota_for_Nov20_to_Jan21.annex-a.pdf,Nov 2020 to Jan 2021,(D),(D) Total Quota for Nov 2020 to Jan 2021 Bidding Exercises (D1 + D2),E,2780,False
2020-10-Certificate_of_entitlement_quota_for_Nov20_to_Jan21.annex-a.pdf,Nov 2020 to Jan 2021,(D),(D) Total Quota for Nov 2020 to Jan 2021 Bidding Exercises (D1 + D2),Total,19954,False
2020-10-Certificate_of_entitlement_quota_for_Nov20_to_Jan21.annex-a.pdf,Nov 2020 to Jan 2021,Average Monthly Quota for Nov 2020 to Jan 2021,Average Monthly Quota for Nov 2020 to Jan 2021 Bidding Exercises,A,1925,False
2020-10-Certificate_of_entitlement_quota_for_Nov20_to_Jan21.annex-a.pdf,Nov 2020 to Jan 2021,Average Monthly Quota for Nov 2020 to Jan 2021,Average Monthly Quota for Nov 2020 to Jan 2021 Bidding Exercises,B,2014,False
2020-10-Certificate_of_entitlement_quota_for_Nov20_to_Jan21.annex-a.pdf,Nov 2020 to Jan 2021,Average Monthly Quota for Nov 2020 to Jan 2021,Average Monthly Quota for Nov 2020 to Jan 2021 Bidding Exercises,C,735,False
2020-10-Certificate_of_entitlement_quota_for_Nov20_to_Jan21.annex-a.pdf,Nov 2020 to Jan 2021,Average Monthly Quota for Nov 2020 to Jan 2021,Average Monthly Quota for Nov 2020 to Jan 2021 Bidding Exercises,D,1049,False
2020-10-Certificate_of_entitlement_quota_for_Nov20_to_Jan21.annex-a.pdf,Nov 2020 to Jan 2021,Average Monthly Quota for Nov 2020 to Jan 2021,Average Monthly Quota for Nov 2020 to Jan 2021 Bidding Exercises,E,926,False
2020-10-Certificate_of_entitlement_quota_for_Nov20_to_Jan21.annex-a.pdf,Nov 2020 to Jan 2021,Average Monthly Quota for Nov 2020 to Jan 2021,Average Monthly Quota for Nov 2020 to Jan 2021 Bidding Exercises,Total,6649,False
2020-10-Certificate_of_entitlement_quota_for_Nov20_to_Jan21.annex-a.pdf,Nov 2020 to Jan 2021,Monthly Quota for Aug to Oct 2020,Monthly Quota for Aug to Oct 2020 Bidding Exercises,A,1967,False
2020-10-Certificate_of_entitlement_quota_for_Nov20_to_Jan21.annex-a.pdf,Nov 2020 to Jan 2021,Monthly Quota for Aug to Oct 2020,Monthly Quota for Aug to Oct 2020 Bidding Exercises,B,1729,False
2020-10-Certificate_of_entitlement_quota_for_Nov20_to_Jan21.annex-a.pdf,Nov 2020 to Jan 2021,Monthly Quota for Aug to Oct 2020,Monthly Quota for Aug to Oct 2020 Bidding Exercises,C,674,False
2020-10-Certificate_of_entitlement_quota_for_Nov20_to_Jan21.annex-a.pdf,Nov 2020 to Jan 2021,Monthly Quota for Aug to Oct 2020,Monthly Quota for Aug to Oct 2020 Bidding Exercises,D,934,False
2020-10-Certificate_of_entitlement_quota_for_Nov20_to_Jan21.annex-a.pdf,Nov 2020 to Jan 2021,Monthly Quota for Aug to Oct 2020,Monthly Quota for Aug to Oct 2020 Bidding Exercises,E,903,False
2020-10-Certificate_of_entitlement_quota_for_Nov20_to_Jan21.annex-a.pdf,Nov 2020 to Jan 2021,Monthly Quota for Aug to Oct 2020,Monthly Quota for Aug to Oct 2020 Bidding Exercises,Total,6207,False
2020-06-resumption-of-coe-bidding-exercises-from-6-july.annex-a.pdf,Jul 2020 to Jul 2020,A1),A1) Vehicle population as at 31 Dec 2019,A,321103,False
2020-06-resumption-of-coe-bidding-exercises-from-6-july.annex-a.pdf,Jul 2020 to Jul 2020,A1),A1) Vehicle population as at 31 Dec 2019,B,308991,False
2020-06-resumption-of-coe-bidding-exercises-from-6-july.annex-a.pdf,Jul 2020 to Jul 2020,A1),A1) Vehicle population as at 31 Dec 2019,C,151753,False
2020-06-resumption-of-coe-bidding-exercises-from-6-july.annex-a.pdf,Jul 2020 to Jul 2020,A1),A1) Vehicle population as at 31 Dec 2019,D,140329,False
2020-06-resumption-of-coe-bidding-exercises-from-6-july.annex-a.pdf,Jul 2020 to Jul 2020,A1),A1) Vehicle population as at 31 Dec 2019,E,0,False
2020-06-resumption-of-coe-bidding-exercises-from-6-july.annex-a.pdf,Jul 2020 to Jul 2020,A1),A1) Vehicle population as at 31 Dec 2019,Total,922176,False
2020-06-resumption-of-coe-bidding-exercises-from-6-july.annex-a.pdf,Jul 2020 to Jul 2020,A2),A2) Net increase allowed per quarter [Cat C Only] [0.25% x vehicle population / 4],A,0,False
2020-06-resumption-of-coe-bidding-exercises-from-6-july.annex-a.pdf,Jul 2020 to Jul 2020,A2),A2) Net increase allowed per quarter [Cat C Only] [0.25% x vehicle population / 4],B,0,False
2020-06-resumption-of-coe-bidding-exercises-from-6-july.annex-a.pdf,Jul 2020 to Jul 2020,A2),A2) Net increase allowed per quarter [Cat C Only] [0.25% x vehicle population / 4],C,94,False
2020-06-resumption-of-coe-bidding-exercises-from-6-july.annex-a.pdf,Jul 2020 to Jul 2020,A2),A2) Net increase allowed per quarter [Cat C Only] [0.25% x vehicle population / 4],D,0,False
2020-06-resumption-of-coe-bidding-exercises-from-6-july.annex-a.pdf,Jul 2020 to Jul 2020,A2),A2) Net increase allowed per quarter [Cat C Only] [0.25% x vehicle population / 4],E,0,False
2020-06-resumption-of-coe-bidding-exercises-from-6-july.annex-a.pdf,Jul 2020 to Jul 2020,A2),A2) Net increase allowed per quarter [Cat C Only] [0.25% x vehicle population / 4],Total,94,False
2020-06-resumption-of-coe-bidding-exercises-from-6-july.annex-a.pdf,Jul 2020 to Jul 2020,(A),(A) Increase in Vehicle Population,A,0,False
2020-06-resumption-of-coe-bidding-exercises-from-6-july.annex-a.pdf,Jul 2020 to Jul 2020,(A),(A) Increase in Vehicle Population,B,0,False
2020-06-resumption-of-coe-bidding-exercises-from-6-july.annex-a.pdf,Jul 2020 to Jul 2020,(A),(A) Increase in Vehicle Population,C,94,False
2020-06-resumption-of-coe-bidding-exercises-from-6-july.annex-a.pdf,Jul 2020 to Jul 2020,(A),(A) Increase in Vehicle Population,D,0,False
2020-06-resumption-of-coe-bidding-exercises-from-6-july.annex-a.pdf,Jul 2020 to Jul 2020,(A),(A) Increase in Vehicle Population,E,0,False
2020-06-resumption-of-coe-bidding-exercises-from-6-july.annex-a.pdf,Jul 2020 to Jul 2020,(A),(A) Increase in Vehicle Population,Total,94,False
2020-06-resumption-of-coe-bidding-exercises-from-6-july.annex-a.pdf,Jul 2020 to Jul 2020,B1),B1) Total vehicle deregistrations (from Jan to Mar 2020),A,6414,False
2020-06-resumption-of-coe-bidding-exercises-from-6-july.annex-a.pdf,Jul 2020 to Jul 2020,B1),B1) Total vehicle deregistrations (from Jan to Mar 2020),B,6420,False
2020-06-resumption-of-coe-bidding-exercises-from-6-july.annex-a.pdf,Jul 2020 to Jul 2020,B1),B1) Total vehicle deregistrations (from Jan to Mar 2020),C,3108,False
2020-06-resumption-of-coe-bidding-exercises-from-6-july.annex-a.pdf,Jul 2020 to Jul 2020,B1),B1) Total vehicle deregistrations (from Jan to Mar 2020),D,3751,False
2020-06-resumption-of-coe-bidding-exercises-from-6-july.annex-a.pdf,Jul 2020 to Jul 2020,B1),B1) Total vehicle deregistrations (from Jan to Mar 2020),E,0,False
2020-06-resumption-of-coe-bidding-exercises-from-6-july.annex-a.pdf,Jul 2020 to Jul 2020,B1),B1) Total vehicle deregistrations (from Jan to Mar 2020),Total,19693,False
2020-06-resumption-of-coe-bidding-exercises-from-6-july.annex-a.pdf,Jul 2020 to Jul 2020,B2),B2) Contribution of deregistrations to Category E (10% of B1),A,-641,False
2020-06-resumption-of-coe-bidding-exercises-from-6-july.annex-a.pdf,Jul 2020 to Jul 2020,B2),B2) Contribution of deregistrations to Category E (10% of B1),B,-642,False
2020-06-resumption-of-coe-bidding-exercises-from-6-july.annex-a.pdf,Jul 2020 to Jul 2020,B2),B2) Contribution of deregistrations to Category E (10% of B1),C,-310,False
2020-06-resumption-of-coe-bidding-exercises-from-6-july.annex-a.pdf,Jul 2020 to Jul 2020,B2),B2) Contribution of deregistrations to Category E (10% of B1),D,0,False
2020-06-resumption-of-coe-bidding-exercises-from-6-july.annex-a.pdf,Jul 2020 to Jul 2020,B2),B2) Contribution of deregistrations to Category E (10% of B1),E,1593,False
2020-06-resumption-of-coe-bidding-exercises-from-6-july.annex-a.pdf,Jul 2020 to Jul 2020,B2),B2) Contribution of deregistrations to Category E (10% of B1),Total,0,False
2020-06-resumption-of-coe-bidding-exercises-from-6-july.annex-a.pdf,Jul 2020 to Jul 2020,(B),(B) Replacements of Deregistered Vehicles,A,5773,False
2020-06-resumption-of-coe-bidding-exercises-from-6-july.annex-a.pdf,Jul 2020 to Jul 2020,(B),(B) Replacements of Deregistered Vehicles,B,5778,False
2020-06-resumption-of-coe-bidding-exercises-from-6-july.annex-a.pdf,Jul 2020 to Jul 2020,(B),(B) Replacements of Deregistered Vehicles,C,2798,False
2020-06-resumption-of-coe-bidding-exercises-from-6-july.annex-a.pdf,Jul 2020 to Jul 2020,(B),(B) Replacements of Deregistered Vehicles,D,3751,False
2020-06-resumption-of-coe-bidding-exercises-from-6-july.annex-a.pdf,Jul 2020 to Jul 2020,(B),(B) Replacements of Deregistered Vehicles,E,1593,False
2020-06-resumption-of-coe-bidding-exercises-from-6-july.annex-a.pdf,Jul 2020 to Jul 2020,(B),(B) Replacements of Deregistered Vehicles,Total,19693,False
2020-06-resumption-of-coe-bidding-exercises-from-6-july.annex-a.pdf,Jul 2020 to Jul 2020,C1),C1) Adjustments for change in taxi population,A,0,False
2020-06-resumption-of-coe-bidding-exercises-from-6-july.annex-a.pdf,Jul 2020 to Jul 2020,C1),C1) Adjustments for change in taxi population,B,0,False
2020-06-resumption-of-coe-bidding-exercises-from-6-july.annex-a.pdf,Jul 2020 to Jul 2020,C1),C1) Adjustments for change in taxi population,C,0,False
2020-06-resumption-of-coe-bidding-exercises-from-6-july.annex-a.pdf,Jul 2020 to Jul 2020,C1),C1) Adjustments for change in taxi population,D,0,False
2020-06-resumption-of-coe-bidding-exercises-from-6-july.annex-a.pdf,Jul 2020 to Jul 2020,C1),C1) Adjustments for change in taxi population,E,468,False
2020-06-resumption-of-coe-bidding-exercises-from-6-july.annex-a.pdf,Jul 2020 to Jul 2020,C1),C1) Adjustments for change in taxi population,Total,468,False
2020-06-resumption-of-coe-bidding-exercises-from-6-july.annex-a.pdf,Jul 2020 to Jul 2020,C2),C2) Adjustments for replacements under Early Turnover Scheme,A,0,False
2020-06-resumption-of-coe-bidding-exercises-from-6-july.annex-a.pdf,Jul 2020 to Jul 2020,C2),C2) Adjustments for replacements under Early Turnover Scheme,B,0,False
2020-06-resumption-of-coe-bidding-exercises-from-6-july.annex-a.pdf,Jul 2020 to Jul 2020,C2),C2) Adjustments for replacements under Early Turnover Scheme,C,-664,False
2020-06-resumption-of-coe-bidding-exercises-from-6-july.annex-a.pdf,Jul 2020 to Jul 2020,C2),C2) Adjustments for replacements under Early Turnover Scheme,D,0,False
2020-06-resumption-of-coe-bidding-exercises-from-6-july.annex-a.pdf,Jul 2020 to Jul 2020,C2),C2) Adjustments for replacements under Early Turnover Scheme,E,-73,False
2020-06-resumption-of-coe-bidding-exercises-from-6-july.annex-a.pdf,Jul 2020 to Jul 2020,C2),C2) Adjustments for replacements under Early Turnover Scheme,Total,-737,False
2020-06-resumption-of-coe-bidding-exercises-from-6-july.annex-a.pdf,Jul 2020 to Jul 2020,C3),C3) Expired COEs,A,2,False
2020-06-resumption-of-coe-bidding-exercises-from-6-july.annex-a.pdf,Jul 2020 to Jul 2020,C3),C3) Expired COEs,B,20,False
2020-06-resumption-of-coe-bidding-exercises-from-6-july.annex-a.pdf,Jul 2020 to Jul 2020,C3),C3) Expired COEs,C,0,False
2020-06-resumption-of-coe-bidding-exercises-from-6-july.annex-a.pdf,Jul 2020 to Jul 2020,C3),C3) Expired COEs,D,172,False
2020-06-resumption-of-coe-bidding-exercises-from-6-july.annex-a.pdf,Jul 2020 to Jul 2020,C3),C3) Expired COEs,E,1,False
2020-06-resumption-of-coe-bidding-exercises-from-6-july.annex-a.pdf,Jul 2020 to Jul 2020,C3),C3) Expired COEs,Total,195,False
2020-06-resumption-of-coe-bidding-exercises-from-6-july.annex-a.pdf,Jul 2020 to Jul 2020,(C),(C) Adjustments,A,2,False
2020-06-resumption-of-coe-bidding-exercises-from-6-july.annex-a.pdf,Jul 2020 to Jul 2020,(C),(C) Adjustments,B,20,False
2020-06-resumption-of-coe-bidding-exercises-from-6-july.annex-a.pdf,Jul 2020 to Jul 2020,(C),(C) Adjustments,C,-664,False
2020-06-resumption-of-coe-bidding-exercises-from-6-july.annex-a.pdf,Jul 2020 to Jul 2020,(C),(C) Adjustments,D,172,False
2020-06-resumption-of-coe-bidding-exercises-from-6-july.annex-a.pdf,Jul 2020 to Jul 2020,(C),(C) Adjustments,E,396,False
2020-06-resumption-of-coe-bidding-exercises-from-6-july.annex-a.pdf,Jul 2020 to Jul 2020,(C),(C) Adjustments,Total,-74,False
2020-06-resumption-of-coe-bidding-exercises-from-6-july.annex-a.pdf,Jul 2020 to Jul 2020,(D),(D) Total Quota for Jul 2020 Bidding Exercises,A,2568,False
2020-06-resumption-of-coe-bidding-exercises-from-6-july.annex-a.pdf,Jul 2020 to Jul 2020,(D),(D) Total Quota for Jul 2020 Bidding Exercises,B,2581,False
2020-06-resumption-of-coe-bidding-exercises-from-6-july.annex-a.pdf,Jul 2020 to Jul 2020,(D),(D) Total Quota for Jul 2020 Bidding Exercises,C,978,False
2020-06-resumption-of-coe-bidding-exercises-from-6-july.annex-a.pdf,Jul 2020 to Jul 2020,(D),(D) Total Quota for Jul 2020 Bidding Exercises,D,1727,False
2020-06-resumption-of-coe-bidding-exercises-from-6-july.annex-a.pdf,Jul 2020 to Jul 2020,(D),(D) Total Quota for Jul 2020 Bidding Exercises,E,883,False
2020-06-resumption-of-coe-bidding-exercises-from-6-july.annex-a.pdf,Jul 2020 to Jul 2020,(D),(D) Total Quota for Jul 2020 Bidding Exercises,Total,8737,False
2020-06-resumption-of-coe-bidding-exercises-from-6-july.annex-a.pdf,Jul 2020 to Jul 2020,D1),D1) Total quota for May - Jul bidding exercises (A + B + C),A,5775,False
2020-06-resumption-of-coe-bidding-exercises-from-6-july.annex-a.pdf,Jul 2020 to Jul 2020,D1),D1) Total quota for May - Jul bidding exercises (A + B + C),B,5798,False
2020-06-resumption-of-coe-bidding-exercises-from-6-july.annex-a.pdf,Jul 2020 to Jul 2020,D1),D1) Total quota for May - Jul bidding exercises (A + B + C),C,2228,False
2020-06-resumption-of-coe-bidding-exercises-from-6-july.annex-a.pdf,Jul 2020 to Jul 2020,D1),D1) Total quota for May - Jul bidding exercises (A + B + C),D,3923,False
2020-06-resumption-of-coe-bidding-exercises-from-6-july.annex-a.pdf,Jul 2020 to Jul 2020,D1),D1) Total quota for May - Jul bidding exercises (A + B + C),E,1989,False
2020-06-resumption-of-coe-bidding-exercises-from-6-july.annex-a.pdf,Jul 2020 to Jul 2020,D1),D1) Total quota for May - Jul bidding exercises (A + B + C),Total,19713,False
2020-06-resumption-of-coe-bidding-exercises-from-6-july.annex-a.pdf,Jul 2020 to Jul 2020,D2),D2) Suspension of May and Jun 2020 bidding exercises,A,-3850,False
2020-06-resumption-of-coe-bidding-exercises-from-6-july.annex-a.pdf,Jul 2020 to Jul 2020,D2),D2) Suspension of May and Jun 2020 bidding exercises,B,-3864,False
2020-06-resumption-of-coe-bidding-exercises-from-6-july.annex-a.pdf,Jul 2020 to Jul 2020,D2),D2) Suspension of May and Jun 2020 bidding exercises,C,-1484,False
2020-06-resumption-of-coe-bidding-exercises-from-6-july.annex-a.pdf,Jul 2020 to Jul 2020,D2),D2) Suspension of May and Jun 2020 bidding exercises,D,-2614,False
2020-06-resumption-of-coe-bidding-exercises-from-6-july.annex-a.pdf,Jul 2020 to Jul 2020,D2),D2) Suspension of May and Jun 2020 bidding exercises,E,-1326,False
2020-06-resumption-of-coe-bidding-exercises-from-6-july.annex-a.pdf,Jul 2020 to Jul 2020,D2),D2) Suspension of May and Jun 2020 bidding exercises,Total,-13138,False
2020-06-resumption-of-coe-bidding-exercises-from-6-july.annex-a.pdf,Jul 2020 to Jul 2020,D3),"D3) Return of quota from suspended April 2020, May 2020 and Jun 2020 bidding exercises",A,643,False
2020-06-resumption-of-coe-bidding-exercises-from-6-july.annex-a.pdf,Jul 2020 to Jul 2020,D3),"D3) Return of quota from suspended April 2020, May 2020 and Jun 2020 bidding exercises",B,647,False
2020-06-resumption-of-coe-bidding-exercises-from-6-july.annex-a.pdf,Jul 2020 to Jul 2020,D3),"D3) Return of quota from suspended April 2020, May 2020 and Jun 2020 bidding exercises",C,234,False
2020-06-resumption-of-coe-bidding-exercises-from-6-july.annex-a.pdf,Jul 2020 to Jul 2020,D3),"D3) Return of quota from suspended April 2020, May 2020 and Jun 2020 bidding exercises",D,418,False
2020-06-resumption-of-coe-bidding-exercises-from-6-july.annex-a.pdf,Jul 2020 to Jul 2020,D3),"D3) Return of quota from suspended April 2020, May 2020 and Jun 2020 bidding exercises",E,220,False
2020-06-resumption-of-coe-bidding-exercises-from-6-july.annex-a.pdf,Jul 2020 to Jul 2020,D3),"D3) Return of quota from suspended April 2020, May 2020 and Jun 2020 bidding exercises",Total,2162,False
2020-06-resumption-of-coe-bidding-exercises-from-6-july.annex-a.pdf,Jul 2020 to Jul 2020,Average Monthly Quota for Jul 2020,Average Monthly Quota for Jul 2020 Bidding Exercises,A,2568,False
2020-06-resumption-of-coe-bidding-exercises-from-6-july.annex-a.pdf,Jul 2020 to Jul 2020,Average Monthly Quota for Jul 2020,Average Monthly Quota for Jul 2020 Bidding Exercises,B,2581,False
2020-06-resumption-of-coe-bidding-exercises-from-6-july.annex-a.pdf,Jul 2020 to Jul 2020,Average Monthly Quota for Jul 2020,Average Monthly Quota for Jul 2020 Bidding Exercises,C,978,False
2020-06-resumption-of-coe-bidding-exercises-from-6-july.annex-a.pdf,Jul 2020 to Jul 2020,Average Monthly Quota for Jul 2020,Average Monthly Quota for Jul 2020 Bidding Exercises,D,1727,False
2020-06-resumption-of-coe-bidding-exercises-from-6-july.annex-a.pdf,Jul 2020 to Jul 2020,Average Monthly Quota for Jul 2020,Average Monthly Quota for Jul 2020 Bidding Exercises,E,883,False
2020-06-resumption-of-coe-bidding-exercises-from-6-july.annex-a.pdf,Jul 2020 to Jul 2020,Average Monthly Quota for Jul 2020,Average Monthly Quota for Jul 2020 Bidding Exercises,Total,8737,False
2020-06-resumption-of-coe-bidding-exercises-from-6-july.annex-a.pdf,Jul 2020 to Jul 2020,Monthly Quota for Feb 2020 to Apr 2020,Monthly Quota for Feb 2020 to Apr 2020 Bidding Exercises,A,1945,False
2020-06-resumption-of-coe-bidding-exercises-from-6-july.annex-a.pdf,Jul 2020 to Jul 2020,Monthly Quota for Feb 2020 to Apr 2020,Monthly Quota for Feb 2020 to Apr 2020 Bidding Exercises,B,1966,False
2020-06-resumption-of-coe-bidding-exercises-from-6-july.annex-a.pdf,Jul 2020 to Jul 2020,Monthly Quota for Feb 2020 to Apr 2020,Monthly Quota for Feb 2020 to Apr 2020 Bidding Exercises,C,629,False
2020-06-resumption-of-coe-bidding-exercises-from-6-july.annex-a.pdf,Jul 2020 to Jul 2020,Monthly Quota for Feb 2020 to Apr 2020,Monthly Quota for Feb 2020 to Apr 2020 Bidding Exercises,D,1155,False
2020-06-resumption-of-coe-bidding-exercises-from-6-july.annex-a.pdf,Jul 2020 to Jul 2020,Monthly Quota for Feb 2020 to Apr 2020,Monthly Quota for Feb 2020 to Apr 2020 Bidding Exercises,E,655,False
2020-06-resumption-of-coe-bidding-exercises-from-6-july.annex-a.pdf,Jul 2020 to Jul 2020,Monthly Quota for Feb 2020 to Apr 2020,Monthly Quota for Feb 2020 to Apr 2020 Bidding Exercises,Total,6350,False
2020-07-certificate-of-entitlement-quota-for-august-2020-to-october-2020.annex-a.pdf,Aug 2020 to Oct 2020,A1),A1) Vehicle population as at 31 Dec 2019,A,321103,False
2020-07-certificate-of-entitlement-quota-for-august-2020-to-october-2020.annex-a.pdf,Aug 2020 to Oct 2020,A1),A1) Vehicle population as at 31 Dec 2019,B,308991,False
2020-07-certificate-of-entitlement-quota-for-august-2020-to-october-2020.annex-a.pdf,Aug 2020 to Oct 2020,A1),A1) Vehicle population as at 31 Dec 2019,C,151753,False
2020-07-certificate-of-entitlement-quota-for-august-2020-to-october-2020.annex-a.pdf,Aug 2020 to Oct 2020,A1),A1) Vehicle population as at 31 Dec 2019,D,140329,False
2020-07-certificate-of-entitlement-quota-for-august-2020-to-october-2020.annex-a.pdf,Aug 2020 to Oct 2020,A1),A1) Vehicle population as at 31 Dec 2019,E,0,False
2020-07-certificate-of-entitlement-quota-for-august-2020-to-october-2020.annex-a.pdf,Aug 2020 to Oct 2020,A1),A1) Vehicle population as at 31 Dec 2019,Total,922176,False
2020-07-certificate-of-entitlement-quota-for-august-2020-to-october-2020.annex-a.pdf,Aug 2020 to Oct 2020,A2),A2) Net increase allowed per quarter [Cat C Only] [0.25% x vehicle population / 4],A,0,False
2020-07-certificate-of-entitlement-quota-for-august-2020-to-october-2020.annex-a.pdf,Aug 2020 to Oct 2020,A2),A2) Net increase allowed per quarter [Cat C Only] [0.25% x vehicle population / 4],B,0,False
2020-07-certificate-of-entitlement-quota-for-august-2020-to-october-2020.annex-a.pdf,Aug 2020 to Oct 2020,A2),A2) Net increase allowed per quarter [Cat C Only] [0.25% x vehicle population / 4],C,94,False
2020-07-certificate-of-entitlement-quota-for-august-2020-to-october-2020.annex-a.pdf,Aug 2020 to Oct 2020,A2),A2) Net increase allowed per quarter [Cat C Only] [0.25% x vehicle population / 4],D,0,False
2020-07-certificate-of-entitlement-quota-for-august-2020-to-october-2020.annex-a.pdf,Aug 2020 to Oct 2020,A2),A2) Net increase allowed per quarter [Cat C Only] [0.25% x vehicle population / 4],E,0,False
2020-07-certificate-of-entitlement-quota-for-august-2020-to-october-2020.annex-a.pdf,Aug 2020 to Oct 2020,A2),A2) Net increase allowed per quarter [Cat C Only] [0.25% x vehicle population / 4],Total,94,False
2020-07-certificate-of-entitlement-quota-for-august-2020-to-october-2020.annex-a.pdf,Aug 2020 to Oct 2020,(A),(A) Increase in Vehicle Population,A,0,False
2020-07-certificate-of-entitlement-quota-for-august-2020-to-october-2020.annex-a.pdf,Aug 2020 to Oct 2020,(A),(A) Increase in Vehicle Population,B,0,False
2020-07-certificate-of-entitlement-quota-for-august-2020-to-october-2020.annex-a.pdf,Aug 2020 to Oct 2020,(A),(A) Increase in Vehicle Population,C,94,False
2020-07-certificate-of-entitlement-quota-for-august-2020-to-october-2020.annex-a.pdf,Aug 2020 to Oct 2020,(A),(A) Increase in Vehicle Population,D,0,False
2020-07-certificate-of-entitlement-quota-for-august-2020-to-october-2020.annex-a.pdf,Aug 2020 to Oct 2020,(A),(A) Increase in Vehicle Population,E,0,False
2020-07-certificate-of-entitlement-quota-for-august-2020-to-october-2020.annex-a.pdf,Aug 2020 to Oct 2020,(A),(A) Increase in Vehicle Population,Total,94,False
2020-07-certificate-of-entitlement-quota-for-august-2020-to-october-2020.annex-a.pdf,Aug 2020 to Oct 2020,B1),B1) Total vehicle deregistrations (from Apr to Jun 2020),A,4647,False
2020-07-certificate-of-entitlement-quota-for-august-2020-to-october-2020.annex-a.pdf,Aug 2020 to Oct 2020,B1),B1) Total vehicle deregistrations (from Apr to Jun 2020),B,3845,False
2020-07-certificate-of-entitlement-quota-for-august-2020-to-october-2020.annex-a.pdf,Aug 2020 to Oct 2020,B1),B1) Total vehicle deregistrations (from Apr to Jun 2020),C,1817,False
2020-07-certificate-of-entitlement-quota-for-august-2020-to-october-2020.annex-a.pdf,Aug 2020 to Oct 2020,B1),B1) Total vehicle deregistrations (from Apr to Jun 2020),D,1685,False
2020-07-certificate-of-entitlement-quota-for-august-2020-to-october-2020.annex-a.pdf,Aug 2020 to Oct 2020,B1),B1) Total vehicle deregistrations (from Apr to Jun 2020),E,0,False
2020-07-certificate-of-entitlement-quota-for-august-2020-to-october-2020.annex-a.pdf,Aug 2020 to Oct 2020,B1),B1) Total vehicle deregistrations (from Apr to Jun 2020),Total,11994,False
2020-07-certificate-of-entitlement-quota-for-august-2020-to-october-2020.annex-a.pdf,Aug 2020 to Oct 2020,B2),B2) Contribution of deregistrations to Category E (10% of B1),A,-464,False
2020-07-certificate-of-entitlement-quota-for-august-2020-to-october-2020.annex-a.pdf,Aug 2020 to Oct 2020,B2),B2) Contribution of deregistrations to Category E (10% of B1),B,-384,False
2020-07-certificate-of-entitlement-quota-for-august-2020-to-october-2020.annex-a.pdf,Aug 2020 to Oct 2020,B2),B2) Contribution of deregistrations to Category E (10% of B1),C,-181,False
2020-07-certificate-of-entitlement-quota-for-august-2020-to-october-2020.annex-a.pdf,Aug 2020 to Oct 2020,B2),B2) Contribution of deregistrations to Category E (10% of B1),D,0,False
2020-07-certificate-of-entitlement-quota-for-august-2020-to-october-2020.annex-a.pdf,Aug 2020 to Oct 2020,B2),B2) Contribution of deregistrations to Category E (10% of B1),E,1029,False
2020-07-certificate-of-entitlement-quota-for-august-2020-to-october-2020.annex-a.pdf,Aug 2020 to Oct 2020,B2),B2) Contribution of deregistrations to Category E (10% of B1),Total,0,False
2020-07-certificate-of-entitlement-quota-for-august-2020-to-october-2020.annex-a.pdf,Aug 2020 to Oct 2020,(B),(B) Replacements of Deregistered Vehicles,A,4183,False
2020-07-certificate-of-entitlement-quota-for-august-2020-to-october-2020.annex-a.pdf,Aug 2020 to Oct 2020,(B),(B) Replacements of Deregistered Vehicles,B,3461,False
2020-07-certificate-of-entitlement-quota-for-august-2020-to-october-2020.annex-a.pdf,Aug 2020 to Oct 2020,(B),(B) Replacements of Deregistered Vehicles,C,1636,False
2020-07-certificate-of-entitlement-quota-for-august-2020-to-october-2020.annex-a.pdf,Aug 2020 to Oct 2020,(B),(B) Replacements of Deregistered Vehicles,D,1685,False
2020-07-certificate-of-entitlement-quota-for-august-2020-to-october-2020.annex-a.pdf,Aug 2020 to Oct 2020,(B),(B) Replacements of Deregistered Vehicles,E,1029,False
2020-07-certificate-of-entitlement-quota-for-august-2020-to-october-2020.annex-a.pdf,Aug 2020 to Oct 2020,(B),(B) Replacements of Deregistered Vehicles,Total,11994,False
2020-07-certificate-of-entitlement-quota-for-august-2020-to-october-2020.annex-a.pdf,Aug 2020 to Oct 2020,C1),C1) Adjustments for change in taxi population,A,0,False
2020-07-certificate-of-entitlement-quota-for-august-2020-to-october-2020.annex-a.pdf,Aug 2020 to Oct 2020,C1),C1) Adjustments for change in taxi population,B,0,False
2020-07-certificate-of-entitlement-quota-for-august-2020-to-october-2020.annex-a.pdf,Aug 2020 to Oct 2020,C1),C1) Adjustments for change in taxi population,C,0,False
2020-07-certificate-of-entitlement-quota-for-august-2020-to-october-2020.annex-a.pdf,Aug 2020 to Oct 2020,C1),C1) Adjustments for change in taxi population,D,0,False
2020-07-certificate-of-entitlement-quota-for-august-2020-to-october-2020.annex-a.pdf,Aug 2020 to Oct 2020,C1),C1) Adjustments for change in taxi population,E,1132,False
2020-07-certificate-of-entitlement-quota-for-august-2020-to-october-2020.annex-a.pdf,Aug 2020 to Oct 2020,C1),C1) Adjustments for change in taxi population,Total,1132,False
2020-07-certificate-of-entitlement-quota-for-august-2020-to-october-2020.annex-a.pdf,Aug 2020 to Oct 2020,C2),C2) Adjustments for replacements under Early Turnover Scheme,A,0,False
2020-07-certificate-of-entitlement-quota-for-august-2020-to-october-2020.annex-a.pdf,Aug 2020 to Oct 2020,C2),C2) Adjustments for replacements under Early Turnover Scheme,B,0,False
2020-07-certificate-of-entitlement-quota-for-august-2020-to-october-2020.annex-a.pdf,Aug 2020 to Oct 2020,C2),C2) Adjustments for replacements under Early Turnover Scheme,C,-333,False
2020-07-certificate-of-entitlement-quota-for-august-2020-to-october-2020.annex-a.pdf,Aug 2020 to Oct 2020,C2),C2) Adjustments for replacements under Early Turnover Scheme,D,0,False
2020-07-certificate-of-entitlement-quota-for-august-2020-to-october-2020.annex-a.pdf,Aug 2020 to Oct 2020,C2),C2) Adjustments for replacements under Early Turnover Scheme,E,-37,False
2020-07-certificate-of-entitlement-quota-for-august-2020-to-october-2020.annex-a.pdf,Aug 2020 to Oct 2020,C2),C2) Adjustments for replacements under Early Turnover Scheme,Total,-370,False
2020-07-certificate-of-entitlement-quota-for-august-2020-to-october-2020.annex-a.pdf,Aug 2020 to Oct 2020,C3),C3) Expired COEs,A,3,False
2020-07-certificate-of-entitlement-quota-for-august-2020-to-october-2020.annex-a.pdf,Aug 2020 to Oct 2020,C3),C3) Expired COEs,B,0,False
2020-07-certificate-of-entitlement-quota-for-august-2020-to-october-2020.annex-a.pdf,Aug 2020 to Oct 2020,C3),C3) Expired COEs,C,0,False
2020-07-certificate-of-entitlement-quota-for-august-2020-to-october-2020.annex-a.pdf,Aug 2020 to Oct 2020,C3),C3) Expired COEs,D,0,False
2020-07-certificate-of-entitlement-quota-for-august-2020-to-october-2020.annex-a.pdf,Aug 2020 to Oct 2020,C3),C3) Expired COEs,E,0,False
2020-07-certificate-of-entitlement-quota-for-august-2020-to-october-2020.annex-a.pdf,Aug 2020 to Oct 2020,C3),C3) Expired COEs,Total,3,False
2020-07-certificate-of-entitlement-quota-for-august-2020-to-october-2020.annex-a.pdf,Aug 2020 to Oct 2020,(C),(C) Adjustments,A,3,False
2020-07-certificate-of-entitlement-quota-for-august-2020-to-october-2020.annex-a.pdf,Aug 2020 to Oct 2020,(C),(C) Adjustments,B,0,False
2020-07-certificate-of-entitlement-quota-for-august-2020-to-october-2020.annex-a.pdf,Aug 2020 to Oct 2020,(C),(C) Adjustments,C,-333,False
2020-07-certificate-of-entitlement-quota-for-august-2020-to-october-2020.annex-a.pdf,Aug 2020 to Oct 2020,(C),(C) Adjustments,D,0,False
2020-07-certificate-of-entitlement-quota-for-august-2020-to-october-2020.annex-a.pdf,Aug 2020 to Oct 2020,(C),(C) Adjustments,E,1095,False
2020-07-certificate-of-entitlement-quota-for-august-2020-to-october-2020.annex-a.pdf,Aug 2020 to Oct 2020,(C),(C) Adjustments,Total,765,False
2020-07-certificate-of-entitlement-quota-for-august-2020-to-october-2020.annex-a.pdf,Aug 2020 to Oct 2020,D1),D1) Total quota for Aug - Oct bidding exercises (A + B + C),A,4186,False
2020-07-certificate-of-entitlement-quota-for-august-2020-to-october-2020.annex-a.pdf,Aug 2020 to Oct 2020,D1),D1) Total quota for Aug - Oct bidding exercises (A + B + C),B,3461,False
2020-07-certificate-of-entitlement-quota-for-august-2020-to-october-2020.annex-a.pdf,Aug 2020 to Oct 2020,D1),D1) Total quota for Aug - Oct bidding exercises (A + B + C),C,1397,False
2020-07-certificate-of-entitlement-quota-for-august-2020-to-october-2020.annex-a.pdf,Aug 2020 to Oct 2020,D1),D1) Total quota for Aug - Oct bidding exercises (A + B + C),D,1685,False
2020-07-certificate-of-entitlement-quota-for-august-2020-to-october-2020.annex-a.pdf,Aug 2020 to Oct 2020,D1),D1) Total quota for Aug - Oct bidding exercises (A + B + C),E,2124,False
2020-07-certificate-of-entitlement-quota-for-august-2020-to-october-2020.annex-a.pdf,Aug 2020 to Oct 2020,D1),D1) Total quota for Aug - Oct bidding exercises (A + B + C),Total,12853,False
2020-07-certificate-of-entitlement-quota-for-august-2020-to-october-2020.annex-a.pdf,Aug 2020 to Oct 2020,D2),"D2) Return of quota from suspended Apr 2020, May and Jun 2020 bidding exercises for Aug and Sept 2020",A,1288,False
2020-07-certificate-of-entitlement-quota-for-august-2020-to-october-2020.annex-a.pdf,Aug 2020 to Oct 2020,D2),"D2) Return of quota from suspended Apr 2020, May and Jun 2020 bidding exercises for Aug and Sept 2020",B,1296,False
2020-07-certificate-of-entitlement-quota-for-august-2020-to-october-2020.annex-a.pdf,Aug 2020 to Oct 2020,D2),"D2) Return of quota from suspended Apr 2020, May and Jun 2020 bidding exercises for Aug and Sept 2020",C,470,False
2020-07-certificate-of-entitlement-quota-for-august-2020-to-october-2020.annex-a.pdf,Aug 2020 to Oct 2020,D2),"D2) Return of quota from suspended Apr 2020, May and Jun 2020 bidding exercises for Aug and Sept 2020",D,838,False
2020-07-certificate-of-entitlement-quota-for-august-2020-to-october-2020.annex-a.pdf,Aug 2020 to Oct 2020,D2),"D2) Return of quota from suspended Apr 2020, May and Jun 2020 bidding exercises for Aug and Sept 2020",E,440,False
2020-07-certificate-of-entitlement-quota-for-august-2020-to-october-2020.annex-a.pdf,Aug 2020 to Oct 2020,D2),"D2) Return of quota from suspended Apr 2020, May and Jun 2020 bidding exercises for Aug and Sept 2020",Total,4332,False
2020-07-certificate-of-entitlement-quota-for-august-2020-to-october-2020.annex-a.pdf,Aug 2020 to Oct 2020,D3),"D3) Return of quota from suspended Apr 2020, May and Jun 2020 bidding exercises for Oct 2020",A,429,False
2020-07-certificate-of-entitlement-quota-for-august-2020-to-october-2020.annex-a.pdf,Aug 2020 to Oct 2020,D3),"D3) Return of quota from suspended Apr 2020, May and Jun 2020 bidding exercises for Oct 2020",B,431,False
2020-07-certificate-of-entitlement-quota-for-august-2020-to-october-2020.annex-a.pdf,Aug 2020 to Oct 2020,D3),"D3) Return of quota from suspended Apr 2020, May and Jun 2020 bidding exercises for Oct 2020",C,156,False
2020-07-certificate-of-entitlement-quota-for-august-2020-to-october-2020.annex-a.pdf,Aug 2020 to Oct 2020,D3),"D3) Return of quota from suspended Apr 2020, May and Jun 2020 bidding exercises for Oct 2020",D,279,False
2020-07-certificate-of-entitlement-quota-for-august-2020-to-october-2020.annex-a.pdf,Aug 2020 to Oct 2020,D3),"D3) Return of quota from suspended Apr 2020, May and Jun 2020 bidding exercises for Oct 2020",E,146,False
2020-07-certificate-of-entitlement-quota-for-august-2020-to-october-2020.annex-a.pdf,Aug 2020 to Oct 2020,D3),"D3) Return of quota from suspended Apr 2020, May and Jun 2020 bidding exercises for Oct 2020",Total,1441,False
2020-07-certificate-of-entitlement-quota-for-august-2020-to-october-2020.annex-a.pdf,Aug 2020 to Oct 2020,(D),(D) Total Quota for Aug - Oct 2020 Bidding Exercises,A,5903,False
2020-07-certificate-of-entitlement-quota-for-august-2020-to-october-2020.annex-a.pdf,Aug 2020 to Oct 2020,(D),(D) Total Quota for Aug - Oct 2020 Bidding Exercises,B,5188,False
2020-07-certificate-of-entitlement-quota-for-august-2020-to-october-2020.annex-a.pdf,Aug 2020 to Oct 2020,(D),(D) Total Quota for Aug - Oct 2020 Bidding Exercises,C,2023,False
2020-07-certificate-of-entitlement-quota-for-august-2020-to-october-2020.annex-a.pdf,Aug 2020 to Oct 2020,(D),(D) Total Quota for Aug - Oct 2020 Bidding Exercises,D,2802,False
2020-07-certificate-of-entitlement-quota-for-august-2020-to-october-2020.annex-a.pdf,Aug 2020 to Oct 2020,(D),(D) Total Quota for Aug - Oct 2020 Bidding Exercises,E,2710,False
2020-07-certificate-of-entitlement-quota-for-august-2020-to-october-2020.annex-a.pdf,Aug 2020 to Oct 2020,(D),(D) Total Quota for Aug - Oct 2020 Bidding Exercises,Total,18626,False
2020-07-certificate-of-entitlement-quota-for-august-2020-to-october-2020.annex-a.pdf,Aug 2020 to Oct 2020,Average Monthly Quota for Aug - Oct 2020,Average Monthly Quota for Aug - Oct 2020 Bidding Exercises,A,1967,False
2020-07-certificate-of-entitlement-quota-for-august-2020-to-october-2020.annex-a.pdf,Aug 2020 to Oct 2020,Average Monthly Quota for Aug - Oct 2020,Average Monthly Quota for Aug - Oct 2020 Bidding Exercises,B,1729,False
2020-07-certificate-of-entitlement-quota-for-august-2020-to-october-2020.annex-a.pdf,Aug 2020 to Oct 2020,Average Monthly Quota for Aug - Oct 2020,Average Monthly Quota for Aug - Oct 2020 Bidding Exercises,C,674,False
2020-07-certificate-of-entitlement-quota-for-august-2020-to-october-2020.annex-a.pdf,Aug 2020 to Oct 2020,Average Monthly Quota for Aug - Oct 2020,Average Monthly Quota for Aug - Oct 2020 Bidding Exercises,D,934,False
2020-07-certificate-of-entitlement-quota-for-august-2020-to-october-2020.annex-a.pdf,Aug 2020 to Oct 2020,Average Monthly Quota for Aug - Oct 2020,Average Monthly Quota for Aug - Oct 2020 Bidding Exercises,E,903,False
2020-07-certificate-of-entitlement-quota-for-august-2020-to-october-2020.annex-a.pdf,Aug 2020 to Oct 2020,Average Monthly Quota for Aug - Oct 2020,Average Monthly Quota for Aug - Oct 2020 Bidding Exercises,Total,6207,False
2020-07-certificate-of-entitlement-quota-for-august-2020-to-october-2020.annex-a.pdf,Aug 2020 to Oct 2020,Monthly Quota for Jul 2020,Monthly Quota for Jul 2020 Bidding Exercise,A,2568,False
2020-07-certificate-of-entitlement-quota-for-august-2020-to-october-2020.annex-a.pdf,Aug 2020 to Oct 2020,Monthly Quota for Jul 2020,Monthly Quota for Jul 2020 Bidding Exercise,B,2581,False
2020-07-certificate-of-entitlement-quota-for-august-2020-to-october-2020.annex-a.pdf,Aug 2020 to Oct 2020,Monthly Quota for Jul 2020,Monthly Quota for Jul 2020 Bidding Exercise,C,978,False
2020-07-certificate-of-entitlement-quota-for-august-2020-to-october-2020.annex-a.pdf,Aug 2020 to Oct 2020,Monthly Quota for Jul 2020,Monthly Quota for Jul 2020 Bidding Exercise,D,1727,False
2020-07-certificate-of-entitlement-quota-for-august-2020-to-october-2020.annex-a.pdf,Aug 2020 to Oct 2020,Monthly Quota for Jul 2020,Monthly Quota for Jul 2020 Bidding Exercise,E,883,False
2020-07-certificate-of-entitlement-quota-for-august-2020-to-october-2020.annex-a.pdf,Aug 2020 to Oct 2020,Monthly Quota for Jul 2020,Monthly Quota for Jul 2020 Bidding Exercise,Total,8737,False
2021-01-certificate-of-entitlement-quota-for-february-2021-to-april-2021.annex-a.pdf,Feb 2021 to Apr 2021,A1),A1) Vehicle Population as at 31 Dec 2020,A,319137,False
2021-01-certificate-of-entitlement-quota-for-february-2021-to-april-2021.annex-a.pdf,Feb 2021 to Apr 2021,A1),A1) Vehicle Population as at 31 Dec 2020,B,314417,False
2021-01-certificate-of-entitlement-quota-for-february-2021-to-april-2021.annex-a.pdf,Feb 2021 to Apr 2021,A1),A1) Vehicle Population as at 31 Dec 2020,C,151139,False
2021-01-certificate-of-entitlement-quota-for-february-2021-to-april-2021.annex-a.pdf,Feb 2021 to Apr 2021,A1),A1) Vehicle Population as at 31 Dec 2020,D,140720,False
2021-01-certificate-of-entitlement-quota-for-february-2021-to-april-2021.annex-a.pdf,Feb 2021 to Apr 2021,A1),A1) Vehicle Population as at 31 Dec 2020,E,0,False
2021-01-certificate-of-entitlement-quota-for-february-2021-to-april-2021.annex-a.pdf,Feb 2021 to Apr 2021,A1),A1) Vehicle Population as at 31 Dec 2020,Total,925413,False
2021-01-certificate-of-entitlement-quota-for-february-2021-to-april-2021.annex-a.pdf,Feb 2021 to Apr 2021,A2),A2) Net Increase allowed per quarter [Cat C Only] [0.25% x vehicle population / 4],A,0,False
2021-01-certificate-of-entitlement-quota-for-february-2021-to-april-2021.annex-a.pdf,Feb 2021 to Apr 2021,A2),A2) Net Increase allowed per quarter [Cat C Only] [0.25% x vehicle population / 4],B,0,False
2021-01-certificate-of-entitlement-quota-for-february-2021-to-april-2021.annex-a.pdf,Feb 2021 to Apr 2021,A2),A2) Net Increase allowed per quarter [Cat C Only] [0.25% x vehicle population / 4],C,94,False
2021-01-certificate-of-entitlement-quota-for-february-2021-to-april-2021.annex-a.pdf,Feb 2021 to Apr 2021,A2),A2) Net Increase allowed per quarter [Cat C Only] [0.25% x vehicle population / 4],D,0,False
2021-01-certificate-of-entitlement-quota-for-february-2021-to-april-2021.annex-a.pdf,Feb 2021 to Apr 2021,A2),A2) Net Increase allowed per quarter [Cat C Only] [0.25% x vehicle population / 4],E,0,False
2021-01-certificate-of-entitlement-quota-for-february-2021-to-april-2021.annex-a.pdf,Feb 2021 to Apr 2021,A2),A2) Net Increase allowed per quarter [Cat C Only] [0.25% x vehicle population / 4],Total,94,False
2021-01-certificate-of-entitlement-quota-for-february-2021-to-april-2021.annex-a.pdf,Feb 2021 to Apr 2021,(A),(A) Increase in Vehicle Population,A,0,False
2021-01-certificate-of-entitlement-quota-for-february-2021-to-april-2021.annex-a.pdf,Feb 2021 to Apr 2021,(A),(A) Increase in Vehicle Population,B,0,False
2021-01-certificate-of-entitlement-quota-for-february-2021-to-april-2021.annex-a.pdf,Feb 2021 to Apr 2021,(A),(A) Increase in Vehicle Population,C,94,False
2021-01-certificate-of-entitlement-quota-for-february-2021-to-april-2021.annex-a.pdf,Feb 2021 to Apr 2021,(A),(A) Increase in Vehicle Population,D,0,False
2021-01-certificate-of-entitlement-quota-for-february-2021-to-april-2021.annex-a.pdf,Feb 2021 to Apr 2021,(A),(A) Increase in Vehicle Population,E,0,False
2021-01-certificate-of-entitlement-quota-for-february-2021-to-april-2021.annex-a.pdf,Feb 2021 to Apr 2021,(A),(A) Increase in Vehicle Population,Total,94,False
2021-01-certificate-of-entitlement-quota-for-february-2021-to-april-2021.annex-a.pdf,Feb 2021 to Apr 2021,B1),B1) Total vehicle deregistrations from Oct 2020 to Dec 2020,A,4449,False
2021-01-certificate-of-entitlement-quota-for-february-2021-to-april-2021.annex-a.pdf,Feb 2021 to Apr 2021,B1),B1) Total vehicle deregistrations from Oct 2020 to Dec 2020,B,4831,False
2021-01-certificate-of-entitlement-quota-for-february-2021-to-april-2021.annex-a.pdf,Feb 2021 to Apr 2021,B1),B1) Total vehicle deregistrations from Oct 2020 to Dec 2020,C,2187,False
2021-01-certificate-of-entitlement-quota-for-february-2021-to-april-2021.annex-a.pdf,Feb 2021 to Apr 2021,B1),B1) Total vehicle deregistrations from Oct 2020 to Dec 2020,D,2409,False
2021-01-certificate-of-entitlement-quota-for-february-2021-to-april-2021.annex-a.pdf,Feb 2021 to Apr 2021,B1),B1) Total vehicle deregistrations from Oct 2020 to Dec 2020,E,0,False
2021-01-certificate-of-entitlement-quota-for-february-2021-to-april-2021.annex-a.pdf,Feb 2021 to Apr 2021,B1),B1) Total vehicle deregistrations from Oct 2020 to Dec 2020,Total,13876,False
2021-01-certificate-of-entitlement-quota-for-february-2021-to-april-2021.annex-a.pdf,Feb 2021 to Apr 2021,B2),B2) Contribution of deregistrations to Category E (10% of B1),A,-444,False
2021-01-certificate-of-entitlement-quota-for-february-2021-to-april-2021.annex-a.pdf,Feb 2021 to Apr 2021,B2),B2) Contribution of deregistrations to Category E (10% of B1),B,-483,False
2021-01-certificate-of-entitlement-quota-for-february-2021-to-april-2021.annex-a.pdf,Feb 2021 to Apr 2021,B2),B2) Contribution of deregistrations to Category E (10% of B1),C,-218,False
2021-01-certificate-of-entitlement-quota-for-february-2021-to-april-2021.annex-a.pdf,Feb 2021 to Apr 2021,B2),B2) Contribution of deregistrations to Category E (10% of B1),D,0,False
2021-01-certificate-of-entitlement-quota-for-february-2021-to-april-2021.annex-a.pdf,Feb 2021 to Apr 2021,B2),B2) Contribution of deregistrations to Category E (10% of B1),E,1145,False
2021-01-certificate-of-entitlement-quota-for-february-2021-to-april-2021.annex-a.pdf,Feb 2021 to Apr 2021,B2),B2) Contribution of deregistrations to Category E (10% of B1),Total,0,False
2021-01-certificate-of-entitlement-quota-for-february-2021-to-april-2021.annex-a.pdf,Feb 2021 to Apr 2021,(B),(B) Replacements of Deregistered Vehicles,A,4005,False
2021-01-certificate-of-entitlement-quota-for-february-2021-to-april-2021.annex-a.pdf,Feb 2021 to Apr 2021,(B),(B) Replacements of Deregistered Vehicles,B,4348,False
2021-01-certificate-of-entitlement-quota-for-february-2021-to-april-2021.annex-a.pdf,Feb 2021 to Apr 2021,(B),(B) Replacements of Deregistered Vehicles,C,1969,False
2021-01-certificate-of-entitlement-quota-for-february-2021-to-april-2021.annex-a.pdf,Feb 2021 to Apr 2021,(B),(B) Replacements of Deregistered Vehicles,D,2409,False
2021-01-certificate-of-entitlement-quota-for-february-2021-to-april-2021.annex-a.pdf,Feb 2021 to Apr 2021,(B),(B) Replacements of Deregistered Vehicles,E,1145,False
2021-01-certificate-of-entitlement-quota-for-february-2021-to-april-2021.annex-a.pdf,Feb 2021 to Apr 2021,(B),(B) Replacements of Deregistered Vehicles,Total,13876,False
2021-01-certificate-of-entitlement-quota-for-february-2021-to-april-2021.annex-a.pdf,Feb 2021 to Apr 2021,C1),C1) Adjustments for change in taxi population,A,0,False
2021-01-certificate-of-entitlement-quota-for-february-2021-to-april-2021.annex-a.pdf,Feb 2021 to Apr 2021,C1),C1) Adjustments for change in taxi population,B,0,False
2021-01-certificate-of-entitlement-quota-for-february-2021-to-april-2021.annex-a.pdf,Feb 2021 to Apr 2021,C1),C1) Adjustments for change in taxi population,C,0,False
2021-01-certificate-of-entitlement-quota-for-february-2021-to-april-2021.annex-a.pdf,Feb 2021 to Apr 2021,C1),C1) Adjustments for change in taxi population,D,0,False
2021-01-certificate-of-entitlement-quota-for-february-2021-to-april-2021.annex-a.pdf,Feb 2021 to Apr 2021,C1),C1) Adjustments for change in taxi population,E,299,False
2021-01-certificate-of-entitlement-quota-for-february-2021-to-april-2021.annex-a.pdf,Feb 2021 to Apr 2021,C1),C1) Adjustments for change in taxi population,Total,299,False
2021-01-certificate-of-entitlement-quota-for-february-2021-to-april-2021.annex-a.pdf,Feb 2021 to Apr 2021,C2),C2) Adjustments for replacements under Early Turnover Scheme,A,0,False
2021-01-certificate-of-entitlement-quota-for-february-2021-to-april-2021.annex-a.pdf,Feb 2021 to Apr 2021,C2),C2) Adjustments for replacements under Early Turnover Scheme,B,0,False
2021-01-certificate-of-entitlement-quota-for-february-2021-to-april-2021.annex-a.pdf,Feb 2021 to Apr 2021,C2),C2) Adjustments for replacements under Early Turnover Scheme,C,-998,False
2021-01-certificate-of-entitlement-quota-for-february-2021-to-april-2021.annex-a.pdf,Feb 2021 to Apr 2021,C2),C2) Adjustments for replacements under Early Turnover Scheme,D,0,False
2021-01-certificate-of-entitlement-quota-for-february-2021-to-april-2021.annex-a.pdf,Feb 2021 to Apr 2021,C2),C2) Adjustments for replacements under Early Turnover Scheme,E,-111,False
2021-01-certificate-of-entitlement-quota-for-february-2021-to-april-2021.annex-a.pdf,Feb 2021 to Apr 2021,C2),C2) Adjustments for replacements under Early Turnover Scheme,Total,-1109,False
2021-01-certificate-of-entitlement-quota-for-february-2021-to-april-2021.annex-a.pdf,Feb 2021 to Apr 2021,C3),C3) Expired COEs,A,6,False
2021-01-certificate-of-entitlement-quota-for-february-2021-to-april-2021.annex-a.pdf,Feb 2021 to Apr 2021,C3),C3) Expired COEs,B,7,False
2021-01-certificate-of-entitlement-quota-for-february-2021-to-april-2021.annex-a.pdf,Feb 2021 to Apr 2021,C3),C3) Expired COEs,C,0,False
2021-01-certificate-of-entitlement-quota-for-february-2021-to-april-2021.annex-a.pdf,Feb 2021 to Apr 2021,C3),C3) Expired COEs,D,3,False
2021-01-certificate-of-entitlement-quota-for-february-2021-to-april-2021.annex-a.pdf,Feb 2021 to Apr 2021,C3),C3) Expired COEs,E,2,False
2021-01-certificate-of-entitlement-quota-for-february-2021-to-april-2021.annex-a.pdf,Feb 2021 to Apr 2021,C3),C3) Expired COEs,Total,18,False
2021-01-certificate-of-entitlement-quota-for-february-2021-to-april-2021.annex-a.pdf,Feb 2021 to Apr 2021,(C),(C) Adjustments,A,6,False
2021-01-certificate-of-entitlement-quota-for-february-2021-to-april-2021.annex-a.pdf,Feb 2021 to Apr 2021,(C),(C) Adjustments,B,7,False
2021-01-certificate-of-entitlement-quota-for-february-2021-to-april-2021.annex-a.pdf,Feb 2021 to Apr 2021,(C),(C) Adjustments,C,-998,False
2021-01-certificate-of-entitlement-quota-for-february-2021-to-april-2021.annex-a.pdf,Feb 2021 to Apr 2021,(C),(C) Adjustments,D,3,False
2021-01-certificate-of-entitlement-quota-for-february-2021-to-april-2021.annex-a.pdf,Feb 2021 to Apr 2021,(C),(C) Adjustments,E,190,False
2021-01-certificate-of-entitlement-quota-for-february-2021-to-april-2021.annex-a.pdf,Feb 2021 to Apr 2021,(C),(C) Adjustments,Total,-792,False
2021-01-certificate-of-entitlement-quota-for-february-2021-to-april-2021.annex-a.pdf,Feb 2021 to Apr 2021,D1),D1) Total Quota for Feb 2021 to Apr 2021 Bidding Exercises (A + B + C),A,4011,False
2021-01-certificate-of-entitlement-quota-for-february-2021-to-april-2021.annex-a.pdf,Feb 2021 to Apr 2021,D1),D1) Total Quota for Feb 2021 to Apr 2021 Bidding Exercises (A + B + C),B,4355,False
2021-01-certificate-of-entitlement-quota-for-february-2021-to-april-2021.annex-a.pdf,Feb 2021 to Apr 2021,D1),D1) Total Quota for Feb 2021 to Apr 2021 Bidding Exercises (A + B + C),C,1065,False
2021-01-certificate-of-entitlement-quota-for-february-2021-to-april-2021.annex-a.pdf,Feb 2021 to Apr 2021,D1),D1) Total Quota for Feb 2021 to Apr 2021 Bidding Exercises (A + B + C),D,2412,False
2021-01-certificate-of-entitlement-quota-for-february-2021-to-april-2021.annex-a.pdf,Feb 2021 to Apr 2021,D1),D1) Total Quota for Feb 2021 to Apr 2021 Bidding Exercises (A + B + C),E,1335,False
2021-01-certificate-of-entitlement-quota-for-february-2021-to-april-2021.annex-a.pdf,Feb 2021 to Apr 2021,D1),D1) Total Quota for Feb 2021 to Apr 2021 Bidding Exercises (A + B + C),Total,13178,False
2021-01-certificate-of-entitlement-quota-for-february-2021-to-april-2021.annex-a.pdf,Feb 2021 to Apr 2021,D2),"D2) Redistribution of quota from suspended Apr 2020, May 2020 and Jun 2020 bidding exercises for Feb 2021 to Apr 2021 bidding exercises",A,1288,False
2021-01-certificate-of-entitlement-quota-for-february-2021-to-april-2021.annex-a.pdf,Feb 2021 to Apr 2021,D2),"D2) Redistribution of quota from suspended Apr 2020, May 2020 and Jun 2020 bidding exercises for Feb 2021 to Apr 2021 bidding exercises",B,1296,False
2021-01-certificate-of-entitlement-quota-for-february-2021-to-april-2021.annex-a.pdf,Feb 2021 to Apr 2021,D2),"D2) Redistribution of quota from suspended Apr 2020, May 2020 and Jun 2020 bidding exercises for Feb 2021 to Apr 2021 bidding exercises",C,470,False
2021-01-certificate-of-entitlement-quota-for-february-2021-to-april-2021.annex-a.pdf,Feb 2021 to Apr 2021,D2),"D2) Redistribution of quota from suspended Apr 2020, May 2020 and Jun 2020 bidding exercises for Feb 2021 to Apr 2021 bidding exercises",D,838,False
2021-01-certificate-of-entitlement-quota-for-february-2021-to-april-2021.annex-a.pdf,Feb 2021 to Apr 2021,D2),"D2) Redistribution of quota from suspended Apr 2020, May 2020 and Jun 2020 bidding exercises for Feb 2021 to Apr 2021 bidding exercises",E,441,False
2021-01-certificate-of-entitlement-quota-for-february-2021-to-april-2021.annex-a.pdf,Feb 2021 to Apr 2021,D2),"D2) Redistribution of quota from suspended Apr 2020, May 2020 and Jun 2020 bidding exercises for Feb 2021 to Apr 2021 bidding exercises",Total,4333,False
2021-01-certificate-of-entitlement-quota-for-february-2021-to-april-2021.annex-a.pdf,Feb 2021 to Apr 2021,(D),(D) Total Quota for Feb 2021 to Apr 2021 Bidding Exercises (D1 + D2),A,5299,False
2021-01-certificate-of-entitlement-quota-for-february-2021-to-april-2021.annex-a.pdf,Feb 2021 to Apr 2021,(D),(D) Total Quota for Feb 2021 to Apr 2021 Bidding Exercises (D1 + D2),B,5651,False
2021-01-certificate-of-entitlement-quota-for-february-2021-to-april-2021.annex-a.pdf,Feb 2021 to Apr 2021,(D),(D) Total Quota for Feb 2021 to Apr 2021 Bidding Exercises (D1 + D2),C,1535,False
2021-01-certificate-of-entitlement-quota-for-february-2021-to-april-2021.annex-a.pdf,Feb 2021 to Apr 2021,(D),(D) Total Quota for Feb 2021 to Apr 2021 Bidding Exercises (D1 + D2),D,3250,False
2021-01-certificate-of-entitlement-quota-for-february-2021-to-april-2021.annex-a.pdf,Feb 2021 to Apr 2021,(D),(D) Total Quota for Feb 2021 to Apr 2021 Bidding Exercises (D1 + D2),E,1776,False
2021-01-certificate-of-entitlement-quota-for-february-2021-to-april-2021.annex-a.pdf,Feb 2021 to Apr 2021,(D),(D) Total Quota for Feb 2021 to Apr 2021 Bidding Exercises (D1 + D2),Total,17511,False
2021-01-certificate-of-entitlement-quota-for-february-2021-to-april-2021.annex-a.pdf,Feb 2021 to Apr 2021,Average Monthly Quota for Feb 2021 to Apr 2021,Average Monthly Quota for Feb 2021 to Apr 2021 Bidding Exercises,A,1766,False
2021-01-certificate-of-entitlement-quota-for-february-2021-to-april-2021.annex-a.pdf,Feb 2021 to Apr 2021,Average Monthly Quota for Feb 2021 to Apr 2021,Average Monthly Quota for Feb 2021 to Apr 2021 Bidding Exercises,B,1883,False
2021-01-certificate-of-entitlement-quota-for-february-2021-to-april-2021.annex-a.pdf,Feb 2021 to Apr 2021,Average Monthly Quota for Feb 2021 to Apr 2021,Average Monthly Quota for Feb 2021 to Apr 2021 Bidding Exercises,C,511,False
2021-01-certificate-of-entitlement-quota-for-february-2021-to-april-2021.annex-a.pdf,Feb 2021 to Apr 2021,Average Monthly Quota for Feb 2021 to Apr 2021,Average Monthly Quota for Feb 2021 to Apr 2021 Bidding Exercises,D,1083,False
2021-01-certificate-of-entitlement-quota-for-february-2021-to-april-2021.annex-a.pdf,Feb 2021 to Apr 2021,Average Monthly Quota for Feb 2021 to Apr 2021,Average Monthly Quota for Feb 2021 to Apr 2021 Bidding Exercises,E,592,False
2021-01-certificate-of-entitlement-quota-for-february-2021-to-april-2021.annex-a.pdf,Feb 2021 to Apr 2021,Average Monthly Quota for Feb 2021 to Apr 2021,Average Monthly Quota for Feb 2021 to Apr 2021 Bidding Exercises,Total,5835,False
2021-01-certificate-of-entitlement-quota-for-february-2021-to-april-2021.annex-a.pdf,Feb 2021 to Apr 2021,Monthly Quota for Nov 2020 to Jan 2021,Monthly Quota for Nov 2020 to Jan 2021 Bidding Exercises,A,1925,False
2021-01-certificate-of-entitlement-quota-for-february-2021-to-april-2021.annex-a.pdf,Feb 2021 to Apr 2021,Monthly Quota for Nov 2020 to Jan 2021,Monthly Quota for Nov 2020 to Jan 2021 Bidding Exercises,B,2014,False
2021-01-certificate-of-entitlement-quota-for-february-2021-to-april-2021.annex-a.pdf,Feb 2021 to Apr 2021,Monthly Quota for Nov 2020 to Jan 2021,Monthly Quota for Nov 2020 to Jan 2021 Bidding Exercises,C,735,False
2021-01-certificate-of-entitlement-quota-for-february-2021-to-april-2021.annex-a.pdf,Feb 2021 to Apr 2021,Monthly Quota for Nov 2020 to Jan 2021,Monthly Quota for Nov 2020 to Jan 2021 Bidding Exercises,D,1049,False
2021-01-certificate-of-entitlement-quota-for-february-2021-to-april-2021.annex-a.pdf,Feb 2021 to Apr 2021,Monthly Quota for Nov 2020 to Jan 2021,Monthly Quota for Nov 2020 to Jan 2021 Bidding Exercises,E,926,False
2021-01-certificate-of-entitlement-quota-for-february-2021-to-april-2021.annex-a.pdf,Feb 2021 to Apr 2021,Monthly Quota for Nov 2020 to Jan 2021,Monthly Quota for Nov 2020 to Jan 2021 Bidding Exercises,Total,6649,False
2021-10-COE_quota_for_Nov21_to_Jan_22.annex-a.pdf,Nov 2021 to Jan 2022,A1),A1) Vehicle population as at 31 Dec 2020,A,319137,False
2021-10-COE_quota_for_Nov21_to_Jan_22.annex-a.pdf,Nov 2021 to Jan 2022,A1),A1) Vehicle population as at 31 Dec 2020,B,314417,False
2021-10-COE_quota_for_Nov21_to_Jan_22.annex-a.pdf,Nov 2021 to Jan 2022,A1),A1) Vehicle population as at 31 Dec 2020,C,151139,False
2021-10-COE_quota_for_Nov21_to_Jan_22.annex-a.pdf,Nov 2021 to Jan 2022,A1),A1) Vehicle population as at 31 Dec 2020,D,140720,False
2021-10-COE_quota_for_Nov21_to_Jan_22.annex-a.pdf,Nov 2021 to Jan 2022,A1),A1) Vehicle population as at 31 Dec 2020,E,0,False
2021-10-COE_quota_for_Nov21_to_Jan_22.annex-a.pdf,Nov 2021 to Jan 2022,A1),A1) Vehicle population as at 31 Dec 2020,Total,925413,False
2021-10-COE_quota_for_Nov21_to_Jan_22.annex-a.pdf,Nov 2021 to Jan 2022,A2),A2) Net increase allowed per quarter [Cat C Only] [0.25% x vehicle population / 4],A,0,True
2021-10-COE_quota_for_Nov21_to_Jan_22.annex-a.pdf,Nov 2021 to Jan 2022,A2),A2) Net increase allowed per quarter [Cat C Only] [0.25% x vehicle population / 4],B,0,True
2021-10-COE_quota_for_Nov21_to_Jan_22.annex-a.pdf,Nov 2021 to Jan 2022,A2),A2) Net increase allowed per quarter [Cat C Only] [0.25% x vehicle population / 4],C,94,True
2021-10-COE_quota_for_Nov21_to_Jan_22.annex-a.pdf,Nov 2021 to Jan 2022,A2),A2) Net increase allowed per quarter [Cat C Only] [0.25% x vehicle population / 4],D,0,True
2021-10-COE_quota_for_Nov21_to_Jan_22.annex-a.pdf,Nov 2021 to Jan 2022,A2),A2) Net increase allowed per quarter [Cat C Only] [0.25% x vehicle population / 4],E,0,True
2021-10-COE_quota_for_Nov21_to_Jan_22.annex-a.pdf,Nov 2021 to Jan 2022,A2),A2) Net increase allowed per quarter [Cat C Only] [0.25% x vehicle population / 4],Total,94,True
2021-10-COE_quota_for_Nov21_to_Jan_22.annex-a.pdf,Nov 2021 to Jan 2022,(A),(A) Increase in Vehicle Population,A,0,False
2021-10-COE_quota_for_Nov21_to_Jan_22.annex-a.pdf,Nov 2021 to Jan 2022,(A),(A) Increase in Vehicle Population,B,0,False
2021-10-COE_quota_for_Nov21_to_Jan_22.annex-a.pdf,Nov 2021 to Jan 2022,(A),(A) Increase in Vehicle Population,C,94,False
2021-10-COE_quota_for_Nov21_to_Jan_22.annex-a.pdf,Nov 2021 to Jan 2022,(A),(A) Increase in Vehicle Population,D,0,False
2021-10-COE_quota_for_Nov21_to_Jan_22.annex-a.pdf,Nov 2021 to Jan 2022,(A),(A) Increase in Vehicle Population,E,0,False
2021-10-COE_quota_for_Nov21_to_Jan_22.annex-a.pdf,Nov 2021 to Jan 2022,(A),(A) Increase in Vehicle Population,Total,94,False
2021-10-COE_quota_for_Nov21_to_Jan_22.annex-a.pdf,Nov 2021 to Jan 2022,B1),B1) Total vehicle de-registrations from Jul 2021 to Sep 2021,A,3544,False
2021-10-COE_quota_for_Nov21_to_Jan_22.annex-a.pdf,Nov 2021 to Jan 2022,B1),B1) Total vehicle de-registrations from Jul 2021 to Sep 2021,B,3908,False
2021-10-COE_quota_for_Nov21_to_Jan_22.annex-a.pdf,Nov 2021 to Jan 2022,B1),B1) Total vehicle de-registrations from Jul 2021 to Sep 2021,C,1964,False
2021-10-COE_quota_for_Nov21_to_Jan_22.annex-a.pdf,Nov 2021 to Jan 2022,B1),B1) Total vehicle de-registrations from Jul 2021 to Sep 2021,D,2463,False
2021-10-COE_quota_for_Nov21_to_Jan_22.annex-a.pdf,Nov 2021 to Jan 2022,B1),B1) Total vehicle de-registrations from Jul 2021 to Sep 2021,E,0,False
2021-10-COE_quota_for_Nov21_to_Jan_22.annex-a.pdf,Nov 2021 to Jan 2022,B1),B1) Total vehicle de-registrations from Jul 2021 to Sep 2021,Total,11879,False
2021-10-COE_quota_for_Nov21_to_Jan_22.annex-a.pdf,Nov 2021 to Jan 2022,B2),B2) Contribution of deregistrations to Category E (10% of B1),A,-354,False
2021-10-COE_quota_for_Nov21_to_Jan_22.annex-a.pdf,Nov 2021 to Jan 2022,B2),B2) Contribution of deregistrations to Category E (10% of B1),B,-390,False
2021-10-COE_quota_for_Nov21_to_Jan_22.annex-a.pdf,Nov 2021 to Jan 2022,B2),B2) Contribution of deregistrations to Category E (10% of B1),C,-196,False
2021-10-COE_quota_for_Nov21_to_Jan_22.annex-a.pdf,Nov 2021 to Jan 2022,B2),B2) Contribution of deregistrations to Category E (10% of B1),D,0,False
2021-10-COE_quota_for_Nov21_to_Jan_22.annex-a.pdf,Nov 2021 to Jan 2022,B2),B2) Contribution of deregistrations to Category E (10% of B1),E,940,False
2021-10-COE_quota_for_Nov21_to_Jan_22.annex-a.pdf,Nov 2021 to Jan 2022,B2),B2) Contribution of deregistrations to Category E (10% of B1),Total,0,False
2021-10-COE_quota_for_Nov21_to_Jan_22.annex-a.pdf,Nov 2021 to Jan 2022,(B),(B) Replacements of Deregistered Vehicles,A,3190,False
2021-10-COE_quota_for_Nov21_to_Jan_22.annex-a.pdf,Nov 2021 to Jan 2022,(B),(B) Replacements of Deregistered Vehicles,B,3518,False
2021-10-COE_quota_for_Nov21_to_Jan_22.annex-a.pdf,Nov 2021 to Jan 2022,(B),(B) Replacements of Deregistered Vehicles,C,1768,False
2021-10-COE_quota_for_Nov21_to_Jan_22.annex-a.pdf,Nov 2021 to Jan 2022,(B),(B) Replacements of Deregistered Vehicles,D,2463,False
2021-10-COE_quota_for_Nov21_to_Jan_22.annex-a.pdf,Nov 2021 to Jan 2022,(B),(B) Replacements of Deregistered Vehicles,E,940,False
2021-10-COE_quota_for_Nov21_to_Jan_22.annex-a.pdf,Nov 2021 to Jan 2022,(B),(B) Replacements of Deregistered Vehicles,Total,11879,False
2021-10-COE_quota_for_Nov21_to_Jan_22.annex-a.pdf,Nov 2021 to Jan 2022,C1),C1) Adjustments for change in taxi population,A,0,True
2021-10-COE_quota_for_Nov21_to_Jan_22.annex-a.pdf,Nov 2021 to Jan 2022,C1),C1) Adjustments for change in taxi population,B,0,True
2021-10-COE_quota_for_Nov21_to_Jan_22.annex-a.pdf,Nov 2021 to Jan 2022,C1),C1) Adjustments for change in taxi population,C,0,True
2021-10-COE_quota_for_Nov21_to_Jan_22.annex-a.pdf,Nov 2021 to Jan 2022,C1),C1) Adjustments for change in taxi population,D,0,True
2021-10-COE_quota_for_Nov21_to_Jan_22.annex-a.pdf,Nov 2021 to Jan 2022,C1),C1) Adjustments for change in taxi population,E,71,True
2021-10-COE_quota_for_Nov21_to_Jan_22.annex-a.pdf,Nov 2021 to Jan 2022,C1),C1) Adjustments for change in taxi population,Total,71,True
2021-10-COE_quota_for_Nov21_to_Jan_22.annex-a.pdf,Nov 2021 to Jan 2022,C2),C2) Adjustments for replacements under Early Turnover Scheme,A,0,False
2021-10-COE_quota_for_Nov21_to_Jan_22.annex-a.pdf,Nov 2021 to Jan 2022,C2),C2) Adjustments for replacements under Early Turnover Scheme,B,0,False
2021-10-COE_quota_for_Nov21_to_Jan_22.annex-a.pdf,Nov 2021 to Jan 2022,C2),C2) Adjustments for replacements under Early Turnover Scheme,C,-1322,False
2021-10-COE_quota_for_Nov21_to_Jan_22.annex-a.pdf,Nov 2021 to Jan 2022,C2),C2) Adjustments for replacements under Early Turnover Scheme,D,0,False
2021-10-COE_quota_for_Nov21_to_Jan_22.annex-a.pdf,Nov 2021 to Jan 2022,C2),C2) Adjustments for replacements under Early Turnover Scheme,E,-147,False
2021-10-COE_quota_for_Nov21_to_Jan_22.annex-a.pdf,Nov 2021 to Jan 2022,C2),C2) Adjustments for replacements under Early Turnover Scheme,Total,-1469,False
2021-10-COE_quota_for_Nov21_to_Jan_22.annex-a.pdf,Nov 2021 to Jan 2022,C3),C3) Expired COEs,A,0,True
2021-10-COE_quota_for_Nov21_to_Jan_22.annex-a.pdf,Nov 2021 to Jan 2022,C3),C3) Expired COEs,B,3,True
2021-10-COE_quota_for_Nov21_to_Jan_22.annex-a.pdf,Nov 2021 to Jan 2022,C3),C3) Expired COEs,C,0,True
2021-10-COE_quota_for_Nov21_to_Jan_22.annex-a.pdf,Nov 2021 to Jan 2022,C3),C3) Expired COEs,D,5,True
2021-10-COE_quota_for_Nov21_to_Jan_22.annex-a.pdf,Nov 2021 to Jan 2022,C3),C3) Expired COEs,E,7,True
2021-10-COE_quota_for_Nov21_to_Jan_22.annex-a.pdf,Nov 2021 to Jan 2022,C3),C3) Expired COEs,Total,15,True
2021-10-COE_quota_for_Nov21_to_Jan_22.annex-a.pdf,Nov 2021 to Jan 2022,(C),(C) Adjustments,A,0,False
2021-10-COE_quota_for_Nov21_to_Jan_22.annex-a.pdf,Nov 2021 to Jan 2022,(C),(C) Adjustments,B,3,False
2021-10-COE_quota_for_Nov21_to_Jan_22.annex-a.pdf,Nov 2021 to Jan 2022,(C),(C) Adjustments,C,-1322,False
2021-10-COE_quota_for_Nov21_to_Jan_22.annex-a.pdf,Nov 2021 to Jan 2022,(C),(C) Adjustments,D,5,False
2021-10-COE_quota_for_Nov21_to_Jan_22.annex-a.pdf,Nov 2021 to Jan 2022,(C),(C) Adjustments,E,-69,False
2021-10-COE_quota_for_Nov21_to_Jan_22.annex-a.pdf,Nov 2021 to Jan 2022,(C),(C) Adjustments,Total,-1383,False
2021-10-COE_quota_for_Nov21_to_Jan_22.annex-a.pdf,Nov 2021 to Jan 2022,Total Quota for Nov 2021 to Jan 2022,Total Quota for Nov 2021 to Jan 2022 Bidding Exercises (A + B + C),A,3190,False
2021-10-COE_quota_for_Nov21_to_Jan_22.annex-a.pdf,Nov 2021 to Jan 2022,Total Quota for Nov 2021 to Jan 2022,Total Quota for Nov 2021 to Jan 2022 Bidding Exercises (A + B + C),B,3521,False
2021-10-COE_quota_for_Nov21_to_Jan_22.annex-a.pdf,Nov 2021 to Jan 2022,Total Quota for Nov 2021 to Jan 2022,Total Quota for Nov 2021 to Jan 2022 Bidding Exercises (A + B + C),C,540,False
2021-10-COE_quota_for_Nov21_to_Jan_22.annex-a.pdf,Nov 2021 to Jan 2022,Total Quota for Nov 2021 to Jan 2022,Total Quota for Nov 2021 to Jan 2022 Bidding Exercises (A + B + C),D,2468,False
2021-10-COE_quota_for_Nov21_to_Jan_22.annex-a.pdf,Nov 2021 to Jan 2022,Total Quota for Nov 2021 to Jan 2022,Total Quota for Nov 2021 to Jan 2022 Bidding Exercises (A + B + C),E,871,False
2021-10-COE_quota_for_Nov21_to_Jan_22.annex-a.pdf,Nov 2021 to Jan 2022,Total Quota for Nov 2021 to Jan 2022,Total Quota for Nov 2021 to Jan 2022 Bidding Exercises (A + B + C),Total,10590,False
2021-10-COE_quota_for_Nov21_to_Jan_22.annex-a.pdf,Nov 2021 to Jan 2022,Average Monthly Quota for Nov 2021 to Jan 2022,Average Monthly Quota for Nov 2021 to Jan 2022 Bidding Exercises,A,1063,False
2021-10-COE_quota_for_Nov21_to_Jan_22.annex-a.pdf,Nov 2021 to Jan 2022,Average Monthly Quota for Nov 2021 to Jan 2022,Average Monthly Quota for Nov 2021 to Jan 2022 Bidding Exercises,B,1173,False
2021-10-COE_quota_for_Nov21_to_Jan_22.annex-a.pdf,Nov 2021 to Jan 2022,Average Monthly Quota for Nov 2021 to Jan 2022,Average Monthly Quota for Nov 2021 to Jan 2022 Bidding Exercises,C,180,False
2021-10-COE_quota_for_Nov21_to_Jan_22.annex-a.pdf,Nov 2021 to Jan 2022,Average Monthly Quota for Nov 2021 to Jan 2022,Average Monthly Quota for Nov 2021 to Jan 2022 Bidding Exercises,D,822,False
2021-10-COE_quota_for_Nov21_to_Jan_22.annex-a.pdf,Nov 2021 to Jan 2022,Average Monthly Quota for Nov 2021 to Jan 2022,Average Monthly Quota for Nov 2021 to Jan 2022 Bidding Exercises,E,290,False
2021-10-COE_quota_for_Nov21_to_Jan_22.annex-a.pdf,Nov 2021 to Jan 2022,Average Monthly Quota for Nov 2021 to Jan 2022,Average Monthly Quota for Nov 2021 to Jan 2022 Bidding Exercises,Total,3528,False
2021-04-COE_quota_for_May_to_Jul_21.annex-a.pdf,May 2021 to Jul 2021,A1),A1) Vehicle Population as at 31 Dec 2020,A,319137,False
2021-04-COE_quota_for_May_to_Jul_21.annex-a.pdf,May 2021 to Jul 2021,A1),A1) Vehicle Population as at 31 Dec 2020,B,314417,False
2021-04-COE_quota_for_May_to_Jul_21.annex-a.pdf,May 2021 to Jul 2021,A1),A1) Vehicle Population as at 31 Dec 2020,C,151139,False
2021-04-COE_quota_for_May_to_Jul_21.annex-a.pdf,May 2021 to Jul 2021,A1),A1) Vehicle Population as at 31 Dec 2020,D,140720,False
2021-04-COE_quota_for_May_to_Jul_21.annex-a.pdf,May 2021 to Jul 2021,A1),A1) Vehicle Population as at 31 Dec 2020,E,0,False
2021-04-COE_quota_for_May_to_Jul_21.annex-a.pdf,May 2021 to Jul 2021,A1),A1) Vehicle Population as at 31 Dec 2020,Total,925413,False
2021-04-COE_quota_for_May_to_Jul_21.annex-a.pdf,May 2021 to Jul 2021,A2),A2) Net Increase allowed per quarter [Cat C Only] [0.25% x vehicle population / 4],A,0,False
2021-04-COE_quota_for_May_to_Jul_21.annex-a.pdf,May 2021 to Jul 2021,A2),A2) Net Increase allowed per quarter [Cat C Only] [0.25% x vehicle population / 4],B,0,False
2021-04-COE_quota_for_May_to_Jul_21.annex-a.pdf,May 2021 to Jul 2021,A2),A2) Net Increase allowed per quarter [Cat C Only] [0.25% x vehicle population / 4],C,94,False
2021-04-COE_quota_for_May_to_Jul_21.annex-a.pdf,May 2021 to Jul 2021,A2),A2) Net Increase allowed per quarter [Cat C Only] [0.25% x vehicle population / 4],D,0,False
2021-04-COE_quota_for_May_to_Jul_21.annex-a.pdf,May 2021 to Jul 2021,A2),A2) Net Increase allowed per quarter [Cat C Only] [0.25% x vehicle population / 4],E,0,False
2021-04-COE_quota_for_May_to_Jul_21.annex-a.pdf,May 2021 to Jul 2021,A2),A2) Net Increase allowed per quarter [Cat C Only] [0.25% x vehicle population / 4],Total,94,False
2021-04-COE_quota_for_May_to_Jul_21.annex-a.pdf,May 2021 to Jul 2021,(A),(A) Increase in Vehicle Population,A,0,False
2021-04-COE_quota_for_May_to_Jul_21.annex-a.pdf,May 2021 to Jul 2021,(A),(A) Increase in Vehicle Population,B,0,False
2021-04-COE_quota_for_May_to_Jul_21.annex-a.pdf,May 2021 to Jul 2021,(A),(A) Increase in Vehicle Population,C,94,False
2021-04-COE_quota_for_May_to_Jul_21.annex-a.pdf,May 2021 to Jul 2021,(A),(A) Increase in Vehicle Population,D,0,False
2021-04-COE_quota_for_May_to_Jul_21.annex-a.pdf,May 2021 to Jul 2021,(A),(A) Increase in Vehicle Population,E,0,False
2021-04-COE_quota_for_May_to_Jul_21.annex-a.pdf,May 2021 to Jul 2021,(A),(A) Increase in Vehicle Population,Total,94,False
2021-04-COE_quota_for_May_to_Jul_21.annex-a.pdf,May 2021 to Jul 2021,B1),B1) Total vehicle deregistrations from Jan 2021 to Mar 2021,A,4569,False
2021-04-COE_quota_for_May_to_Jul_21.annex-a.pdf,May 2021 to Jul 2021,B1),B1) Total vehicle deregistrations from Jan 2021 to Mar 2021,B,4429,False
2021-04-COE_quota_for_May_to_Jul_21.annex-a.pdf,May 2021 to Jul 2021,B1),B1) Total vehicle deregistrations from Jan 2021 to Mar 2021,C,2300,False
2021-04-COE_quota_for_May_to_Jul_21.annex-a.pdf,May 2021 to Jul 2021,B1),B1) Total vehicle deregistrations from Jan 2021 to Mar 2021,D,3071,False
2021-04-COE_quota_for_May_to_Jul_21.annex-a.pdf,May 2021 to Jul 2021,B1),B1) Total vehicle deregistrations from Jan 2021 to Mar 2021,E,0,False
2021-04-COE_quota_for_May_to_Jul_21.annex-a.pdf,May 2021 to Jul 2021,B1),B1) Total vehicle deregistrations from Jan 2021 to Mar 2021,Total,14369,False
2021-04-COE_quota_for_May_to_Jul_21.annex-a.pdf,May 2021 to Jul 2021,B2),B2) Contribution of deregistrations to Category E (10% of B1),A,-456,False
2021-04-COE_quota_for_May_to_Jul_21.annex-a.pdf,May 2021 to Jul 2021,B2),B2) Contribution of deregistrations to Category E (10% of B1),B,-442,False
2021-04-COE_quota_for_May_to_Jul_21.annex-a.pdf,May 2021 to Jul 2021,B2),B2) Contribution of deregistrations to Category E (10% of B1),C,-230,False
2021-04-COE_quota_for_May_to_Jul_21.annex-a.pdf,May 2021 to Jul 2021,B2),B2) Contribution of deregistrations to Category E (10% of B1),D,0,False
2021-04-COE_quota_for_May_to_Jul_21.annex-a.pdf,May 2021 to Jul 2021,B2),B2) Contribution of deregistrations to Category E (10% of B1),E,1128,False
2021-04-COE_quota_for_May_to_Jul_21.annex-a.pdf,May 2021 to Jul 2021,B2),B2) Contribution of deregistrations to Category E (10% of B1),Total,0,False
2021-04-COE_quota_for_May_to_Jul_21.annex-a.pdf,May 2021 to Jul 2021,(B),(B) Replacements of Deregistered Vehicles,A,4113,False
2021-04-COE_quota_for_May_to_Jul_21.annex-a.pdf,May 2021 to Jul 2021,(B),(B) Replacements of Deregistered Vehicles,B,3987,False
2021-04-COE_quota_for_May_to_Jul_21.annex-a.pdf,May 2021 to Jul 2021,(B),(B) Replacements of Deregistered Vehicles,C,2070,False
2021-04-COE_quota_for_May_to_Jul_21.annex-a.pdf,May 2021 to Jul 2021,(B),(B) Replacements of Deregistered Vehicles,D,3071,False
2021-04-COE_quota_for_May_to_Jul_21.annex-a.pdf,May 2021 to Jul 2021,(B),(B) Replacements of Deregistered Vehicles,E,1128,False
2021-04-COE_quota_for_May_to_Jul_21.annex-a.pdf,May 2021 to Jul 2021,(B),(B) Replacements of Deregistered Vehicles,Total,14369,False
2021-04-COE_quota_for_May_to_Jul_21.annex-a.pdf,May 2021 to Jul 2021,C1),C1) Adjustments for change in taxi population,A,0,False
2021-04-COE_quota_for_May_to_Jul_21.annex-a.pdf,May 2021 to Jul 2021,C1),C1) Adjustments for change in taxi population,B,0,False
2021-04-COE_quota_for_May_to_Jul_21.annex-a.pdf,May 2021 to Jul 2021,C1),C1) Adjustments for change in taxi population,C,0,False
2021-04-COE_quota_for_May_to_Jul_21.annex-a.pdf,May 2021 to Jul 2021,C1),C1) Adjustments for change in taxi population,D,0,False
2021-04-COE_quota_for_May_to_Jul_21.annex-a.pdf,May 2021 to Jul 2021,C1),C1) Adjustments for change in taxi population,E,300,False
2021-04-COE_quota_for_May_to_Jul_21.annex-a.pdf,May 2021 to Jul 2021,C1),C1) Adjustments for change in taxi population,Total,300,False
2021-04-COE_quota_for_May_to_Jul_21.annex-a.pdf,May 2021 to Jul 2021,C2),C2) Adjustments for replacements under Early Turnover Scheme,A,0,False
2021-04-COE_quota_for_May_to_Jul_21.annex-a.pdf,May 2021 to Jul 2021,C2),C2) Adjustments for replacements under Early Turnover Scheme,B,0,False
2021-04-COE_quota_for_May_to_Jul_21.annex-a.pdf,May 2021 to Jul 2021,C2),C2) Adjustments for replacements under Early Turnover Scheme,C,-1535,False
2021-04-COE_quota_for_May_to_Jul_21.annex-a.pdf,May 2021 to Jul 2021,C2),C2) Adjustments for replacements under Early Turnover Scheme,D,0,False
2021-04-COE_quota_for_May_to_Jul_21.annex-a.pdf,May 2021 to Jul 2021,C2),C2) Adjustments for replacements under Early Turnover Scheme,E,-171,False
2021-04-COE_quota_for_May_to_Jul_21.annex-a.pdf,May 2021 to Jul 2021,C2),C2) Adjustments for replacements under Early Turnover Scheme,Total,-1706,False
2021-04-COE_quota_for_May_to_Jul_21.annex-a.pdf,May 2021 to Jul 2021,C3),C3) Expired COEs,A,1,False
2021-04-COE_quota_for_May_to_Jul_21.annex-a.pdf,May 2021 to Jul 2021,C3),C3) Expired COEs,B,5,False
2021-04-COE_quota_for_May_to_Jul_21.annex-a.pdf,May 2021 to Jul 2021,C3),C3) Expired COEs,C,0,False
2021-04-COE_quota_for_May_to_Jul_21.annex-a.pdf,May 2021 to Jul 2021,C3),C3) Expired COEs,D,56,False
2021-04-COE_quota_for_May_to_Jul_21.annex-a.pdf,May 2021 to Jul 2021,C3),C3) Expired COEs,E,1,False
2021-04-COE_quota_for_May_to_Jul_21.annex-a.pdf,May 2021 to Jul 2021,C3),C3) Expired COEs,Total,63,False
2021-04-COE_quota_for_May_to_Jul_21.annex-a.pdf,May 2021 to Jul 2021,(C),(C) Adjustments,A,1,False
2021-04-COE_quota_for_May_to_Jul_21.annex-a.pdf,May 2021 to Jul 2021,(C),(C) Adjustments,B,5,False
2021-04-COE_quota_for_May_to_Jul_21.annex-a.pdf,May 2021 to Jul 2021,(C),(C) Adjustments,C,-1535,False
2021-04-COE_quota_for_May_to_Jul_21.annex-a.pdf,May 2021 to Jul 2021,(C),(C) Adjustments,D,56,False
2021-04-COE_quota_for_May_to_Jul_21.annex-a.pdf,May 2021 to Jul 2021,(C),(C) Adjustments,E,130,False
2021-04-COE_quota_for_May_to_Jul_21.annex-a.pdf,May 2021 to Jul 2021,(C),(C) Adjustments,Total,-1343,False
2021-04-COE_quota_for_May_to_Jul_21.annex-a.pdf,May 2021 to Jul 2021,D1),D1) Total Quota for May 2021 to Jul 2021 Bidding Exercises (A + B + C),A,4114,False
2021-04-COE_quota_for_May_to_Jul_21.annex-a.pdf,May 2021 to Jul 2021,D1),D1) Total Quota for May 2021 to Jul 2021 Bidding Exercises (A + B + C),B,3992,False
2021-04-COE_quota_for_May_to_Jul_21.annex-a.pdf,May 2021 to Jul 2021,D1),D1) Total Quota for May 2021 to Jul 2021 Bidding Exercises (A + B + C),C,629,False
2021-04-COE_quota_for_May_to_Jul_21.annex-a.pdf,May 2021 to Jul 2021,D1),D1) Total Quota for May 2021 to Jul 2021 Bidding Exercises (A + B + C),D,3127,False
2021-04-COE_quota_for_May_to_Jul_21.annex-a.pdf,May 2021 to Jul 2021,D1),D1) Total Quota for May 2021 to Jul 2021 Bidding Exercises (A + B + C),E,1258,False
2021-04-COE_quota_for_May_to_Jul_21.annex-a.pdf,May 2021 to Jul 2021,D1),D1) Total Quota for May 2021 to Jul 2021 Bidding Exercises (A + B + C),Total,13120,False
2021-04-COE_quota_for_May_to_Jul_21.annex-a.pdf,May 2021 to Jul 2021,D2),"D2) Redistribution of quota from suspended Apr 2020, May 2020 and Jun 2020 bidding exercises for May 2021 to Jul 2021 bidding exercises",A,859,False
2021-04-COE_quota_for_May_to_Jul_21.annex-a.pdf,May 2021 to Jul 2021,D2),"D2) Redistribution of quota from suspended Apr 2020, May 2020 and Jun 2020 bidding exercises for May 2021 to Jul 2021 bidding exercises",B,864,False
2021-04-COE_quota_for_May_to_Jul_21.annex-a.pdf,May 2021 to Jul 2021,D2),"D2) Redistribution of quota from suspended Apr 2020, May 2020 and Jun 2020 bidding exercises for May 2021 to Jul 2021 bidding exercises",C,314,False
2021-04-COE_quota_for_May_to_Jul_21.annex-a.pdf,May 2021 to Jul 2021,D2),"D2) Redistribution of quota from suspended Apr 2020, May 2020 and Jun 2020 bidding exercises for May 2021 to Jul 2021 bidding exercises",D,559,False
2021-04-COE_quota_for_May_to_Jul_21.annex-a.pdf,May 2021 to Jul 2021,D2),"D2) Redistribution of quota from suspended Apr 2020, May 2020 and Jun 2020 bidding exercises for May 2021 to Jul 2021 bidding exercises",E,294,False
2021-04-COE_quota_for_May_to_Jul_21.annex-a.pdf,May 2021 to Jul 2021,D2),"D2) Redistribution of quota from suspended Apr 2020, May 2020 and Jun 2020 bidding exercises for May 2021 to Jul 2021 bidding exercises",Total,2890,False
2021-04-COE_quota_for_May_to_Jul_21.annex-a.pdf,May 2021 to Jul 2021,(D),(D) Total Quota for May 2021 to Jul 2021 Bidding Exercises (D1 + D2),A,4973,False
2021-04-COE_quota_for_May_to_Jul_21.annex-a.pdf,May 2021 to Jul 2021,(D),(D) Total Quota for May 2021 to Jul 2021 Bidding Exercises (D1 + D2),B,4856,False
2021-04-COE_quota_for_May_to_Jul_21.annex-a.pdf,May 2021 to Jul 2021,(D),(D) Total Quota for May 2021 to Jul 2021 Bidding Exercises (D1 + D2),C,943,False
2021-04-COE_quota_for_May_to_Jul_21.annex-a.pdf,May 2021 to Jul 2021,(D),(D) Total Quota for May 2021 to Jul 2021 Bidding Exercises (D1 + D2),D,3686,False
2021-04-COE_quota_for_May_to_Jul_21.annex-a.pdf,May 2021 to Jul 2021,(D),(D) Total Quota for May 2021 to Jul 2021 Bidding Exercises (D1 + D2),E,1552,False
2021-04-COE_quota_for_May_to_Jul_21.annex-a.pdf,May 2021 to Jul 2021,(D),(D) Total Quota for May 2021 to Jul 2021 Bidding Exercises (D1 + D2),Total,16010,False
2021-04-COE_quota_for_May_to_Jul_21.annex-a.pdf,May 2021 to Jul 2021,Average Monthly Quota for May 2021 to Jul 2021,Average Monthly Quota for May 2021 to Jul 2021 Bidding Exercises,A,1657,False
2021-04-COE_quota_for_May_to_Jul_21.annex-a.pdf,May 2021 to Jul 2021,Average Monthly Quota for May 2021 to Jul 2021,Average Monthly Quota for May 2021 to Jul 2021 Bidding Exercises,B,1618,False
2021-04-COE_quota_for_May_to_Jul_21.annex-a.pdf,May 2021 to Jul 2021,Average Monthly Quota for May 2021 to Jul 2021,Average Monthly Quota for May 2021 to Jul 2021 Bidding Exercises,C,314,False
2021-04-COE_quota_for_May_to_Jul_21.annex-a.pdf,May 2021 to Jul 2021,Average Monthly Quota for May 2021 to Jul 2021,Average Monthly Quota for May 2021 to Jul 2021 Bidding Exercises,D,1228,False
2021-04-COE_quota_for_May_to_Jul_21.annex-a.pdf,May 2021 to Jul 2021,Average Monthly Quota for May 2021 to Jul 2021,Average Monthly Quota for May 2021 to Jul 2021 Bidding Exercises,E,517,False
2021-04-COE_quota_for_May_to_Jul_21.annex-a.pdf,May 2021 to Jul 2021,Average Monthly Quota for May 2021 to Jul 2021,Average Monthly Quota for May 2021 to Jul 2021 Bidding Exercises,Total,5334,False
2021-04-COE_quota_for_May_to_Jul_21.annex-a.pdf,May 2021 to Jul 2021,Monthly Quota for Feb 2021 to Apr 2021,Monthly Quota for Feb 2021 to Apr 2021 Bidding Exercises,A,1766,False
2021-04-COE_quota_for_May_to_Jul_21.annex-a.pdf,May 2021 to Jul 2021,Monthly Quota for Feb 2021 to Apr 2021,Monthly Quota for Feb 2021 to Apr 2021 Bidding Exercises,B,1883,False
2021-04-COE_quota_for_May_to_Jul_21.annex-a.pdf,May 2021 to Jul 2021,Monthly Quota for Feb 2021 to Apr 2021,Monthly Quota for Feb 2021 to Apr 2021 Bidding Exercises,C,511,False
2021-04-COE_quota_for_May_to_Jul_21.annex-a.pdf,May 2021 to Jul 2021,Monthly Quota for Feb 2021 to Apr 2021,Monthly Quota for Feb 2021 to Apr 2021 Bidding Exercises,D,1083,False
2021-04-COE_quota_for_May_to_Jul_21.annex-a.pdf,May 2021 to Jul 2021,Monthly Quota for Feb 2021 to Apr 2021,Monthly Quota for Feb 2021 to Apr 2021 Bidding Exercises,E,592,False
2021-04-COE_quota_for_May_to_Jul_21.annex-a.pdf,May 2021 to Jul 2021,Monthly Quota for Feb 2021 to Apr 2021,Monthly Quota for Feb 2021 to Apr 2021 Bidding Exercises,Total,5835,False
2021-07-coe-quota-aug-2021-oct-2021.annex-a.pdf,Aug 2021 to Oct 2021,A1),A1) Vehicle population as at 31 Dec 2020,A,319137,False
2021-07-coe-quota-aug-2021-oct-2021.annex-a.pdf,Aug 2021 to Oct 2021,A1),A1) Vehicle population as at 31 Dec 2020,B,314417,False
2021-07-coe-quota-aug-2021-oct-2021.annex-a.pdf,Aug 2021 to Oct 2021,A1),A1) Vehicle population as at 31 Dec 2020,C,151139,False
2021-07-coe-quota-aug-2021-oct-2021.annex-a.pdf,Aug 2021 to Oct 2021,A1),A1) Vehicle population as at 31 Dec 2020,D,140720,False
2021-07-coe-quota-aug-2021-oct-2021.annex-a.pdf,Aug 2021 to Oct 2021,A1),A1) Vehicle population as at 31 Dec 2020,E,0,False
2021-07-coe-quota-aug-2021-oct-2021.annex-a.pdf,Aug 2021 to Oct 2021,A1),A1) Vehicle population as at 31 Dec 2020,Total,925413,False
2021-07-coe-quota-aug-2021-oct-2021.annex-a.pdf,Aug 2021 to Oct 2021,A2),A2) Net increase allowed per quarter [Cat C Only] [0.25% x vehicle population / 4],A,0,False
2021-07-coe-quota-aug-2021-oct-2021.annex-a.pdf,Aug 2021 to Oct 2021,A2),A2) Net increase allowed per quarter [Cat C Only] [0.25% x vehicle population / 4],B,0,False
2021-07-coe-quota-aug-2021-oct-2021.annex-a.pdf,Aug 2021 to Oct 2021,A2),A2) Net increase allowed per quarter [Cat C Only] [0.25% x vehicle population / 4],C,94,False
2021-07-coe-quota-aug-2021-oct-2021.annex-a.pdf,Aug 2021 to Oct 2021,A2),A2) Net increase allowed per quarter [Cat C Only] [0.25% x vehicle population / 4],D,0,False
2021-07-coe-quota-aug-2021-oct-2021.annex-a.pdf,Aug 2021 to Oct 2021,A2),A2) Net increase allowed per quarter [Cat C Only] [0.25% x vehicle population / 4],E,0,False
2021-07-coe-quota-aug-2021-oct-2021.annex-a.pdf,Aug 2021 to Oct 2021,A2),A2) Net increase allowed per quarter [Cat C Only] [0.25% x vehicle population / 4],Total,94,False
2021-07-coe-quota-aug-2021-oct-2021.annex-a.pdf,Aug 2021 to Oct 2021,(A),(A) Increase in Vehicle Population,A,0,False
2021-07-coe-quota-aug-2021-oct-2021.annex-a.pdf,Aug 2021 to Oct 2021,(A),(A) Increase in Vehicle Population,B,0,False
2021-07-coe-quota-aug-2021-oct-2021.annex-a.pdf,Aug 2021 to Oct 2021,(A),(A) Increase in Vehicle Population,C,94,False
2021-07-coe-quota-aug-2021-oct-2021.annex-a.pdf,Aug 2021 to Oct 2021,(A),(A) Increase in Vehicle Population,D,0,False
2021-07-coe-quota-aug-2021-oct-2021.annex-a.pdf,Aug 2021 to Oct 2021,(A),(A) Increase in Vehicle Population,E,0,False
2021-07-coe-quota-aug-2021-oct-2021.annex-a.pdf,Aug 2021 to Oct 2021,(A),(A) Increase in Vehicle Population,Total,94,False
2021-07-coe-quota-aug-2021-oct-2021.annex-a.pdf,Aug 2021 to Oct 2021,B1),B1) Total vehicle de-registrations from Apr 2021 to Jun 2021,A,5343,False
2021-07-coe-quota-aug-2021-oct-2021.annex-a.pdf,Aug 2021 to Oct 2021,B1),B1) Total vehicle de-registrations from Apr 2021 to Jun 2021,B,5125,False
2021-07-coe-quota-aug-2021-oct-2021.annex-a.pdf,Aug 2021 to Oct 2021,B1),B1) Total vehicle de-registrations from Apr 2021 to Jun 2021,C,2041,False
2021-07-coe-quota-aug-2021-oct-2021.annex-a.pdf,Aug 2021 to Oct 2021,B1),B1) Total vehicle de-registrations from Apr 2021 to Jun 2021,D,2658,False
2021-07-coe-quota-aug-2021-oct-2021.annex-a.pdf,Aug 2021 to Oct 2021,B1),B1) Total vehicle de-registrations from Apr 2021 to Jun 2021,E,0,False
2021-07-coe-quota-aug-2021-oct-2021.annex-a.pdf,Aug 2021 to Oct 2021,B1),B1) Total vehicle de-registrations from Apr 2021 to Jun 2021,Total,15167,False
2021-07-coe-quota-aug-2021-oct-2021.annex-a.pdf,Aug 2021 to Oct 2021,B2),B2) Contribution of deregistrations to Category E (10% of B1),A,-534,False
2021-07-coe-quota-aug-2021-oct-2021.annex-a.pdf,Aug 2021 to Oct 2021,B2),B2) Contribution of deregistrations to Category E (10% of B1),B,-512,False
2021-07-coe-quota-aug-2021-oct-2021.annex-a.pdf,Aug 2021 to Oct 2021,B2),B2) Contribution of deregistrations to Category E (10% of B1),C,-204,False
2021-07-coe-quota-aug-2021-oct-2021.annex-a.pdf,Aug 2021 to Oct 2021,B2),B2) Contribution of deregistrations to Category E (10% of B1),D,0,False
2021-07-coe-quota-aug-2021-oct-2021.annex-a.pdf,Aug 2021 to Oct 2021,B2),B2) Contribution of deregistrations to Category E (10% of B1),E,1250,False
2021-07-coe-quota-aug-2021-oct-2021.annex-a.pdf,Aug 2021 to Oct 2021,B2),B2) Contribution of deregistrations to Category E (10% of B1),Total,0,False
2021-07-coe-quota-aug-2021-oct-2021.annex-a.pdf,Aug 2021 to Oct 2021,(B),(B) Replacements of Deregistered Vehicles,A,4809,False
2021-07-coe-quota-aug-2021-oct-2021.annex-a.pdf,Aug 2021 to Oct 2021,(B),(B) Replacements of Deregistered Vehicles,B,4613,False
2021-07-coe-quota-aug-2021-oct-2021.annex-a.pdf,Aug 2021 to Oct 2021,(B),(B) Replacements of Deregistered Vehicles,C,1837,False
2021-07-coe-quota-aug-2021-oct-2021.annex-a.pdf,Aug 2021 to Oct 2021,(B),(B) Replacements of Deregistered Vehicles,D,2658,False
2021-07-coe-quota-aug-2021-oct-2021.annex-a.pdf,Aug 2021 to Oct 2021,(B),(B) Replacements of Deregistered Vehicles,E,1250,False
2021-07-coe-quota-aug-2021-oct-2021.annex-a.pdf,Aug 2021 to Oct 2021,(B),(B) Replacements of Deregistered Vehicles,Total,15167,False
2021-07-coe-quota-aug-2021-oct-2021.annex-a.pdf,Aug 2021 to Oct 2021,C1),C1) Adjustments for change in taxi population,A,0,False
2021-07-coe-quota-aug-2021-oct-2021.annex-a.pdf,Aug 2021 to Oct 2021,C1),C1) Adjustments for change in taxi population,B,0,False
2021-07-coe-quota-aug-2021-oct-2021.annex-a.pdf,Aug 2021 to Oct 2021,C1),C1) Adjustments for change in taxi population,C,0,False
2021-07-coe-quota-aug-2021-oct-2021.annex-a.pdf,Aug 2021 to Oct 2021,C1),C1) Adjustments for change in taxi population,D,0,False
2021-07-coe-quota-aug-2021-oct-2021.annex-a.pdf,Aug 2021 to Oct 2021,C1),C1) Adjustments for change in taxi population,E,71,False
2021-07-coe-quota-aug-2021-oct-2021.annex-a.pdf,Aug 2021 to Oct 2021,C1),C1) Adjustments for change in taxi population,Total,71,False
2021-07-coe-quota-aug-2021-oct-2021.annex-a.pdf,Aug 2021 to Oct 2021,C2),C2) Adjustments for replacements under Early Turnover Scheme,A,0,False
2021-07-coe-quota-aug-2021-oct-2021.annex-a.pdf,Aug 2021 to Oct 2021,C2),C2) Adjustments for replacements under Early Turnover Scheme,B,0,False
2021-07-coe-quota-aug-2021-oct-2021.annex-a.pdf,Aug 2021 to Oct 2021,C2),C2) Adjustments for replacements under Early Turnover Scheme,C,-1242,False
2021-07-coe-quota-aug-2021-oct-2021.annex-a.pdf,Aug 2021 to Oct 2021,C2),C2) Adjustments for replacements under Early Turnover Scheme,D,0,False
2021-07-coe-quota-aug-2021-oct-2021.annex-a.pdf,Aug 2021 to Oct 2021,C2),C2) Adjustments for replacements under Early Turnover Scheme,E,-139,False
2021-07-coe-quota-aug-2021-oct-2021.annex-a.pdf,Aug 2021 to Oct 2021,C2),C2) Adjustments for replacements under Early Turnover Scheme,Total,-1381,False
2021-07-coe-quota-aug-2021-oct-2021.annex-a.pdf,Aug 2021 to Oct 2021,C3),C3) Expired COEs,A,6,False
2021-07-coe-quota-aug-2021-oct-2021.annex-a.pdf,Aug 2021 to Oct 2021,C3),C3) Expired COEs,B,12,False
2021-07-coe-quota-aug-2021-oct-2021.annex-a.pdf,Aug 2021 to Oct 2021,C3),C3) Expired COEs,C,3,False
2021-07-coe-quota-aug-2021-oct-2021.annex-a.pdf,Aug 2021 to Oct 2021,C3),C3) Expired COEs,D,10,False
2021-07-coe-quota-aug-2021-oct-2021.annex-a.pdf,Aug 2021 to Oct 2021,C3),C3) Expired COEs,E,2,False
2021-07-coe-quota-aug-2021-oct-2021.annex-a.pdf,Aug 2021 to Oct 2021,C3),C3) Expired COEs,Total,33,False
2021-07-coe-quota-aug-2021-oct-2021.annex-a.pdf,Aug 2021 to Oct 2021,(C),(C) Adjustments,A,6,False
2021-07-coe-quota-aug-2021-oct-2021.annex-a.pdf,Aug 2021 to Oct 2021,(C),(C) Adjustments,B,12,False
2021-07-coe-quota-aug-2021-oct-2021.annex-a.pdf,Aug 2021 to Oct 2021,(C),(C) Adjustments,C,-1239,False
2021-07-coe-quota-aug-2021-oct-2021.annex-a.pdf,Aug 2021 to Oct 2021,(C),(C) Adjustments,D,10,False
2021-07-coe-quota-aug-2021-oct-2021.annex-a.pdf,Aug 2021 to Oct 2021,(C),(C) Adjustments,E,-66,False
2021-07-coe-quota-aug-2021-oct-2021.annex-a.pdf,Aug 2021 to Oct 2021,(C),(C) Adjustments,Total,-1277,False
2021-07-coe-quota-aug-2021-oct-2021.annex-a.pdf,Aug 2021 to Oct 2021,Total Quota for Aug 2021 to Oct 2021,Total Quota for Aug 2021 to Oct 2021 Bidding Exercises (A + B + C),A,4815,False
2021-07-coe-quota-aug-2021-oct-2021.annex-a.pdf,Aug 2021 to Oct 2021,Total Quota for Aug 2021 to Oct 2021,Total Quota for Aug 2021 to Oct 2021 Bidding Exercises (A + B + C),B,4625,False
2021-07-coe-quota-aug-2021-oct-2021.annex-a.pdf,Aug 2021 to Oct 2021,Total Quota for Aug 2021 to Oct 2021,Total Quota for Aug 2021 to Oct 2021 Bidding Exercises (A + B + C),C,692,False
2021-07-coe-quota-aug-2021-oct-2021.annex-a.pdf,Aug 2021 to Oct 2021,Total Quota for Aug 2021 to Oct 2021,Total Quota for Aug 2021 to Oct 2021 Bidding Exercises (A + B + C),D,2668,False
2021-07-coe-quota-aug-2021-oct-2021.annex-a.pdf,Aug 2021 to Oct 2021,Total Quota for Aug 2021 to Oct 2021,Total Quota for Aug 2021 to Oct 2021 Bidding Exercises (A + B + C),E,1184,False
2021-07-coe-quota-aug-2021-oct-2021.annex-a.pdf,Aug 2021 to Oct 2021,Total Quota for Aug 2021 to Oct 2021,Total Quota for Aug 2021 to Oct 2021 Bidding Exercises (A + B + C),Total,13984,False
2021-07-coe-quota-aug-2021-oct-2021.annex-a.pdf,Aug 2021 to Oct 2021,Average Monthly Quota for Aug 2021 to Oct 2021,Average Monthly Quota for Aug 2021 to Oct 2021 Bidding Exercises,A,1605,False
2021-07-coe-quota-aug-2021-oct-2021.annex-a.pdf,Aug 2021 to Oct 2021,Average Monthly Quota for Aug 2021 to Oct 2021,Average Monthly Quota for Aug 2021 to Oct 2021 Bidding Exercises,B,1541,False
2021-07-coe-quota-aug-2021-oct-2021.annex-a.pdf,Aug 2021 to Oct 2021,Average Monthly Quota for Aug 2021 to Oct 2021,Average Monthly Quota for Aug 2021 to Oct 2021 Bidding Exercises,C,230,False
2021-07-coe-quota-aug-2021-oct-2021.annex-a.pdf,Aug 2021 to Oct 2021,Average Monthly Quota for Aug 2021 to Oct 2021,Average Monthly Quota for Aug 2021 to Oct 2021 Bidding Exercises,D,889,False
2021-07-coe-quota-aug-2021-oct-2021.annex-a.pdf,Aug 2021 to Oct 2021,Average Monthly Quota for Aug 2021 to Oct 2021,Average Monthly Quota for Aug 2021 to Oct 2021 Bidding Exercises,E,394,False
2021-07-coe-quota-aug-2021-oct-2021.annex-a.pdf,Aug 2021 to Oct 2021,Average Monthly Quota for Aug 2021 to Oct 2021,Average Monthly Quota for Aug 2021 to Oct 2021 Bidding Exercises,Total,4659,False
2021-07-coe-quota-aug-2021-oct-2021.annex-a.pdf,Aug 2021 to Oct 2021,Monthly Quota for May 2021 to Jul 2021,Monthly Quota for May 2021 to Jul 2021 Bidding Exercises,A,1657,False
2021-07-coe-quota-aug-2021-oct-2021.annex-a.pdf,Aug 2021 to Oct 2021,Monthly Quota for May 2021 to Jul 2021,Monthly Quota for May 2021 to Jul 2021 Bidding Exercises,B,1618,False
2021-07-coe-quota-aug-2021-oct-2021.annex-a.pdf,Aug 2021 to Oct 2021,Monthly Quota for May 2021 to Jul 2021,Monthly Quota for May 2021 to Jul 2021 Bidding Exercises,C,314,False
2021-07-coe-quota-aug-2021-oct-2021.annex-a.pdf,Aug 2021 to Oct 2021,Monthly Quota for May 2021 to Jul 2021,Monthly Quota for May 2021 to Jul 2021 Bidding Exercises,D,1228,False
2021-07-coe-quota-aug-2021-oct-2021.annex-a.pdf,Aug 2021 to Oct 2021,Monthly Quota for May 2021 to Jul 2021,Monthly Quota for May 2021 to Jul 2021 Bidding Exercises,E,517,False
2021-07-coe-quota-aug-2021-oct-2021.annex-a.pdf,Aug 2021 to Oct 2021,Monthly Quota for May 2021 to Jul 2021,Monthly Quota for May 2021 to Jul 2021 Bidding Exercises,Total,5334,False
2022-01-COE_quota_for_Feb22_to_Apr22.annex-a.pdf,Feb 2022 to Apr 2022,A1),A1) Vehicle population as at 31 Dec 2021,A,321500,False
2022-01-COE_quota_for_Feb22_to_Apr22.annex-a.pdf,Feb 2022 to Apr 2022,A1),A1) Vehicle population as at 31 Dec 2021,B,323174,False
2022-01-COE_quota_for_Feb22_to_Apr22.annex-a.pdf,Feb 2022 to Apr 2022,A1),A1) Vehicle population as at 31 Dec 2021,C,153841,False
2022-01-COE_quota_for_Feb22_to_Apr22.annex-a.pdf,Feb 2022 to Apr 2022,A1),A1) Vehicle population as at 31 Dec 2021,D,141533,False
2022-01-COE_quota_for_Feb22_to_Apr22.annex-a.pdf,Feb 2022 to Apr 2022,A1),A1) Vehicle population as at 31 Dec 2021,E,0,False
2022-01-COE_quota_for_Feb22_to_Apr22.annex-a.pdf,Feb 2022 to Apr 2022,A1),A1) Vehicle population as at 31 Dec 2021,Total,940048,False
2022-01-COE_quota_for_Feb22_to_Apr22.annex-a.pdf,Feb 2022 to Apr 2022,A2),A2) Net increase allowed per quarter [Cat C Only] [0.25% x vehicle population / 4],A,0,True
2022-01-COE_quota_for_Feb22_to_Apr22.annex-a.pdf,Feb 2022 to Apr 2022,A2),A2) Net increase allowed per quarter [Cat C Only] [0.25% x vehicle population / 4],B,0,True
2022-01-COE_quota_for_Feb22_to_Apr22.annex-a.pdf,Feb 2022 to Apr 2022,A2),A2) Net increase allowed per quarter [Cat C Only] [0.25% x vehicle population / 4],C,96,True
2022-01-COE_quota_for_Feb22_to_Apr22.annex-a.pdf,Feb 2022 to Apr 2022,A2),A2) Net increase allowed per quarter [Cat C Only] [0.25% x vehicle population / 4],D,0,True
2022-01-COE_quota_for_Feb22_to_Apr22.annex-a.pdf,Feb 2022 to Apr 2022,A2),A2) Net increase allowed per quarter [Cat C Only] [0.25% x vehicle population / 4],E,0,True
2022-01-COE_quota_for_Feb22_to_Apr22.annex-a.pdf,Feb 2022 to Apr 2022,A2),A2) Net increase allowed per quarter [Cat C Only] [0.25% x vehicle population / 4],Total,96,True
2022-01-COE_quota_for_Feb22_to_Apr22.annex-a.pdf,Feb 2022 to Apr 2022,(A),(A) Increase in Vehicle Population,A,0,False
2022-01-COE_quota_for_Feb22_to_Apr22.annex-a.pdf,Feb 2022 to Apr 2022,(A),(A) Increase in Vehicle Population,B,0,False
2022-01-COE_quota_for_Feb22_to_Apr22.annex-a.pdf,Feb 2022 to Apr 2022,(A),(A) Increase in Vehicle Population,C,96,False
2022-01-COE_quota_for_Feb22_to_Apr22.annex-a.pdf,Feb 2022 to Apr 2022,(A),(A) Increase in Vehicle Population,D,0,False
2022-01-COE_quota_for_Feb22_to_Apr22.annex-a.pdf,Feb 2022 to Apr 2022,(A),(A) Increase in Vehicle Population,E,0,False
2022-01-COE_quota_for_Feb22_to_Apr22.annex-a.pdf,Feb 2022 to Apr 2022,(A),(A) Increase in Vehicle Population,Total,96,False
2022-01-COE_quota_for_Feb22_to_Apr22.annex-a.pdf,Feb 2022 to Apr 2022,B1),B1) Total vehicle de-registrations from Oct 2021 to Dec 2021,A,3538,False
2022-01-COE_quota_for_Feb22_to_Apr22.annex-a.pdf,Feb 2022 to Apr 2022,B1),B1) Total vehicle de-registrations from Oct 2021 to Dec 2021,B,3660,False
2022-01-COE_quota_for_Feb22_to_Apr22.annex-a.pdf,Feb 2022 to Apr 2022,B1),B1) Total vehicle de-registrations from Oct 2021 to Dec 2021,C,1935,False
2022-01-COE_quota_for_Feb22_to_Apr22.annex-a.pdf,Feb 2022 to Apr 2022,B1),B1) Total vehicle de-registrations from Oct 2021 to Dec 2021,D,2423,False
2022-01-COE_quota_for_Feb22_to_Apr22.annex-a.pdf,Feb 2022 to Apr 2022,B1),B1) Total vehicle de-registrations from Oct 2021 to Dec 2021,E,0,False
2022-01-COE_quota_for_Feb22_to_Apr22.annex-a.pdf,Feb 2022 to Apr 2022,B1),B1) Total vehicle de-registrations from Oct 2021 to Dec 2021,Total,11556,False
2022-01-COE_quota_for_Feb22_to_Apr22.annex-a.pdf,Feb 2022 to Apr 2022,B2),B2) Contribution of deregistrations to Category E (10% of B1),A,-353,False
2022-01-COE_quota_for_Feb22_to_Apr22.annex-a.pdf,Feb 2022 to Apr 2022,B2),B2) Contribution of deregistrations to Category E (10% of B1),B,-366,False
2022-01-COE_quota_for_Feb22_to_Apr22.annex-a.pdf,Feb 2022 to Apr 2022,B2),B2) Contribution of deregistrations to Category E (10% of B1),C,-193,False
2022-01-COE_quota_for_Feb22_to_Apr22.annex-a.pdf,Feb 2022 to Apr 2022,B2),B2) Contribution of deregistrations to Category E (10% of B1),D,0,False
2022-01-COE_quota_for_Feb22_to_Apr22.annex-a.pdf,Feb 2022 to Apr 2022,B2),B2) Contribution of deregistrations to Category E (10% of B1),E,912,False
2022-01-COE_quota_for_Feb22_to_Apr22.annex-a.pdf,Feb 2022 to Apr 2022,B2),B2) Contribution of deregistrations to Category E (10% of B1),Total,0,False
2022-01-COE_quota_for_Feb22_to_Apr22.annex-a.pdf,Feb 2022 to Apr 2022,(B),(B) Replacements of Deregistered Vehicles,A,3185,False
2022-01-COE_quota_for_Feb22_to_Apr22.annex-a.pdf,Feb 2022 to Apr 2022,(B),(B) Replacements of Deregistered Vehicles,B,3294,False
2022-01-COE_quota_for_Feb22_to_Apr22.annex-a.pdf,Feb 2022 to Apr 2022,(B),(B) Replacements of Deregistered Vehicles,C,1742,False
2022-01-COE_quota_for_Feb22_to_Apr22.annex-a.pdf,Feb 2022 to Apr 2022,(B),(B) Replacements of Deregistered Vehicles,D,2423,False
2022-01-COE_quota_for_Feb22_to_Apr22.annex-a.pdf,Feb 2022 to Apr 2022,(B),(B) Replacements of Deregistered Vehicles,E,912,False
2022-01-COE_quota_for_Feb22_to_Apr22.annex-a.pdf,Feb 2022 to Apr 2022,(B),(B) Replacements of Deregistered Vehicles,Total,11556,False
2022-01-COE_quota_for_Feb22_to_Apr22.annex-a.pdf,Feb 2022 to Apr 2022,C1),C1) Adjustments for change in taxi population,A,0,True
2022-01-COE_quota_for_Feb22_to_Apr22.annex-a.pdf,Feb 2022 to Apr 2022,C1),C1) Adjustments for change in taxi population,B,0,True
2022-01-COE_quota_for_Feb22_to_Apr22.annex-a.pdf,Feb 2022 to Apr 2022,C1),C1) Adjustments for change in taxi population,C,0,True
2022-01-COE_quota_for_Feb22_to_Apr22.annex-a.pdf,Feb 2022 to Apr 2022,C1),C1) Adjustments for change in taxi population,D,0,True
2022-01-COE_quota_for_Feb22_to_Apr22.annex-a.pdf,Feb 2022 to Apr 2022,C1),C1) Adjustments for change in taxi population,E,324,True
2022-01-COE_quota_for_Feb22_to_Apr22.annex-a.pdf,Feb 2022 to Apr 2022,C1),C1) Adjustments for change in taxi population,Total,324,True
2022-01-COE_quota_for_Feb22_to_Apr22.annex-a.pdf,Feb 2022 to Apr 2022,C2),C2) Adjustments for replacements under Early Turnover Scheme,A,0,False
2022-01-COE_quota_for_Feb22_to_Apr22.annex-a.pdf,Feb 2022 to Apr 2022,C2),C2) Adjustments for replacements under Early Turnover Scheme,B,0,False
2022-01-COE_quota_for_Feb22_to_Apr22.annex-a.pdf,Feb 2022 to Apr 2022,C2),C2) Adjustments for replacements under Early Turnover Scheme,C,-1381,False
2022-01-COE_quota_for_Feb22_to_Apr22.annex-a.pdf,Feb 2022 to Apr 2022,C2),C2) Adjustments for replacements under Early Turnover Scheme,D,0,False
2022-01-COE_quota_for_Feb22_to_Apr22.annex-a.pdf,Feb 2022 to Apr 2022,C2),C2) Adjustments for replacements under Early Turnover Scheme,E,-154,False
2022-01-COE_quota_for_Feb22_to_Apr22.annex-a.pdf,Feb 2022 to Apr 2022,C2),C2) Adjustments for replacements under Early Turnover Scheme,Total,-1535,False
2022-01-COE_quota_for_Feb22_to_Apr22.annex-a.pdf,Feb 2022 to Apr 2022,C3),C3) Expired COEs,A,2,True
2022-01-COE_quota_for_Feb22_to_Apr22.annex-a.pdf,Feb 2022 to Apr 2022,C3),C3) Expired COEs,B,5,True
2022-01-COE_quota_for_Feb22_to_Apr22.annex-a.pdf,Feb 2022 to Apr 2022,C3),C3) Expired COEs,C,0,True
2022-01-COE_quota_for_Feb22_to_Apr22.annex-a.pdf,Feb 2022 to Apr 2022,C3),C3) Expired COEs,D,4,True
2022-01-COE_quota_for_Feb22_to_Apr22.annex-a.pdf,Feb 2022 to Apr 2022,C3),C3) Expired COEs,E,0,True
2022-01-COE_quota_for_Feb22_to_Apr22.annex-a.pdf,Feb 2022 to Apr 2022,C3),C3) Expired COEs,Total,11,True
2022-01-COE_quota_for_Feb22_to_Apr22.annex-a.pdf,Feb 2022 to Apr 2022,(C),(C) Adjustments,A,2,False
2022-01-COE_quota_for_Feb22_to_Apr22.annex-a.pdf,Feb 2022 to Apr 2022,(C),(C) Adjustments,B,5,False
2022-01-COE_quota_for_Feb22_to_Apr22.annex-a.pdf,Feb 2022 to Apr 2022,(C),(C) Adjustments,C,-1381,False
2022-01-COE_quota_for_Feb22_to_Apr22.annex-a.pdf,Feb 2022 to Apr 2022,(C),(C) Adjustments,D,4,False
2022-01-COE_quota_for_Feb22_to_Apr22.annex-a.pdf,Feb 2022 to Apr 2022,(C),(C) Adjustments,E,170,False
2022-01-COE_quota_for_Feb22_to_Apr22.annex-a.pdf,Feb 2022 to Apr 2022,(C),(C) Adjustments,Total,-1200,False
2022-01-COE_quota_for_Feb22_to_Apr22.annex-a.pdf,Feb 2022 to Apr 2022,Total Quota for Feb 2022 to Apr 2022,Total Quota for Feb 2022 to Apr 2022 Bidding Exercises (A + B + C),A,3187,False
2022-01-COE_quota_for_Feb22_to_Apr22.annex-a.pdf,Feb 2022 to Apr 2022,Total Quota for Feb 2022 to Apr 2022,Total Quota for Feb 2022 to Apr 2022 Bidding Exercises (A + B + C),B,3299,False
2022-01-COE_quota_for_Feb22_to_Apr22.annex-a.pdf,Feb 2022 to Apr 2022,Total Quota for Feb 2022 to Apr 2022,Total Quota for Feb 2022 to Apr 2022 Bidding Exercises (A + B + C),C,457,False
2022-01-COE_quota_for_Feb22_to_Apr22.annex-a.pdf,Feb 2022 to Apr 2022,Total Quota for Feb 2022 to Apr 2022,Total Quota for Feb 2022 to Apr 2022 Bidding Exercises (A + B + C),D,2427,False
2022-01-COE_quota_for_Feb22_to_Apr22.annex-a.pdf,Feb 2022 to Apr 2022,Total Quota for Feb 2022 to Apr 2022,Total Quota for Feb 2022 to Apr 2022 Bidding Exercises (A + B + C),E,1082,False
2022-01-COE_quota_for_Feb22_to_Apr22.annex-a.pdf,Feb 2022 to Apr 2022,Total Quota for Feb 2022 to Apr 2022,Total Quota for Feb 2022 to Apr 2022 Bidding Exercises (A + B + C),Total,10452,False
2022-01-COE_quota_for_Feb22_to_Apr22.annex-a.pdf,Feb 2022 to Apr 2022,Average Monthly Quota for Feb 2022 to Apr 2022,Average Monthly Quota for Feb 2022 to Apr 2022 Bidding Exercises,A,1062,False
2022-01-COE_quota_for_Feb22_to_Apr22.annex-a.pdf,Feb 2022 to Apr 2022,Average Monthly Quota for Feb 2022 to Apr 2022,Average Monthly Quota for Feb 2022 to Apr 2022 Bidding Exercises,B,1099,False
2022-01-COE_quota_for_Feb22_to_Apr22.annex-a.pdf,Feb 2022 to Apr 2022,Average Monthly Quota for Feb 2022 to Apr 2022,Average Monthly Quota for Feb 2022 to Apr 2022 Bidding Exercises,C,152,False
2022-01-COE_quota_for_Feb22_to_Apr22.annex-a.pdf,Feb 2022 to Apr 2022,Average Monthly Quota for Feb 2022 to Apr 2022,Average Monthly Quota for Feb 2022 to Apr 2022 Bidding Exercises,D,809,False
2022-01-COE_quota_for_Feb22_to_Apr22.annex-a.pdf,Feb 2022 to Apr 2022,Average Monthly Quota for Feb 2022 to Apr 2022,Average Monthly Quota for Feb 2022 to Apr 2022 Bidding Exercises,E,360,False
2022-01-COE_quota_for_Feb22_to_Apr22.annex-a.pdf,Feb 2022 to Apr 2022,Average Monthly Quota for Feb 2022 to Apr 2022,Average Monthly Quota for Feb 2022 to Apr 2022 Bidding Exercises,Total,3482,False
2022-01-COE_quota_for_Feb22_to_Apr22.annex-a.pdf,Feb 2022 to Apr 2022,Monthly Quota for Nov 2021 to Jan 2022,Monthly Quota for Nov 2021 to Jan 2022 Bidding Exercises,A,1063,False
2022-01-COE_quota_for_Feb22_to_Apr22.annex-a.pdf,Feb 2022 to Apr 2022,Monthly Quota for Nov 2021 to Jan 2022,Monthly Quota for Nov 2021 to Jan 2022 Bidding Exercises,B,1173,False
2022-01-COE_quota_for_Feb22_to_Apr22.annex-a.pdf,Feb 2022 to Apr 2022,Monthly Quota for Nov 2021 to Jan 2022,Monthly Quota for Nov 2021 to Jan 2022 Bidding Exercises,C,180,False
2022-01-COE_quota_for_Feb22_to_Apr22.annex-a.pdf,Feb 2022 to Apr 2022,Monthly Quota for Nov 2021 to Jan 2022,Monthly Quota for Nov 2021 to Jan 2022 Bidding Exercises,D,822,False
2022-01-COE_quota_for_Feb22_to_Apr22.annex-a.pdf,Feb 2022 to Apr 2022,Monthly Quota for Nov 2021 to Jan 2022,Monthly Quota for Nov 2021 to Jan 2022 Bidding Exercises,E,290,False
2022-01-COE_quota_for_Feb22_to_Apr22.annex-a.pdf,Feb 2022 to Apr 2022,Monthly Quota for Nov 2021 to Jan 2022,Monthly Quota for Nov 2021 to Jan 2022 Bidding Exercises,Total,3528,False
2022-10-COE_quota_for_Nov22_to_Jan23.annex-a.pdf,Nov 2022 to Jan 2023,A1),A1) Vehicle Population As at 31 Dec 2021,A,321500,False
2022-10-COE_quota_for_Nov22_to_Jan23.annex-a.pdf,Nov 2022 to Jan 2023,A1),A1) Vehicle Population As at 31 Dec 2021,B,323174,False
2022-10-COE_quota_for_Nov22_to_Jan23.annex-a.pdf,Nov 2022 to Jan 2023,A1),A1) Vehicle Population As at 31 Dec 2021,C,153841,False
2022-10-COE_quota_for_Nov22_to_Jan23.annex-a.pdf,Nov 2022 to Jan 2023,A1),A1) Vehicle Population As at 31 Dec 2021,D,141533,False
2022-10-COE_quota_for_Nov22_to_Jan23.annex-a.pdf,Nov 2022 to Jan 2023,A1),A1) Vehicle Population As at 31 Dec 2021,E,0,False
2022-10-COE_quota_for_Nov22_to_Jan23.annex-a.pdf,Nov 2022 to Jan 2023,A1),A1) Vehicle Population As at 31 Dec 2021,Total,940048,False
2022-10-COE_quota_for_Nov22_to_Jan23.annex-a.pdf,Nov 2022 to Jan 2023,A2),A2) Net Increase allowed per quarter [Cat C Only] [0.25% x vehicle population / 4],A,0,True
2022-10-COE_quota_for_Nov22_to_Jan23.annex-a.pdf,Nov 2022 to Jan 2023,A2),A2) Net Increase allowed per quarter [Cat C Only] [0.25% x vehicle population / 4],B,0,True
2022-10-COE_quota_for_Nov22_to_Jan23.annex-a.pdf,Nov 2022 to Jan 2023,A2),A2) Net Increase allowed per quarter [Cat C Only] [0.25% x vehicle population / 4],C,96,True
2022-10-COE_quota_for_Nov22_to_Jan23.annex-a.pdf,Nov 2022 to Jan 2023,A2),A2) Net Increase allowed per quarter [Cat C Only] [0.25% x vehicle population / 4],D,0,True
2022-10-COE_quota_for_Nov22_to_Jan23.annex-a.pdf,Nov 2022 to Jan 2023,A2),A2) Net Increase allowed per quarter [Cat C Only] [0.25% x vehicle population / 4],E,0,True
2022-10-COE_quota_for_Nov22_to_Jan23.annex-a.pdf,Nov 2022 to Jan 2023,A2),A2) Net Increase allowed per quarter [Cat C Only] [0.25% x vehicle population / 4],Total,96,True
2022-10-COE_quota_for_Nov22_to_Jan23.annex-a.pdf,Nov 2022 to Jan 2023,(A),(A) Increase in Vehicle Population,A,0,False
2022-10-COE_quota_for_Nov22_to_Jan23.annex-a.pdf,Nov 2022 to Jan 2023,(A),(A) Increase in Vehicle Population,B,0,False
2022-10-COE_quota_for_Nov22_to_Jan23.annex-a.pdf,Nov 2022 to Jan 2023,(A),(A) Increase in Vehicle Population,C,96,False
2022-10-COE_quota_for_Nov22_to_Jan23.annex-a.pdf,Nov 2022 to Jan 2023,(A),(A) Increase in Vehicle Population,D,0,False
2022-10-COE_quota_for_Nov22_to_Jan23.annex-a.pdf,Nov 2022 to Jan 2023,(A),(A) Increase in Vehicle Population,E,0,False
2022-10-COE_quota_for_Nov22_to_Jan23.annex-a.pdf,Nov 2022 to Jan 2023,(A),(A) Increase in Vehicle Population,Total,96,False
2022-10-COE_quota_for_Nov22_to_Jan23.annex-a.pdf,Nov 2022 to Jan 2023,B1),B1) Total vehicle de-registrations from Apr 2022 to Sep 2022,A,6096,False
2022-10-COE_quota_for_Nov22_to_Jan23.annex-a.pdf,Nov 2022 to Jan 2023,B1),B1) Total vehicle de-registrations from Apr 2022 to Sep 2022,B,5447,False
2022-10-COE_quota_for_Nov22_to_Jan23.annex-a.pdf,Nov 2022 to Jan 2023,B1),B1) Total vehicle de-registrations from Apr 2022 to Sep 2022,C,4441,False
2022-10-COE_quota_for_Nov22_to_Jan23.annex-a.pdf,Nov 2022 to Jan 2023,B1),B1) Total vehicle de-registrations from Apr 2022 to Sep 2022,D,5161,False
2022-10-COE_quota_for_Nov22_to_Jan23.annex-a.pdf,Nov 2022 to Jan 2023,B1),B1) Total vehicle de-registrations from Apr 2022 to Sep 2022,E,0,False
2022-10-COE_quota_for_Nov22_to_Jan23.annex-a.pdf,Nov 2022 to Jan 2023,B1),B1) Total vehicle de-registrations from Apr 2022 to Sep 2022,Total,21145,False
2022-10-COE_quota_for_Nov22_to_Jan23.annex-a.pdf,Nov 2022 to Jan 2023,B2),B2) 50% of total vehicle de-registrations from Apr 2022 to Sep 2022,A,3048,False
2022-10-COE_quota_for_Nov22_to_Jan23.annex-a.pdf,Nov 2022 to Jan 2023,B2),B2) 50% of total vehicle de-registrations from Apr 2022 to Sep 2022,B,2724,False
2022-10-COE_quota_for_Nov22_to_Jan23.annex-a.pdf,Nov 2022 to Jan 2023,B2),B2) 50% of total vehicle de-registrations from Apr 2022 to Sep 2022,C,2221,False
2022-10-COE_quota_for_Nov22_to_Jan23.annex-a.pdf,Nov 2022 to Jan 2023,B2),B2) 50% of total vehicle de-registrations from Apr 2022 to Sep 2022,D,2581,False
2022-10-COE_quota_for_Nov22_to_Jan23.annex-a.pdf,Nov 2022 to Jan 2023,B2),B2) 50% of total vehicle de-registrations from Apr 2022 to Sep 2022,E,0,False
2022-10-COE_quota_for_Nov22_to_Jan23.annex-a.pdf,Nov 2022 to Jan 2023,B2),B2) 50% of total vehicle de-registrations from Apr 2022 to Sep 2022,Total,10574,False
2022-10-COE_quota_for_Nov22_to_Jan23.annex-a.pdf,Nov 2022 to Jan 2023,B3),B3) Contribution of de-registrations to Category E (10% of B2),A,-304,True
2022-10-COE_quota_for_Nov22_to_Jan23.annex-a.pdf,Nov 2022 to Jan 2023,B3),B3) Contribution of de-registrations to Category E (10% of B2),B,-272,True
2022-10-COE_quota_for_Nov22_to_Jan23.annex-a.pdf,Nov 2022 to Jan 2023,B3),B3) Contribution of de-registrations to Category E (10% of B2),C,-222,True
2022-10-COE_quota_for_Nov22_to_Jan23.annex-a.pdf,Nov 2022 to Jan 2023,B3),B3) Contribution of de-registrations to Category E (10% of B2),D,0,True
2022-10-COE_quota_for_Nov22_to_Jan23.annex-a.pdf,Nov 2022 to Jan 2023,B3),B3) Contribution of de-registrations to Category E (10% of B2),E,798,True
2022-10-COE_quota_for_Nov22_to_Jan23.annex-a.pdf,Nov 2022 to Jan 2023,B3),B3) Contribution of de-registrations to Category E (10% of B2),Total,0,True
2022-10-COE_quota_for_Nov22_to_Jan23.annex-a.pdf,Nov 2022 to Jan 2023,(B),(B) Replacements of De-registered Vehicles,A,2744,False
2022-10-COE_quota_for_Nov22_to_Jan23.annex-a.pdf,Nov 2022 to Jan 2023,(B),(B) Replacements of De-registered Vehicles,B,2452,False
2022-10-COE_quota_for_Nov22_to_Jan23.annex-a.pdf,Nov 2022 to Jan 2023,(B),(B) Replacements of De-registered Vehicles,C,1999,False
2022-10-COE_quota_for_Nov22_to_Jan23.annex-a.pdf,Nov 2022 to Jan 2023,(B),(B) Replacements of De-registered Vehicles,D,2581,False
2022-10-COE_quota_for_Nov22_to_Jan23.annex-a.pdf,Nov 2022 to Jan 2023,(B),(B) Replacements of De-registered Vehicles,E,798,False
2022-10-COE_quota_for_Nov22_to_Jan23.annex-a.pdf,Nov 2022 to Jan 2023,(B),(B) Replacements of De-registered Vehicles,Total,10574,False
2022-10-COE_quota_for_Nov22_to_Jan23.annex-a.pdf,Nov 2022 to Jan 2023,C1),C1) Adjustments for change in taxi population,A,0,False
2022-10-COE_quota_for_Nov22_to_Jan23.annex-a.pdf,Nov 2022 to Jan 2023,C1),C1) Adjustments for change in taxi population,B,0,False
2022-10-COE_quota_for_Nov22_to_Jan23.annex-a.pdf,Nov 2022 to Jan 2023,C1),C1) Adjustments for change in taxi population,C,0,False
2022-10-COE_quota_for_Nov22_to_Jan23.annex-a.pdf,Nov 2022 to Jan 2023,C1),C1) Adjustments for change in taxi population,D,0,False
2022-10-COE_quota_for_Nov22_to_Jan23.annex-a.pdf,Nov 2022 to Jan 2023,C1),C1) Adjustments for change in taxi population,E,264,False
2022-10-COE_quota_for_Nov22_to_Jan23.annex-a.pdf,Nov 2022 to Jan 2023,C1),C1) Adjustments for change in taxi population,Total,264,False
2022-10-COE_quota_for_Nov22_to_Jan23.annex-a.pdf,Nov 2022 to Jan 2023,C2),C2) Adjustments for replacements under Early Turnover Scheme,A,0,False
2022-10-COE_quota_for_Nov22_to_Jan23.annex-a.pdf,Nov 2022 to Jan 2023,C2),C2) Adjustments for replacements under Early Turnover Scheme,B,0,False
2022-10-COE_quota_for_Nov22_to_Jan23.annex-a.pdf,Nov 2022 to Jan 2023,C2),C2) Adjustments for replacements under Early Turnover Scheme,C,-1683,False
2022-10-COE_quota_for_Nov22_to_Jan23.annex-a.pdf,Nov 2022 to Jan 2023,C2),C2) Adjustments for replacements under Early Turnover Scheme,D,0,False
2022-10-COE_quota_for_Nov22_to_Jan23.annex-a.pdf,Nov 2022 to Jan 2023,C2),C2) Adjustments for replacements under Early Turnover Scheme,E,-188,False
2022-10-COE_quota_for_Nov22_to_Jan23.annex-a.pdf,Nov 2022 to Jan 2023,C2),C2) Adjustments for replacements under Early Turnover Scheme,Total,-1871,False
2022-10-COE_quota_for_Nov22_to_Jan23.annex-a.pdf,Nov 2022 to Jan 2023,C3),C3) Expired COEs,A,3,False
2022-10-COE_quota_for_Nov22_to_Jan23.annex-a.pdf,Nov 2022 to Jan 2023,C3),C3) Expired COEs,B,1,False
2022-10-COE_quota_for_Nov22_to_Jan23.annex-a.pdf,Nov 2022 to Jan 2023,C3),C3) Expired COEs,C,0,False
2022-10-COE_quota_for_Nov22_to_Jan23.annex-a.pdf,Nov 2022 to Jan 2023,C3),C3) Expired COEs,D,61,False
2022-10-COE_quota_for_Nov22_to_Jan23.annex-a.pdf,Nov 2022 to Jan 2023,C3),C3) Expired COEs,E,0,False
2022-10-COE_quota_for_Nov22_to_Jan23.annex-a.pdf,Nov 2022 to Jan 2023,C3),C3) Expired COEs,Total,65,False
2022-10-COE_quota_for_Nov22_to_Jan23.annex-a.pdf,Nov 2022 to Jan 2023,(C),(C) Adjustments,A,3,False
2022-10-COE_quota_for_Nov22_to_Jan23.annex-a.pdf,Nov 2022 to Jan 2023,(C),(C) Adjustments,B,1,False
2022-10-COE_quota_for_Nov22_to_Jan23.annex-a.pdf,Nov 2022 to Jan 2023,(C),(C) Adjustments,C,-1683,False
2022-10-COE_quota_for_Nov22_to_Jan23.annex-a.pdf,Nov 2022 to Jan 2023,(C),(C) Adjustments,D,61,False
2022-10-COE_quota_for_Nov22_to_Jan23.annex-a.pdf,Nov 2022 to Jan 2023,(C),(C) Adjustments,E,76,False
2022-10-COE_quota_for_Nov22_to_Jan23.annex-a.pdf,Nov 2022 to Jan 2023,(C),(C) Adjustments,Total,-1542,False
2022-10-COE_quota_for_Nov22_to_Jan23.annex-a.pdf,Nov 2022 to Jan 2023,Total Quota for Nov 2022 to Jan 2023,Total Quota for Nov 2022 to Jan 2023 Bidding Exercises (A + B + C),A,2747,False
2022-10-COE_quota_for_Nov22_to_Jan23.annex-a.pdf,Nov 2022 to Jan 2023,Total Quota for Nov 2022 to Jan 2023,Total Quota for Nov 2022 to Jan 2023 Bidding Exercises (A + B + C),B,2453,False
2022-10-COE_quota_for_Nov22_to_Jan23.annex-a.pdf,Nov 2022 to Jan 2023,Total Quota for Nov 2022 to Jan 2023,Total Quota for Nov 2022 to Jan 2023 Bidding Exercises (A + B + C),C,412,False
2022-10-COE_quota_for_Nov22_to_Jan23.annex-a.pdf,Nov 2022 to Jan 2023,Total Quota for Nov 2022 to Jan 2023,Total Quota for Nov 2022 to Jan 2023 Bidding Exercises (A + B + C),D,2642,False
2022-10-COE_quota_for_Nov22_to_Jan23.annex-a.pdf,Nov 2022 to Jan 2023,Total Quota for Nov 2022 to Jan 2023,Total Quota for Nov 2022 to Jan 2023 Bidding Exercises (A + B + C),E,874,False
2022-10-COE_quota_for_Nov22_to_Jan23.annex-a.pdf,Nov 2022 to Jan 2023,Total Quota for Nov 2022 to Jan 2023,Total Quota for Nov 2022 to Jan 2023 Bidding Exercises (A + B + C),Total,9128,False
2022-10-COE_quota_for_Nov22_to_Jan23.annex-a.pdf,Nov 2022 to Jan 2023,Average Monthly Quota for Nov 2022 to Jan 2023,Average Monthly Quota for Nov 2022 to Jan 2023 Bidding Exercises,A,915,False
2022-10-COE_quota_for_Nov22_to_Jan23.annex-a.pdf,Nov 2022 to Jan 2023,Average Monthly Quota for Nov 2022 to Jan 2023,Average Monthly Quota for Nov 2022 to Jan 2023 Bidding Exercises,B,817,False
2022-10-COE_quota_for_Nov22_to_Jan23.annex-a.pdf,Nov 2022 to Jan 2023,Average Monthly Quota for Nov 2022 to Jan 2023,Average Monthly Quota for Nov 2022 to Jan 2023 Bidding Exercises,C,137,False
2022-10-COE_quota_for_Nov22_to_Jan23.annex-a.pdf,Nov 2022 to Jan 2023,Average Monthly Quota for Nov 2022 to Jan 2023,Average Monthly Quota for Nov 2022 to Jan 2023 Bidding Exercises,D,880,False
2022-10-COE_quota_for_Nov22_to_Jan23.annex-a.pdf,Nov 2022 to Jan 2023,Average Monthly Quota for Nov 2022 to Jan 2023,Average Monthly Quota for Nov 2022 to Jan 2023 Bidding Exercises,E,291,False
2022-10-COE_quota_for_Nov22_to_Jan23.annex-a.pdf,Nov 2022 to Jan 2023,Average Monthly Quota for Nov 2022 to Jan 2023,Average Monthly Quota for Nov 2022 to Jan 2023 Bidding Exercises,Total,3040,False
2022-04-certificate-of-entitlement-quota-for-may-2022-to-july-2022.annex-a.pdf,May 2022 to Jul 2022,A1),A1) Vehicle population as at 31 Dec 2021,A,321500,False
2022-04-certificate-of-entitlement-quota-for-may-2022-to-july-2022.annex-a.pdf,May 2022 to Jul 2022,A1),A1) Vehicle population as at 31 Dec 2021,B,323174,False
2022-04-certificate-of-entitlement-quota-for-may-2022-to-july-2022.annex-a.pdf,May 2022 to Jul 2022,A1),A1) Vehicle population as at 31 Dec 2021,C,153841,False
2022-04-certificate-of-entitlement-quota-for-may-2022-to-july-2022.annex-a.pdf,May 2022 to Jul 2022,A1),A1) Vehicle population as at 31 Dec 2021,D,141533,False
2022-04-certificate-of-entitlement-quota-for-may-2022-to-july-2022.annex-a.pdf,May 2022 to Jul 2022,A1),A1) Vehicle population as at 31 Dec 2021,E,0,False
2022-04-certificate-of-entitlement-quota-for-may-2022-to-july-2022.annex-a.pdf,May 2022 to Jul 2022,A1),A1) Vehicle population as at 31 Dec 2021,Total,940048,False
2022-04-certificate-of-entitlement-quota-for-may-2022-to-july-2022.annex-a.pdf,May 2022 to Jul 2022,A2),A2) Net increase allowed per quarter [Cat C Only] [0.25% x vehicle population / 4],A,0,False
2022-04-certificate-of-entitlement-quota-for-may-2022-to-july-2022.annex-a.pdf,May 2022 to Jul 2022,A2),A2) Net increase allowed per quarter [Cat C Only] [0.25% x vehicle population / 4],B,0,False
2022-04-certificate-of-entitlement-quota-for-may-2022-to-july-2022.annex-a.pdf,May 2022 to Jul 2022,A2),A2) Net increase allowed per quarter [Cat C Only] [0.25% x vehicle population / 4],C,96,False
2022-04-certificate-of-entitlement-quota-for-may-2022-to-july-2022.annex-a.pdf,May 2022 to Jul 2022,A2),A2) Net increase allowed per quarter [Cat C Only] [0.25% x vehicle population / 4],D,0,False
2022-04-certificate-of-entitlement-quota-for-may-2022-to-july-2022.annex-a.pdf,May 2022 to Jul 2022,A2),A2) Net increase allowed per quarter [Cat C Only] [0.25% x vehicle population / 4],E,0,False
2022-04-certificate-of-entitlement-quota-for-may-2022-to-july-2022.annex-a.pdf,May 2022 to Jul 2022,A2),A2) Net increase allowed per quarter [Cat C Only] [0.25% x vehicle population / 4],Total,96,False
2022-04-certificate-of-entitlement-quota-for-may-2022-to-july-2022.annex-a.pdf,May 2022 to Jul 2022,(A),(A) Increase in Vehicle Population,A,0,False
2022-04-certificate-of-entitlement-quota-for-may-2022-to-july-2022.annex-a.pdf,May 2022 to Jul 2022,(A),(A) Increase in Vehicle Population,B,0,False
2022-04-certificate-of-entitlement-quota-for-may-2022-to-july-2022.annex-a.pdf,May 2022 to Jul 2022,(A),(A) Increase in Vehicle Population,C,96,False
2022-04-certificate-of-entitlement-quota-for-may-2022-to-july-2022.annex-a.pdf,May 2022 to Jul 2022,(A),(A) Increase in Vehicle Population,D,0,False
2022-04-certificate-of-entitlement-quota-for-may-2022-to-july-2022.annex-a.pdf,May 2022 to Jul 2022,(A),(A) Increase in Vehicle Population,E,0,False
2022-04-certificate-of-entitlement-quota-for-may-2022-to-july-2022.annex-a.pdf,May 2022 to Jul 2022,(A),(A) Increase in Vehicle Population,Total,96,False
2022-04-certificate-of-entitlement-quota-for-may-2022-to-july-2022.annex-a.pdf,May 2022 to Jul 2022,B1),B1) Total vehicle de-registrations from Jan 2022 to Mar 2022,A,4066,False
2022-04-certificate-of-entitlement-quota-for-may-2022-to-july-2022.annex-a.pdf,May 2022 to Jul 2022,B1),B1) Total vehicle de-registrations from Jan 2022 to Mar 2022,B,3509,False
2022-04-certificate-of-entitlement-quota-for-may-2022-to-july-2022.annex-a.pdf,May 2022 to Jul 2022,B1),B1) Total vehicle de-registrations from Jan 2022 to Mar 2022,C,2287,False
2022-04-certificate-of-entitlement-quota-for-may-2022-to-july-2022.annex-a.pdf,May 2022 to Jul 2022,B1),B1) Total vehicle de-registrations from Jan 2022 to Mar 2022,D,3348,False
2022-04-certificate-of-entitlement-quota-for-may-2022-to-july-2022.annex-a.pdf,May 2022 to Jul 2022,B1),B1) Total vehicle de-registrations from Jan 2022 to Mar 2022,E,0,False
2022-04-certificate-of-entitlement-quota-for-may-2022-to-july-2022.annex-a.pdf,May 2022 to Jul 2022,B1),B1) Total vehicle de-registrations from Jan 2022 to Mar 2022,Total,13210,False
2022-04-certificate-of-entitlement-quota-for-may-2022-to-july-2022.annex-a.pdf,May 2022 to Jul 2022,B2),B2) Contribution of deregistrations to Category E (10% of B1),A,-406,False
2022-04-certificate-of-entitlement-quota-for-may-2022-to-july-2022.annex-a.pdf,May 2022 to Jul 2022,B2),B2) Contribution of deregistrations to Category E (10% of B1),B,-350,False
2022-04-certificate-of-entitlement-quota-for-may-2022-to-july-2022.annex-a.pdf,May 2022 to Jul 2022,B2),B2) Contribution of deregistrations to Category E (10% of B1),C,-228,False
2022-04-certificate-of-entitlement-quota-for-may-2022-to-july-2022.annex-a.pdf,May 2022 to Jul 2022,B2),B2) Contribution of deregistrations to Category E (10% of B1),D,0,False
2022-04-certificate-of-entitlement-quota-for-may-2022-to-july-2022.annex-a.pdf,May 2022 to Jul 2022,B2),B2) Contribution of deregistrations to Category E (10% of B1),E,984,False
2022-04-certificate-of-entitlement-quota-for-may-2022-to-july-2022.annex-a.pdf,May 2022 to Jul 2022,B2),B2) Contribution of deregistrations to Category E (10% of B1),Total,0,False
2022-04-certificate-of-entitlement-quota-for-may-2022-to-july-2022.annex-a.pdf,May 2022 to Jul 2022,(B),(B) Replacements of Deregistered Vehicles,A,3660,False
2022-04-certificate-of-entitlement-quota-for-may-2022-to-july-2022.annex-a.pdf,May 2022 to Jul 2022,(B),(B) Replacements of Deregistered Vehicles,B,3159,False
2022-04-certificate-of-entitlement-quota-for-may-2022-to-july-2022.annex-a.pdf,May 2022 to Jul 2022,(B),(B) Replacements of Deregistered Vehicles,C,2059,False
2022-04-certificate-of-entitlement-quota-for-may-2022-to-july-2022.annex-a.pdf,May 2022 to Jul 2022,(B),(B) Replacements of Deregistered Vehicles,D,3348,False
2022-04-certificate-of-entitlement-quota-for-may-2022-to-july-2022.annex-a.pdf,May 2022 to Jul 2022,(B),(B) Replacements of Deregistered Vehicles,E,984,False
2022-04-certificate-of-entitlement-quota-for-may-2022-to-july-2022.annex-a.pdf,May 2022 to Jul 2022,(B),(B) Replacements of Deregistered Vehicles,Total,13210,False
2022-04-certificate-of-entitlement-quota-for-may-2022-to-july-2022.annex-a.pdf,May 2022 to Jul 2022,C1),C1) Adjustments for change in taxi population,A,0,False
2022-04-certificate-of-entitlement-quota-for-may-2022-to-july-2022.annex-a.pdf,May 2022 to Jul 2022,C1),C1) Adjustments for change in taxi population,B,0,False
2022-04-certificate-of-entitlement-quota-for-may-2022-to-july-2022.annex-a.pdf,May 2022 to Jul 2022,C1),C1) Adjustments for change in taxi population,C,0,False
2022-04-certificate-of-entitlement-quota-for-may-2022-to-july-2022.annex-a.pdf,May 2022 to Jul 2022,C1),C1) Adjustments for change in taxi population,D,0,False
2022-04-certificate-of-entitlement-quota-for-may-2022-to-july-2022.annex-a.pdf,May 2022 to Jul 2022,C1),C1) Adjustments for change in taxi population,E,325,False
2022-04-certificate-of-entitlement-quota-for-may-2022-to-july-2022.annex-a.pdf,May 2022 to Jul 2022,C1),C1) Adjustments for change in taxi population,Total,325,False
2022-04-certificate-of-entitlement-quota-for-may-2022-to-july-2022.annex-a.pdf,May 2022 to Jul 2022,C2),C2) Adjustments for replacements under Early Turnover Scheme,A,0,False
2022-04-certificate-of-entitlement-quota-for-may-2022-to-july-2022.annex-a.pdf,May 2022 to Jul 2022,C2),C2) Adjustments for replacements under Early Turnover Scheme,B,0,False
2022-04-certificate-of-entitlement-quota-for-may-2022-to-july-2022.annex-a.pdf,May 2022 to Jul 2022,C2),C2) Adjustments for replacements under Early Turnover Scheme,C,-1540,False
2022-04-certificate-of-entitlement-quota-for-may-2022-to-july-2022.annex-a.pdf,May 2022 to Jul 2022,C2),C2) Adjustments for replacements under Early Turnover Scheme,D,0,False
2022-04-certificate-of-entitlement-quota-for-may-2022-to-july-2022.annex-a.pdf,May 2022 to Jul 2022,C2),C2) Adjustments for replacements under Early Turnover Scheme,E,-172,False
2022-04-certificate-of-entitlement-quota-for-may-2022-to-july-2022.annex-a.pdf,May 2022 to Jul 2022,C2),C2) Adjustments for replacements under Early Turnover Scheme,Total,-1712,False
2022-04-certificate-of-entitlement-quota-for-may-2022-to-july-2022.annex-a.pdf,May 2022 to Jul 2022,C3),C3) Expired COEs,A,12,False
2022-04-certificate-of-entitlement-quota-for-may-2022-to-july-2022.annex-a.pdf,May 2022 to Jul 2022,C3),C3) Expired COEs,B,2,False
2022-04-certificate-of-entitlement-quota-for-may-2022-to-july-2022.annex-a.pdf,May 2022 to Jul 2022,C3),C3) Expired COEs,C,1,False
2022-04-certificate-of-entitlement-quota-for-may-2022-to-july-2022.annex-a.pdf,May 2022 to Jul 2022,C3),C3) Expired COEs,D,16,False
2022-04-certificate-of-entitlement-quota-for-may-2022-to-july-2022.annex-a.pdf,May 2022 to Jul 2022,C3),C3) Expired COEs,E,1,False
2022-04-certificate-of-entitlement-quota-for-may-2022-to-july-2022.annex-a.pdf,May 2022 to Jul 2022,C3),C3) Expired COEs,Total,32,False
2022-04-certificate-of-entitlement-quota-for-may-2022-to-july-2022.annex-a.pdf,May 2022 to Jul 2022,(C),(C) Adjustments,A,12,False
2022-04-certificate-of-entitlement-quota-for-may-2022-to-july-2022.annex-a.pdf,May 2022 to Jul 2022,(C),(C) Adjustments,B,2,False
2022-04-certificate-of-entitlement-quota-for-may-2022-to-july-2022.annex-a.pdf,May 2022 to Jul 2022,(C),(C) Adjustments,C,-1539,False
2022-04-certificate-of-entitlement-quota-for-may-2022-to-july-2022.annex-a.pdf,May 2022 to Jul 2022,(C),(C) Adjustments,D,16,False
2022-04-certificate-of-entitlement-quota-for-may-2022-to-july-2022.annex-a.pdf,May 2022 to Jul 2022,(C),(C) Adjustments,E,154,False
2022-04-certificate-of-entitlement-quota-for-may-2022-to-july-2022.annex-a.pdf,May 2022 to Jul 2022,(C),(C) Adjustments,Total,-1355,False
2022-04-certificate-of-entitlement-quota-for-may-2022-to-july-2022.annex-a.pdf,May 2022 to Jul 2022,Total Quota for May 2022 to Jul 2022,Total Quota for May 2022 to Jul 2022 Bidding Exercises (A + B + C),A,3672,False
2022-04-certificate-of-entitlement-quota-for-may-2022-to-july-2022.annex-a.pdf,May 2022 to Jul 2022,Total Quota for May 2022 to Jul 2022,Total Quota for May 2022 to Jul 2022 Bidding Exercises (A + B + C),B,3161,False
2022-04-certificate-of-entitlement-quota-for-may-2022-to-july-2022.annex-a.pdf,May 2022 to Jul 2022,Total Quota for May 2022 to Jul 2022,Total Quota for May 2022 to Jul 2022 Bidding Exercises (A + B + C),C,616,False
2022-04-certificate-of-entitlement-quota-for-may-2022-to-july-2022.annex-a.pdf,May 2022 to Jul 2022,Total Quota for May 2022 to Jul 2022,Total Quota for May 2022 to Jul 2022 Bidding Exercises (A + B + C),D,3364,False
2022-04-certificate-of-entitlement-quota-for-may-2022-to-july-2022.annex-a.pdf,May 2022 to Jul 2022,Total Quota for May 2022 to Jul 2022,Total Quota for May 2022 to Jul 2022 Bidding Exercises (A + B + C),E,1138,False
2022-04-certificate-of-entitlement-quota-for-may-2022-to-july-2022.annex-a.pdf,May 2022 to Jul 2022,Total Quota for May 2022 to Jul 2022,Total Quota for May 2022 to Jul 2022 Bidding Exercises (A + B + C),Total,11951,False
2022-04-certificate-of-entitlement-quota-for-may-2022-to-july-2022.annex-a.pdf,May 2022 to Jul 2022,Average Monthly Quota for May 2022 to Jul 2022,Average Monthly Quota for May 2022 to Jul 2022 Bidding Exercises,A,1224,False
2022-04-certificate-of-entitlement-quota-for-may-2022-to-july-2022.annex-a.pdf,May 2022 to Jul 2022,Average Monthly Quota for May 2022 to Jul 2022,Average Monthly Quota for May 2022 to Jul 2022 Bidding Exercises,B,1053,False
2022-04-certificate-of-entitlement-quota-for-may-2022-to-july-2022.annex-a.pdf,May 2022 to Jul 2022,Average Monthly Quota for May 2022 to Jul 2022,Average Monthly Quota for May 2022 to Jul 2022 Bidding Exercises,C,205,False
2022-04-certificate-of-entitlement-quota-for-may-2022-to-july-2022.annex-a.pdf,May 2022 to Jul 2022,Average Monthly Quota for May 2022 to Jul 2022,Average Monthly Quota for May 2022 to Jul 2022 Bidding Exercises,D,1121,False
2022-04-certificate-of-entitlement-quota-for-may-2022-to-july-2022.annex-a.pdf,May 2022 to Jul 2022,Average Monthly Quota for May 2022 to Jul 2022,Average Monthly Quota for May 2022 to Jul 2022 Bidding Exercises,E,379,False
2022-04-certificate-of-entitlement-quota-for-may-2022-to-july-2022.annex-a.pdf,May 2022 to Jul 2022,Average Monthly Quota for May 2022 to Jul 2022,Average Monthly Quota for May 2022 to Jul 2022 Bidding Exercises,Total,3982,False
2022-04-certificate-of-entitlement-quota-for-may-2022-to-july-2022.annex-a.pdf,May 2022 to Jul 2022,Monthly Quota for Feb 2022 to Apr 2022,Monthly Quota for Feb 2022 to Apr 2022 Bidding Exercises,A,1062,False
2022-04-certificate-of-entitlement-quota-for-may-2022-to-july-2022.annex-a.pdf,May 2022 to Jul 2022,Monthly Quota for Feb 2022 to Apr 2022,Monthly Quota for Feb 2022 to Apr 2022 Bidding Exercises,B,1099,False
2022-04-certificate-of-entitlement-quota-for-may-2022-to-july-2022.annex-a.pdf,May 2022 to Jul 2022,Monthly Quota for Feb 2022 to Apr 2022,Monthly Quota for Feb 2022 to Apr 2022 Bidding Exercises,C,152,False
2022-04-certificate-of-entitlement-quota-for-may-2022-to-july-2022.annex-a.pdf,May 2022 to Jul 2022,Monthly Quota for Feb 2022 to Apr 2022,Monthly Quota for Feb 2022 to Apr 2022 Bidding Exercises,D,809,False
2022-04-certificate-of-entitlement-quota-for-may-2022-to-july-2022.annex-a.pdf,May 2022 to Jul 2022,Monthly Quota for Feb 2022 to Apr 2022,Monthly Quota for Feb 2022 to Apr 2022 Bidding Exercises,E,360,False
2022-04-certificate-of-entitlement-quota-for-may-2022-to-july-2022.annex-a.pdf,May 2022 to Jul 2022,Monthly Quota for Feb 2022 to Apr 2022,Monthly Quota for Feb 2022 to Apr 2022 Bidding Exercises,Total,3482,False
2022-07-certificate-of-entitlement-quota-for-august-2022-to-october-2022.annex-a.pdf,Aug 2022 to Oct 2022,A1),A1) Vehicle population as at 31 Dec 2021,A,321500,False
2022-07-certificate-of-entitlement-quota-for-august-2022-to-october-2022.annex-a.pdf,Aug 2022 to Oct 2022,A1),A1) Vehicle population as at 31 Dec 2021,B,323174,False
2022-07-certificate-of-entitlement-quota-for-august-2022-to-october-2022.annex-a.pdf,Aug 2022 to Oct 2022,A1),A1) Vehicle population as at 31 Dec 2021,C,153841,False
2022-07-certificate-of-entitlement-quota-for-august-2022-to-october-2022.annex-a.pdf,Aug 2022 to Oct 2022,A1),A1) Vehicle population as at 31 Dec 2021,D,141533,False
2022-07-certificate-of-entitlement-quota-for-august-2022-to-october-2022.annex-a.pdf,Aug 2022 to Oct 2022,A1),A1) Vehicle population as at 31 Dec 2021,E,0,False
2022-07-certificate-of-entitlement-quota-for-august-2022-to-october-2022.annex-a.pdf,Aug 2022 to Oct 2022,A1),A1) Vehicle population as at 31 Dec 2021,Total,940048,False
2022-07-certificate-of-entitlement-quota-for-august-2022-to-october-2022.annex-a.pdf,Aug 2022 to Oct 2022,A2),A2) Net increase allowed per quarter [Cat C Only] [0.25% x vehicle population / 4],A,0,False
2022-07-certificate-of-entitlement-quota-for-august-2022-to-october-2022.annex-a.pdf,Aug 2022 to Oct 2022,A2),A2) Net increase allowed per quarter [Cat C Only] [0.25% x vehicle population / 4],B,0,False
2022-07-certificate-of-entitlement-quota-for-august-2022-to-october-2022.annex-a.pdf,Aug 2022 to Oct 2022,A2),A2) Net increase allowed per quarter [Cat C Only] [0.25% x vehicle population / 4],C,96,False
2022-07-certificate-of-entitlement-quota-for-august-2022-to-october-2022.annex-a.pdf,Aug 2022 to Oct 2022,A2),A2) Net increase allowed per quarter [Cat C Only] [0.25% x vehicle population / 4],D,0,False
2022-07-certificate-of-entitlement-quota-for-august-2022-to-october-2022.annex-a.pdf,Aug 2022 to Oct 2022,A2),A2) Net increase allowed per quarter [Cat C Only] [0.25% x vehicle population / 4],E,0,False
2022-07-certificate-of-entitlement-quota-for-august-2022-to-october-2022.annex-a.pdf,Aug 2022 to Oct 2022,A2),A2) Net increase allowed per quarter [Cat C Only] [0.25% x vehicle population / 4],Total,96,False
2022-07-certificate-of-entitlement-quota-for-august-2022-to-october-2022.annex-a.pdf,Aug 2022 to Oct 2022,(A),(A) Increase in Vehicle Population,A,0,False
2022-07-certificate-of-entitlement-quota-for-august-2022-to-october-2022.annex-a.pdf,Aug 2022 to Oct 2022,(A),(A) Increase in Vehicle Population,B,0,False
2022-07-certificate-of-entitlement-quota-for-august-2022-to-october-2022.annex-a.pdf,Aug 2022 to Oct 2022,(A),(A) Increase in Vehicle Population,C,96,False
2022-07-certificate-of-entitlement-quota-for-august-2022-to-october-2022.annex-a.pdf,Aug 2022 to Oct 2022,(A),(A) Increase in Vehicle Population,D,0,False
2022-07-certificate-of-entitlement-quota-for-august-2022-to-october-2022.annex-a.pdf,Aug 2022 to Oct 2022,(A),(A) Increase in Vehicle Population,E,0,False
2022-07-certificate-of-entitlement-quota-for-august-2022-to-october-2022.annex-a.pdf,Aug 2022 to Oct 2022,(A),(A) Increase in Vehicle Population,Total,96,False
2022-07-certificate-of-entitlement-quota-for-august-2022-to-october-2022.annex-a.pdf,Aug 2022 to Oct 2022,B1),B1) Total vehicle de-registrations from Jan 2022 to Jun 2022,A,7238,False
2022-07-certificate-of-entitlement-quota-for-august-2022-to-october-2022.annex-a.pdf,Aug 2022 to Oct 2022,B1),B1) Total vehicle de-registrations from Jan 2022 to Jun 2022,B,6256,False
2022-07-certificate-of-entitlement-quota-for-august-2022-to-october-2022.annex-a.pdf,Aug 2022 to Oct 2022,B1),B1) Total vehicle de-registrations from Jan 2022 to Jun 2022,C,4522,False
2022-07-certificate-of-entitlement-quota-for-august-2022-to-october-2022.annex-a.pdf,Aug 2022 to Oct 2022,B1),B1) Total vehicle de-registrations from Jan 2022 to Jun 2022,D,6029,False
2022-07-certificate-of-entitlement-quota-for-august-2022-to-october-2022.annex-a.pdf,Aug 2022 to Oct 2022,B1),B1) Total vehicle de-registrations from Jan 2022 to Jun 2022,E,0,False
2022-07-certificate-of-entitlement-quota-for-august-2022-to-october-2022.annex-a.pdf,Aug 2022 to Oct 2022,B1),B1) Total vehicle de-registrations from Jan 2022 to Jun 2022,Total,24045,False
2022-07-certificate-of-entitlement-quota-for-august-2022-to-october-2022.annex-a.pdf,Aug 2022 to Oct 2022,B2),B2) 50% of the total vehicle de-registrations from Jan 2022 to Jun 2022,A,3619,True
2022-07-certificate-of-entitlement-quota-for-august-2022-to-october-2022.annex-a.pdf,Aug 2022 to Oct 2022,B2),B2) 50% of the total vehicle de-registrations from Jan 2022 to Jun 2022,B,3128,True
2022-07-certificate-of-entitlement-quota-for-august-2022-to-october-2022.annex-a.pdf,Aug 2022 to Oct 2022,B2),B2) 50% of the total vehicle de-registrations from Jan 2022 to Jun 2022,C,2261,True
2022-07-certificate-of-entitlement-quota-for-august-2022-to-october-2022.annex-a.pdf,Aug 2022 to Oct 2022,B2),B2) 50% of the total vehicle de-registrations from Jan 2022 to Jun 2022,D,3014,True
2022-07-certificate-of-entitlement-quota-for-august-2022-to-october-2022.annex-a.pdf,Aug 2022 to Oct 2022,B2),B2) 50% of the total vehicle de-registrations from Jan 2022 to Jun 2022,E,0,True
2022-07-certificate-of-entitlement-quota-for-august-2022-to-october-2022.annex-a.pdf,Aug 2022 to Oct 2022,B2),B2) 50% of the total vehicle de-registrations from Jan 2022 to Jun 2022,Total,12022,True
2022-07-certificate-of-entitlement-quota-for-august-2022-to-october-2022.annex-a.pdf,Aug 2022 to Oct 2022,B3),B3) Contribution of deregistrations to Category E (10% of B2),A,-361,False
2022-07-certificate-of-entitlement-quota-for-august-2022-to-october-2022.annex-a.pdf,Aug 2022 to Oct 2022,B3),B3) Contribution of deregistrations to Category E (10% of B2),B,-312,False
2022-07-certificate-of-entitlement-quota-for-august-2022-to-october-2022.annex-a.pdf,Aug 2022 to Oct 2022,B3),B3) Contribution of deregistrations to Category E (10% of B2),C,-226,False
2022-07-certificate-of-entitlement-quota-for-august-2022-to-october-2022.annex-a.pdf,Aug 2022 to Oct 2022,B3),B3) Contribution of deregistrations to Category E (10% of B2),D,0,False
2022-07-certificate-of-entitlement-quota-for-august-2022-to-october-2022.annex-a.pdf,Aug 2022 to Oct 2022,B3),B3) Contribution of deregistrations to Category E (10% of B2),E,899,False
2022-07-certificate-of-entitlement-quota-for-august-2022-to-october-2022.annex-a.pdf,Aug 2022 to Oct 2022,B3),B3) Contribution of deregistrations to Category E (10% of B2),Total,0,False
2022-07-certificate-of-entitlement-quota-for-august-2022-to-october-2022.annex-a.pdf,Aug 2022 to Oct 2022,(B),(B) Replacements of Deregistered Vehicles,A,3258,False
2022-07-certificate-of-entitlement-quota-for-august-2022-to-october-2022.annex-a.pdf,Aug 2022 to Oct 2022,(B),(B) Replacements of Deregistered Vehicles,B,2816,False
2022-07-certificate-of-entitlement-quota-for-august-2022-to-october-2022.annex-a.pdf,Aug 2022 to Oct 2022,(B),(B) Replacements of Deregistered Vehicles,C,2035,False
2022-07-certificate-of-entitlement-quota-for-august-2022-to-october-2022.annex-a.pdf,Aug 2022 to Oct 2022,(B),(B) Replacements of Deregistered Vehicles,D,3014,False
2022-07-certificate-of-entitlement-quota-for-august-2022-to-october-2022.annex-a.pdf,Aug 2022 to Oct 2022,(B),(B) Replacements of Deregistered Vehicles,E,899,False
2022-07-certificate-of-entitlement-quota-for-august-2022-to-october-2022.annex-a.pdf,Aug 2022 to Oct 2022,(B),(B) Replacements of Deregistered Vehicles,Total,12022,False
2022-07-certificate-of-entitlement-quota-for-august-2022-to-october-2022.annex-a.pdf,Aug 2022 to Oct 2022,C1),C1) Adjustments for change in taxi population,A,0,False
2022-07-certificate-of-entitlement-quota-for-august-2022-to-october-2022.annex-a.pdf,Aug 2022 to Oct 2022,C1),C1) Adjustments for change in taxi population,B,0,False
2022-07-certificate-of-entitlement-quota-for-august-2022-to-october-2022.annex-a.pdf,Aug 2022 to Oct 2022,C1),C1) Adjustments for change in taxi population,C,0,False
2022-07-certificate-of-entitlement-quota-for-august-2022-to-october-2022.annex-a.pdf,Aug 2022 to Oct 2022,C1),C1) Adjustments for change in taxi population,D,0,False
2022-07-certificate-of-entitlement-quota-for-august-2022-to-october-2022.annex-a.pdf,Aug 2022 to Oct 2022,C1),C1) Adjustments for change in taxi population,E,264,False
2022-07-certificate-of-entitlement-quota-for-august-2022-to-october-2022.annex-a.pdf,Aug 2022 to Oct 2022,C1),C1) Adjustments for change in taxi population,Total,264,False
2022-07-certificate-of-entitlement-quota-for-august-2022-to-october-2022.annex-a.pdf,Aug 2022 to Oct 2022,C2),C2) Adjustments for replacements under Early Turnover Scheme,A,0,False
2022-07-certificate-of-entitlement-quota-for-august-2022-to-october-2022.annex-a.pdf,Aug 2022 to Oct 2022,C2),C2) Adjustments for replacements under Early Turnover Scheme,B,0,False
2022-07-certificate-of-entitlement-quota-for-august-2022-to-october-2022.annex-a.pdf,Aug 2022 to Oct 2022,C2),C2) Adjustments for replacements under Early Turnover Scheme,C,-1632,False
2022-07-certificate-of-entitlement-quota-for-august-2022-to-october-2022.annex-a.pdf,Aug 2022 to Oct 2022,C2),C2) Adjustments for replacements under Early Turnover Scheme,D,0,False
2022-07-certificate-of-entitlement-quota-for-august-2022-to-october-2022.annex-a.pdf,Aug 2022 to Oct 2022,C2),C2) Adjustments for replacements under Early Turnover Scheme,E,-182,False
2022-07-certificate-of-entitlement-quota-for-august-2022-to-october-2022.annex-a.pdf,Aug 2022 to Oct 2022,C2),C2) Adjustments for replacements under Early Turnover Scheme,Total,-1814,False
2022-07-certificate-of-entitlement-quota-for-august-2022-to-october-2022.annex-a.pdf,Aug 2022 to Oct 2022,C3),C3) Expired COEs,A,0,False
2022-07-certificate-of-entitlement-quota-for-august-2022-to-october-2022.annex-a.pdf,Aug 2022 to Oct 2022,C3),C3) Expired COEs,B,3,False
2022-07-certificate-of-entitlement-quota-for-august-2022-to-october-2022.annex-a.pdf,Aug 2022 to Oct 2022,C3),C3) Expired COEs,C,0,False
2022-07-certificate-of-entitlement-quota-for-august-2022-to-october-2022.annex-a.pdf,Aug 2022 to Oct 2022,C3),C3) Expired COEs,D,10,False
2022-07-certificate-of-entitlement-quota-for-august-2022-to-october-2022.annex-a.pdf,Aug 2022 to Oct 2022,C3),C3) Expired COEs,E,0,False
2022-07-certificate-of-entitlement-quota-for-august-2022-to-october-2022.annex-a.pdf,Aug 2022 to Oct 2022,C3),C3) Expired COEs,Total,13,False
2022-07-certificate-of-entitlement-quota-for-august-2022-to-october-2022.annex-a.pdf,Aug 2022 to Oct 2022,(C),(C) Adjustments,A,0,False
2022-07-certificate-of-entitlement-quota-for-august-2022-to-october-2022.annex-a.pdf,Aug 2022 to Oct 2022,(C),(C) Adjustments,B,3,False
2022-07-certificate-of-entitlement-quota-for-august-2022-to-october-2022.annex-a.pdf,Aug 2022 to Oct 2022,(C),(C) Adjustments,C,-1632,False
2022-07-certificate-of-entitlement-quota-for-august-2022-to-october-2022.annex-a.pdf,Aug 2022 to Oct 2022,(C),(C) Adjustments,D,10,False
2022-07-certificate-of-entitlement-quota-for-august-2022-to-october-2022.annex-a.pdf,Aug 2022 to Oct 2022,(C),(C) Adjustments,E,82,False
2022-07-certificate-of-entitlement-quota-for-august-2022-to-october-2022.annex-a.pdf,Aug 2022 to Oct 2022,(C),(C) Adjustments,Total,-1537,False
2022-07-certificate-of-entitlement-quota-for-august-2022-to-october-2022.annex-a.pdf,Aug 2022 to Oct 2022,Total Quota for Aug 2022 to Oct 2022,Total Quota for Aug 2022 to Oct 2022 Bidding Exercises (A + B + C),A,3258,False
2022-07-certificate-of-entitlement-quota-for-august-2022-to-october-2022.annex-a.pdf,Aug 2022 to Oct 2022,Total Quota for Aug 2022 to Oct 2022,Total Quota for Aug 2022 to Oct 2022 Bidding Exercises (A + B + C),B,2819,False
2022-07-certificate-of-entitlement-quota-for-august-2022-to-october-2022.annex-a.pdf,Aug 2022 to Oct 2022,Total Quota for Aug 2022 to Oct 2022,Total Quota for Aug 2022 to Oct 2022 Bidding Exercises (A + B + C),C,499,False
2022-07-certificate-of-entitlement-quota-for-august-2022-to-october-2022.annex-a.pdf,Aug 2022 to Oct 2022,Total Quota for Aug 2022 to Oct 2022,Total Quota for Aug 2022 to Oct 2022 Bidding Exercises (A + B + C),D,3024,False
2022-07-certificate-of-entitlement-quota-for-august-2022-to-october-2022.annex-a.pdf,Aug 2022 to Oct 2022,Total Quota for Aug 2022 to Oct 2022,Total Quota for Aug 2022 to Oct 2022 Bidding Exercises (A + B + C),E,981,False
2022-07-certificate-of-entitlement-quota-for-august-2022-to-october-2022.annex-a.pdf,Aug 2022 to Oct 2022,Total Quota for Aug 2022 to Oct 2022,Total Quota for Aug 2022 to Oct 2022 Bidding Exercises (A + B + C),Total,10581,False
2022-07-certificate-of-entitlement-quota-for-august-2022-to-october-2022.annex-a.pdf,Aug 2022 to Oct 2022,Average Monthly Quota for Aug 2022 to Oct 2022,Average Monthly Quota for Aug 2022 to Oct 2022 Bidding Exercises,A,1086,False
2022-07-certificate-of-entitlement-quota-for-august-2022-to-october-2022.annex-a.pdf,Aug 2022 to Oct 2022,Average Monthly Quota for Aug 2022 to Oct 2022,Average Monthly Quota for Aug 2022 to Oct 2022 Bidding Exercises,B,939,False
2022-07-certificate-of-entitlement-quota-for-august-2022-to-october-2022.annex-a.pdf,Aug 2022 to Oct 2022,Average Monthly Quota for Aug 2022 to Oct 2022,Average Monthly Quota for Aug 2022 to Oct 2022 Bidding Exercises,C,166,False
2022-07-certificate-of-entitlement-quota-for-august-2022-to-october-2022.annex-a.pdf,Aug 2022 to Oct 2022,Average Monthly Quota for Aug 2022 to Oct 2022,Average Monthly Quota for Aug 2022 to Oct 2022 Bidding Exercises,D,1008,False
2022-07-certificate-of-entitlement-quota-for-august-2022-to-october-2022.annex-a.pdf,Aug 2022 to Oct 2022,Average Monthly Quota for Aug 2022 to Oct 2022,Average Monthly Quota for Aug 2022 to Oct 2022 Bidding Exercises,E,327,False
2022-07-certificate-of-entitlement-quota-for-august-2022-to-october-2022.annex-a.pdf,Aug 2022 to Oct 2022,Average Monthly Quota for Aug 2022 to Oct 2022,Average Monthly Quota for Aug 2022 to Oct 2022 Bidding Exercises,Total,3526,False
2022-07-certificate-of-entitlement-quota-for-august-2022-to-october-2022.annex-a.pdf,Aug 2022 to Oct 2022,Monthly Quota for May 2022 to Jul 2022,Monthly Quota for May 2022 to Jul 2022 Bidding Exercises,A,1224,False
2022-07-certificate-of-entitlement-quota-for-august-2022-to-october-2022.annex-a.pdf,Aug 2022 to Oct 2022,Monthly Quota for May 2022 to Jul 2022,Monthly Quota for May 2022 to Jul 2022 Bidding Exercises,B,1053,False
2022-07-certificate-of-entitlement-quota-for-august-2022-to-october-2022.annex-a.pdf,Aug 2022 to Oct 2022,Monthly Quota for May 2022 to Jul 2022,Monthly Quota for May 2022 to Jul 2022 Bidding Exercises,C,205,False
2022-07-certificate-of-entitlement-quota-for-august-2022-to-october-2022.annex-a.pdf,Aug 2022 to Oct 2022,Monthly Quota for May 2022 to Jul 2022,Monthly Quota for May 2022 to Jul 2022 Bidding Exercises,D,1121,False
2022-07-certificate-of-entitlement-quota-for-august-2022-to-october-2022.annex-a.pdf,Aug 2022 to Oct 2022,Monthly Quota for May 2022 to Jul 2022,Monthly Quota for May 2022 to Jul 2022 Bidding Exercises,E,379,False
2022-07-certificate-of-entitlement-quota-for-august-2022-to-october-2022.annex-a.pdf,Aug 2022 to Oct 2022,Monthly Quota for May 2022 to Jul 2022,Monthly Quota for May 2022 to Jul 2022 Bidding Exercises,Total,3982,False
2023-01-certificate-of-entitlement-quota-for-february-2023-to-april-2023.annex-a.pdf,Feb 2023 to Apr 2023,A1),A1) Vehicle Population As at 31 Dec 2022,A,321840,False
2023-01-certificate-of-entitlement-quota-for-february-2023-to-april-2023.annex-a.pdf,Feb 2023 to Apr 2023,A1),A1) Vehicle Population As at 31 Dec 2022,B,328368,False
2023-01-certificate-of-entitlement-quota-for-february-2023-to-april-2023.annex-a.pdf,Feb 2023 to Apr 2023,A1),A1) Vehicle Population As at 31 Dec 2022,C,154376,False
2023-01-certificate-of-entitlement-quota-for-february-2023-to-april-2023.annex-a.pdf,Feb 2023 to Apr 2023,A1),A1) Vehicle Population As at 31 Dec 2022,D,142404,False
2023-01-certificate-of-entitlement-quota-for-february-2023-to-april-2023.annex-a.pdf,Feb 2023 to Apr 2023,A1),A1) Vehicle Population As at 31 Dec 2022,E,0,False
2023-01-certificate-of-entitlement-quota-for-february-2023-to-april-2023.annex-a.pdf,Feb 2023 to Apr 2023,A1),A1) Vehicle Population As at 31 Dec 2022,Total,946988,False
2023-01-certificate-of-entitlement-quota-for-february-2023-to-april-2023.annex-a.pdf,Feb 2023 to Apr 2023,A2),A2) Net Increase allowed per quarter [Cat C Only] [0.25% x vehicle population / 4],A,0,False
2023-01-certificate-of-entitlement-quota-for-february-2023-to-april-2023.annex-a.pdf,Feb 2023 to Apr 2023,A2),A2) Net Increase allowed per quarter [Cat C Only] [0.25% x vehicle population / 4],B,0,False
2023-01-certificate-of-entitlement-quota-for-february-2023-to-april-2023.annex-a.pdf,Feb 2023 to Apr 2023,A2),A2) Net Increase allowed per quarter [Cat C Only] [0.25% x vehicle population / 4],C,96,False
2023-01-certificate-of-entitlement-quota-for-february-2023-to-april-2023.annex-a.pdf,Feb 2023 to Apr 2023,A2),A2) Net Increase allowed per quarter [Cat C Only] [0.25% x vehicle population / 4],D,0,False
2023-01-certificate-of-entitlement-quota-for-february-2023-to-april-2023.annex-a.pdf,Feb 2023 to Apr 2023,A2),A2) Net Increase allowed per quarter [Cat C Only] [0.25% x vehicle population / 4],E,0,False
2023-01-certificate-of-entitlement-quota-for-february-2023-to-april-2023.annex-a.pdf,Feb 2023 to Apr 2023,A2),A2) Net Increase allowed per quarter [Cat C Only] [0.25% x vehicle population / 4],Total,96,False
2023-01-certificate-of-entitlement-quota-for-february-2023-to-april-2023.annex-a.pdf,Feb 2023 to Apr 2023,(A),(A) Increase in Vehicle Population,A,0,False
2023-01-certificate-of-entitlement-quota-for-february-2023-to-april-2023.annex-a.pdf,Feb 2023 to Apr 2023,(A),(A) Increase in Vehicle Population,B,0,False
2023-01-certificate-of-entitlement-quota-for-february-2023-to-april-2023.annex-a.pdf,Feb 2023 to Apr 2023,(A),(A) Increase in Vehicle Population,C,96,False
2023-01-certificate-of-entitlement-quota-for-february-2023-to-april-2023.annex-a.pdf,Feb 2023 to Apr 2023,(A),(A) Increase in Vehicle Population,D,0,False
2023-01-certificate-of-entitlement-quota-for-february-2023-to-april-2023.annex-a.pdf,Feb 2023 to Apr 2023,(A),(A) Increase in Vehicle Population,E,0,False
2023-01-certificate-of-entitlement-quota-for-february-2023-to-april-2023.annex-a.pdf,Feb 2023 to Apr 2023,(A),(A) Increase in Vehicle Population,Total,96,False
2023-01-certificate-of-entitlement-quota-for-february-2023-to-april-2023.annex-a.pdf,Feb 2023 to Apr 2023,B1),B1) Total vehicle deregistrations from Jan 2022 to Dec 2022,A,13471,False
2023-01-certificate-of-entitlement-quota-for-february-2023-to-april-2023.annex-a.pdf,Feb 2023 to Apr 2023,B1),B1) Total vehicle deregistrations from Jan 2022 to Dec 2022,B,11467,False
2023-01-certificate-of-entitlement-quota-for-february-2023-to-april-2023.annex-a.pdf,Feb 2023 to Apr 2023,B1),B1) Total vehicle deregistrations from Jan 2022 to Dec 2022,C,9043,False
2023-01-certificate-of-entitlement-quota-for-february-2023-to-april-2023.annex-a.pdf,Feb 2023 to Apr 2023,B1),B1) Total vehicle deregistrations from Jan 2022 to Dec 2022,D,11145,False
2023-01-certificate-of-entitlement-quota-for-february-2023-to-april-2023.annex-a.pdf,Feb 2023 to Apr 2023,B1),B1) Total vehicle deregistrations from Jan 2022 to Dec 2022,E,0,False
2023-01-certificate-of-entitlement-quota-for-february-2023-to-april-2023.annex-a.pdf,Feb 2023 to Apr 2023,B1),B1) Total vehicle deregistrations from Jan 2022 to Dec 2022,Total,45126,False
2023-01-certificate-of-entitlement-quota-for-february-2023-to-april-2023.annex-a.pdf,Feb 2023 to Apr 2023,B2),B2) 25% of total vehicle deregistrations from Jan 2022 to Dec 2022,A,3368,False
2023-01-certificate-of-entitlement-quota-for-february-2023-to-april-2023.annex-a.pdf,Feb 2023 to Apr 2023,B2),B2) 25% of total vehicle deregistrations from Jan 2022 to Dec 2022,B,2866,False
2023-01-certificate-of-entitlement-quota-for-february-2023-to-april-2023.annex-a.pdf,Feb 2023 to Apr 2023,B2),B2) 25% of total vehicle deregistrations from Jan 2022 to Dec 2022,C,2261,False
2023-01-certificate-of-entitlement-quota-for-february-2023-to-april-2023.annex-a.pdf,Feb 2023 to Apr 2023,B2),B2) 25% of total vehicle deregistrations from Jan 2022 to Dec 2022,D,2786,False
2023-01-certificate-of-entitlement-quota-for-february-2023-to-april-2023.annex-a.pdf,Feb 2023 to Apr 2023,B2),B2) 25% of total vehicle deregistrations from Jan 2022 to Dec 2022,E,0,False
2023-01-certificate-of-entitlement-quota-for-february-2023-to-april-2023.annex-a.pdf,Feb 2023 to Apr 2023,B2),B2) 25% of total vehicle deregistrations from Jan 2022 to Dec 2022,Total,11281,False
2023-01-certificate-of-entitlement-quota-for-february-2023-to-april-2023.annex-a.pdf,Feb 2023 to Apr 2023,B3),B3) Contribution of deregistrations to Category E (10% of B2),A,-336,False
2023-01-certificate-of-entitlement-quota-for-february-2023-to-april-2023.annex-a.pdf,Feb 2023 to Apr 2023,B3),B3) Contribution of deregistrations to Category E (10% of B2),B,-286,False
2023-01-certificate-of-entitlement-quota-for-february-2023-to-april-2023.annex-a.pdf,Feb 2023 to Apr 2023,B3),B3) Contribution of deregistrations to Category E (10% of B2),C,-226,False
2023-01-certificate-of-entitlement-quota-for-february-2023-to-april-2023.annex-a.pdf,Feb 2023 to Apr 2023,B3),B3) Contribution of deregistrations to Category E (10% of B2),D,0,False
2023-01-certificate-of-entitlement-quota-for-february-2023-to-april-2023.annex-a.pdf,Feb 2023 to Apr 2023,B3),B3) Contribution of deregistrations to Category E (10% of B2),E,848,False
2023-01-certificate-of-entitlement-quota-for-february-2023-to-april-2023.annex-a.pdf,Feb 2023 to Apr 2023,B3),B3) Contribution of deregistrations to Category E (10% of B2),Total,0,False
2023-01-certificate-of-entitlement-quota-for-february-2023-to-april-2023.annex-a.pdf,Feb 2023 to Apr 2023,(B),(B) Replacements of Deregistered Vehicles,A,3032,False
2023-01-certificate-of-entitlement-quota-for-february-2023-to-april-2023.annex-a.pdf,Feb 2023 to Apr 2023,(B),(B) Replacements of Deregistered Vehicles,B,2580,False
2023-01-certificate-of-entitlement-quota-for-february-2023-to-april-2023.annex-a.pdf,Feb 2023 to Apr 2023,(B),(B) Replacements of Deregistered Vehicles,C,2035,False
2023-01-certificate-of-entitlement-quota-for-february-2023-to-april-2023.annex-a.pdf,Feb 2023 to Apr 2023,(B),(B) Replacements of Deregistered Vehicles,D,2786,False
2023-01-certificate-of-entitlement-quota-for-february-2023-to-april-2023.annex-a.pdf,Feb 2023 to Apr 2023,(B),(B) Replacements of Deregistered Vehicles,E,848,False
2023-01-certificate-of-entitlement-quota-for-february-2023-to-april-2023.annex-a.pdf,Feb 2023 to Apr 2023,(B),(B) Replacements of Deregistered Vehicles,Total,11281,False
2023-01-certificate-of-entitlement-quota-for-february-2023-to-april-2023.annex-a.pdf,Feb 2023 to Apr 2023,C1),C1) Adjustments for change in taxi population,A,0,False
2023-01-certificate-of-entitlement-quota-for-february-2023-to-april-2023.annex-a.pdf,Feb 2023 to Apr 2023,C1),C1) Adjustments for change in taxi population,B,0,False
2023-01-certificate-of-entitlement-quota-for-february-2023-to-april-2023.annex-a.pdf,Feb 2023 to Apr 2023,C1),C1) Adjustments for change in taxi population,C,0,False
2023-01-certificate-of-entitlement-quota-for-february-2023-to-april-2023.annex-a.pdf,Feb 2023 to Apr 2023,C1),C1) Adjustments for change in taxi population,D,0,False
2023-01-certificate-of-entitlement-quota-for-february-2023-to-april-2023.annex-a.pdf,Feb 2023 to Apr 2023,C1),C1) Adjustments for change in taxi population,E,137,False
2023-01-certificate-of-entitlement-quota-for-february-2023-to-april-2023.annex-a.pdf,Feb 2023 to Apr 2023,C1),C1) Adjustments for change in taxi population,Total,137,False
2023-01-certificate-of-entitlement-quota-for-february-2023-to-april-2023.annex-a.pdf,Feb 2023 to Apr 2023,C2),C2) Adjustments for replacements under Early Turnover Scheme,A,0,False
2023-01-certificate-of-entitlement-quota-for-february-2023-to-april-2023.annex-a.pdf,Feb 2023 to Apr 2023,C2),C2) Adjustments for replacements under Early Turnover Scheme,B,0,False
2023-01-certificate-of-entitlement-quota-for-february-2023-to-april-2023.annex-a.pdf,Feb 2023 to Apr 2023,C2),C2) Adjustments for replacements under Early Turnover Scheme,C,-1872,False
2023-01-certificate-of-entitlement-quota-for-february-2023-to-april-2023.annex-a.pdf,Feb 2023 to Apr 2023,C2),C2) Adjustments for replacements under Early Turnover Scheme,D,0,False
2023-01-certificate-of-entitlement-quota-for-february-2023-to-april-2023.annex-a.pdf,Feb 2023 to Apr 2023,C2),C2) Adjustments for replacements under Early Turnover Scheme,E,-208,False
2023-01-certificate-of-entitlement-quota-for-february-2023-to-april-2023.annex-a.pdf,Feb 2023 to Apr 2023,C2),C2) Adjustments for replacements under Early Turnover Scheme,Total,-2080,False
2023-01-certificate-of-entitlement-quota-for-february-2023-to-april-2023.annex-a.pdf,Feb 2023 to Apr 2023,C3),C3) Expired COEs,A,0,False
2023-01-certificate-of-entitlement-quota-for-february-2023-to-april-2023.annex-a.pdf,Feb 2023 to Apr 2023,C3),C3) Expired COEs,B,2,False
2023-01-certificate-of-entitlement-quota-for-february-2023-to-april-2023.annex-a.pdf,Feb 2023 to Apr 2023,C3),C3) Expired COEs,C,0,False
2023-01-certificate-of-entitlement-quota-for-february-2023-to-april-2023.annex-a.pdf,Feb 2023 to Apr 2023,C3),C3) Expired COEs,D,1,False
2023-01-certificate-of-entitlement-quota-for-february-2023-to-april-2023.annex-a.pdf,Feb 2023 to Apr 2023,C3),C3) Expired COEs,E,0,False
2023-01-certificate-of-entitlement-quota-for-february-2023-to-april-2023.annex-a.pdf,Feb 2023 to Apr 2023,C3),C3) Expired COEs,Total,3,False
2023-01-certificate-of-entitlement-quota-for-february-2023-to-april-2023.annex-a.pdf,Feb 2023 to Apr 2023,(C),(C) Adjustments,A,0,False
2023-01-certificate-of-entitlement-quota-for-february-2023-to-april-2023.annex-a.pdf,Feb 2023 to Apr 2023,(C),(C) Adjustments,B,2,False
2023-01-certificate-of-entitlement-quota-for-february-2023-to-april-2023.annex-a.pdf,Feb 2023 to Apr 2023,(C),(C) Adjustments,C,-1872,False
2023-01-certificate-of-entitlement-quota-for-february-2023-to-april-2023.annex-a.pdf,Feb 2023 to Apr 2023,(C),(C) Adjustments,D,1,False
2023-01-certificate-of-entitlement-quota-for-february-2023-to-april-2023.annex-a.pdf,Feb 2023 to Apr 2023,(C),(C) Adjustments,E,-71,False
2023-01-certificate-of-entitlement-quota-for-february-2023-to-april-2023.annex-a.pdf,Feb 2023 to Apr 2023,(C),(C) Adjustments,Total,-1940,False
2023-01-certificate-of-entitlement-quota-for-february-2023-to-april-2023.annex-a.pdf,Feb 2023 to Apr 2023,Total Quota for Feb 2023 to Apr 2023,Total Quota for Feb 2023 to Apr 2023 Bidding Exercises (A + B + C),A,3032,False
2023-01-certificate-of-entitlement-quota-for-february-2023-to-april-2023.annex-a.pdf,Feb 2023 to Apr 2023,Total Quota for Feb 2023 to Apr 2023,Total Quota for Feb 2023 to Apr 2023 Bidding Exercises (A + B + C),B,2582,False
2023-01-certificate-of-entitlement-quota-for-february-2023-to-april-2023.annex-a.pdf,Feb 2023 to Apr 2023,Total Quota for Feb 2023 to Apr 2023,Total Quota for Feb 2023 to Apr 2023 Bidding Exercises (A + B + C),C,259,False
2023-01-certificate-of-entitlement-quota-for-february-2023-to-april-2023.annex-a.pdf,Feb 2023 to Apr 2023,Total Quota for Feb 2023 to Apr 2023,Total Quota for Feb 2023 to Apr 2023 Bidding Exercises (A + B + C),D,2787,False
2023-01-certificate-of-entitlement-quota-for-february-2023-to-april-2023.annex-a.pdf,Feb 2023 to Apr 2023,Total Quota for Feb 2023 to Apr 2023,Total Quota for Feb 2023 to Apr 2023 Bidding Exercises (A + B + C),E,777,False
2023-01-certificate-of-entitlement-quota-for-february-2023-to-april-2023.annex-a.pdf,Feb 2023 to Apr 2023,Total Quota for Feb 2023 to Apr 2023,Total Quota for Feb 2023 to Apr 2023 Bidding Exercises (A + B + C),Total,9437,False
2023-01-certificate-of-entitlement-quota-for-february-2023-to-april-2023.annex-a.pdf,Feb 2023 to Apr 2023,Average Monthly Quota for Feb 2023 to Apr 2023,Average Monthly Quota for Feb 2023 to Apr 2023 Bidding Exercises,A,1010,False
2023-01-certificate-of-entitlement-quota-for-february-2023-to-april-2023.annex-a.pdf,Feb 2023 to Apr 2023,Average Monthly Quota for Feb 2023 to Apr 2023,Average Monthly Quota for Feb 2023 to Apr 2023 Bidding Exercises,B,860,False
2023-01-certificate-of-entitlement-quota-for-february-2023-to-april-2023.annex-a.pdf,Feb 2023 to Apr 2023,Average Monthly Quota for Feb 2023 to Apr 2023,Average Monthly Quota for Feb 2023 to Apr 2023 Bidding Exercises,C,86,False
2023-01-certificate-of-entitlement-quota-for-february-2023-to-april-2023.annex-a.pdf,Feb 2023 to Apr 2023,Average Monthly Quota for Feb 2023 to Apr 2023,Average Monthly Quota for Feb 2023 to Apr 2023 Bidding Exercises,D,929,False
2023-01-certificate-of-entitlement-quota-for-february-2023-to-april-2023.annex-a.pdf,Feb 2023 to Apr 2023,Average Monthly Quota for Feb 2023 to Apr 2023,Average Monthly Quota for Feb 2023 to Apr 2023 Bidding Exercises,E,259,False
2023-01-certificate-of-entitlement-quota-for-february-2023-to-april-2023.annex-a.pdf,Feb 2023 to Apr 2023,Average Monthly Quota for Feb 2023 to Apr 2023,Average Monthly Quota for Feb 2023 to Apr 2023 Bidding Exercises,Total,3144,False
2023-01-certificate-of-entitlement-quota-for-february-2023-to-april-2023.annex-a.pdf,Feb 2023 to Apr 2023,Average Monthly Quota for Nov 2022 to Jan 2023,Average Monthly Quota for Nov 2022 to Jan 2023 Bidding Exercises,A,915,False
2023-01-certificate-of-entitlement-quota-for-february-2023-to-april-2023.annex-a.pdf,Feb 2023 to Apr 2023,Average Monthly Quota for Nov 2022 to Jan 2023,Average Monthly Quota for Nov 2022 to Jan 2023 Bidding Exercises,B,817,False
2023-01-certificate-of-entitlement-quota-for-february-2023-to-april-2023.annex-a.pdf,Feb 2023 to Apr 2023,Average Monthly Quota for Nov 2022 to Jan 2023,Average Monthly Quota for Nov 2022 to Jan 2023 Bidding Exercises,C,137,False
2023-01-certificate-of-entitlement-quota-for-february-2023-to-april-2023.annex-a.pdf,Feb 2023 to Apr 2023,Average Monthly Quota for Nov 2022 to Jan 2023,Average Monthly Quota for Nov 2022 to Jan 2023 Bidding Exercises,D,880,False
2023-01-certificate-of-entitlement-quota-for-february-2023-to-april-2023.annex-a.pdf,Feb 2023 to Apr 2023,Average Monthly Quota for Nov 2022 to Jan 2023,Average Monthly Quota for Nov 2022 to Jan 2023 Bidding Exercises,E,291,False
2023-01-certificate-of-entitlement-quota-for-february-2023-to-april-2023.annex-a.pdf,Feb 2023 to Apr 2023,Average Monthly Quota for Nov 2022 to Jan 2023,Average Monthly Quota for Nov 2022 to Jan 2023 Bidding Exercises,Total,3040,False
2023-10-COE_quota_for_Nov23_to_Jan24.annex-a.pdf,Nov 2023 to Jan 2024,A1),A1) Vehicle Population As at 31 Dec 2022,A,321840,True
2023-10-COE_quota_for_Nov23_to_Jan24.annex-a.pdf,Nov 2023 to Jan 2024,A1),A1) Vehicle Population As at 31 Dec 2022,B,328368,True
2023-10-COE_quota_for_Nov23_to_Jan24.annex-a.pdf,Nov 2023 to Jan 2024,A1),A1) Vehicle Population As at 31 Dec 2022,C,154376,True
2023-10-COE_quota_for_Nov23_to_Jan24.annex-a.pdf,Nov 2023 to Jan 2024,A1),A1) Vehicle Population As at 31 Dec 2022,D,142404,True
2023-10-COE_quota_for_Nov23_to_Jan24.annex-a.pdf,Nov 2023 to Jan 2024,A1),A1) Vehicle Population As at 31 Dec 2022,E,0,True
2023-10-COE_quota_for_Nov23_to_Jan24.annex-a.pdf,Nov 2023 to Jan 2024,A1),A1) Vehicle Population As at 31 Dec 2022,Total,946988,True
2023-10-COE_quota_for_Nov23_to_Jan24.annex-a.pdf,Nov 2023 to Jan 2024,A2),A2) Net Increase allowed per quarter [Cat C Only] [0.25% x vehicle population / 4],A,0,False
2023-10-COE_quota_for_Nov23_to_Jan24.annex-a.pdf,Nov 2023 to Jan 2024,A2),A2) Net Increase allowed per quarter [Cat C Only] [0.25% x vehicle population / 4],B,0,False
2023-10-COE_quota_for_Nov23_to_Jan24.annex-a.pdf,Nov 2023 to Jan 2024,A2),A2) Net Increase allowed per quarter [Cat C Only] [0.25% x vehicle population / 4],C,96,False
2023-10-COE_quota_for_Nov23_to_Jan24.annex-a.pdf,Nov 2023 to Jan 2024,A2),A2) Net Increase allowed per quarter [Cat C Only] [0.25% x vehicle population / 4],D,0,False
2023-10-COE_quota_for_Nov23_to_Jan24.annex-a.pdf,Nov 2023 to Jan 2024,A2),A2) Net Increase allowed per quarter [Cat C Only] [0.25% x vehicle population / 4],E,0,False
2023-10-COE_quota_for_Nov23_to_Jan24.annex-a.pdf,Nov 2023 to Jan 2024,A2),A2) Net Increase allowed per quarter [Cat C Only] [0.25% x vehicle population / 4],Total,96,False
2023-10-COE_quota_for_Nov23_to_Jan24.annex-a.pdf,Nov 2023 to Jan 2024,(A),(A) Increase in Vehicle Population,A,0,False
2023-10-COE_quota_for_Nov23_to_Jan24.annex-a.pdf,Nov 2023 to Jan 2024,(A),(A) Increase in Vehicle Population,B,0,False
2023-10-COE_quota_for_Nov23_to_Jan24.annex-a.pdf,Nov 2023 to Jan 2024,(A),(A) Increase in Vehicle Population,C,96,False
2023-10-COE_quota_for_Nov23_to_Jan24.annex-a.pdf,Nov 2023 to Jan 2024,(A),(A) Increase in Vehicle Population,D,0,False
2023-10-COE_quota_for_Nov23_to_Jan24.annex-a.pdf,Nov 2023 to Jan 2024,(A),(A) Increase in Vehicle Population,E,0,False
2023-10-COE_quota_for_Nov23_to_Jan24.annex-a.pdf,Nov 2023 to Jan 2024,(A),(A) Increase in Vehicle Population,Total,96,False
2023-10-COE_quota_for_Nov23_to_Jan24.annex-a.pdf,Nov 2023 to Jan 2024,B1),B1) Total vehicle deregistrations from Oct 2022 to Sep 2023,A,15088,False
2023-10-COE_quota_for_Nov23_to_Jan24.annex-a.pdf,Nov 2023 to Jan 2024,B1),B1) Total vehicle deregistrations from Oct 2022 to Sep 2023,B,11577,False
2023-10-COE_quota_for_Nov23_to_Jan24.annex-a.pdf,Nov 2023 to Jan 2024,B1),B1) Total vehicle deregistrations from Oct 2022 to Sep 2023,C,8159,False
2023-10-COE_quota_for_Nov23_to_Jan24.annex-a.pdf,Nov 2023 to Jan 2024,B1),B1) Total vehicle deregistrations from Oct 2022 to Sep 2023,D,11355,False
2023-10-COE_quota_for_Nov23_to_Jan24.annex-a.pdf,Nov 2023 to Jan 2024,B1),B1) Total vehicle deregistrations from Oct 2022 to Sep 2023,E,0,False
2023-10-COE_quota_for_Nov23_to_Jan24.annex-a.pdf,Nov 2023 to Jan 2024,B1),B1) Total vehicle deregistrations from Oct 2022 to Sep 2023,Total,46179,False
2023-10-COE_quota_for_Nov23_to_Jan24.annex-a.pdf,Nov 2023 to Jan 2024,B2),B2) Total vehicle deregistrations over Oct 2022 to Sep 2023 arising from guaranteed deregistrations,A,2,False
2023-10-COE_quota_for_Nov23_to_Jan24.annex-a.pdf,Nov 2023 to Jan 2024,B2),B2) Total vehicle deregistrations over Oct 2022 to Sep 2023 arising from guaranteed deregistrations,B,2,False
2023-10-COE_quota_for_Nov23_to_Jan24.annex-a.pdf,Nov 2023 to Jan 2024,B2),B2) Total vehicle deregistrations over Oct 2022 to Sep 2023 arising from guaranteed deregistrations,C,0,False
2023-10-COE_quota_for_Nov23_to_Jan24.annex-a.pdf,Nov 2023 to Jan 2024,B2),B2) Total vehicle deregistrations over Oct 2022 to Sep 2023 arising from guaranteed deregistrations,D,0,False
2023-10-COE_quota_for_Nov23_to_Jan24.annex-a.pdf,Nov 2023 to Jan 2024,B2),B2) Total vehicle deregistrations over Oct 2022 to Sep 2023 arising from guaranteed deregistrations,E,0,False
2023-10-COE_quota_for_Nov23_to_Jan24.annex-a.pdf,Nov 2023 to Jan 2024,B2),B2) Total vehicle deregistrations over Oct 2022 to Sep 2023 arising from guaranteed deregistrations,Total,4,False
2023-10-COE_quota_for_Nov23_to_Jan24.annex-a.pdf,Nov 2023 to Jan 2024,B3),B3) 25% of effective vehicle deregistrations Oct 2022 to Sep 2023 (25% of B1-B2),A,3772,False
2023-10-COE_quota_for_Nov23_to_Jan24.annex-a.pdf,Nov 2023 to Jan 2024,B3),B3) 25% of effective vehicle deregistrations Oct 2022 to Sep 2023 (25% of B1-B2),B,2894,False
2023-10-COE_quota_for_Nov23_to_Jan24.annex-a.pdf,Nov 2023 to Jan 2024,B3),B3) 25% of effective vehicle deregistrations Oct 2022 to Sep 2023 (25% of B1-B2),C,2040,False
2023-10-COE_quota_for_Nov23_to_Jan24.annex-a.pdf,Nov 2023 to Jan 2024,B3),B3) 25% of effective vehicle deregistrations Oct 2022 to Sep 2023 (25% of B1-B2),D,2838,False
2023-10-COE_quota_for_Nov23_to_Jan24.annex-a.pdf,Nov 2023 to Jan 2024,B3),B3) 25% of effective vehicle deregistrations Oct 2022 to Sep 2023 (25% of B1-B2),E,0,False
2023-10-COE_quota_for_Nov23_to_Jan24.annex-a.pdf,Nov 2023 to Jan 2024,B3),B3) 25% of effective vehicle deregistrations Oct 2022 to Sep 2023 (25% of B1-B2),Total,11544,False
2023-10-COE_quota_for_Nov23_to_Jan24.annex-a.pdf,Nov 2023 to Jan 2024,B4),B4) Contribution of deregistrations to Category E (10% of B3),A,-377,False
2023-10-COE_quota_for_Nov23_to_Jan24.annex-a.pdf,Nov 2023 to Jan 2024,B4),B4) Contribution of deregistrations to Category E (10% of B3),B,-289,False
2023-10-COE_quota_for_Nov23_to_Jan24.annex-a.pdf,Nov 2023 to Jan 2024,B4),B4) Contribution of deregistrations to Category E (10% of B3),C,-204,False
2023-10-COE_quota_for_Nov23_to_Jan24.annex-a.pdf,Nov 2023 to Jan 2024,B4),B4) Contribution of deregistrations to Category E (10% of B3),D,0,False
2023-10-COE_quota_for_Nov23_to_Jan24.annex-a.pdf,Nov 2023 to Jan 2024,B4),B4) Contribution of deregistrations to Category E (10% of B3),E,870,False
2023-10-COE_quota_for_Nov23_to_Jan24.annex-a.pdf,Nov 2023 to Jan 2024,B4),B4) Contribution of deregistrations to Category E (10% of B3),Total,0,False
2023-10-COE_quota_for_Nov23_to_Jan24.annex-a.pdf,Nov 2023 to Jan 2024,(B),(B) Replacements of De-registered Vehicles,A,3395,False
2023-10-COE_quota_for_Nov23_to_Jan24.annex-a.pdf,Nov 2023 to Jan 2024,(B),(B) Replacements of De-registered Vehicles,B,2605,False
2023-10-COE_quota_for_Nov23_to_Jan24.annex-a.pdf,Nov 2023 to Jan 2024,(B),(B) Replacements of De-registered Vehicles,C,1836,False
2023-10-COE_quota_for_Nov23_to_Jan24.annex-a.pdf,Nov 2023 to Jan 2024,(B),(B) Replacements of De-registered Vehicles,D,2838,False
2023-10-COE_quota_for_Nov23_to_Jan24.annex-a.pdf,Nov 2023 to Jan 2024,(B),(B) Replacements of De-registered Vehicles,E,870,False
2023-10-COE_quota_for_Nov23_to_Jan24.annex-a.pdf,Nov 2023 to Jan 2024,(B),(B) Replacements of De-registered Vehicles,Total,11544,False
2023-10-COE_quota_for_Nov23_to_Jan24.annex-a.pdf,Nov 2023 to Jan 2024,C1),C1) Adjustments for change in taxi population,A,0,False
2023-10-COE_quota_for_Nov23_to_Jan24.annex-a.pdf,Nov 2023 to Jan 2024,C1),C1) Adjustments for change in taxi population,B,0,False
2023-10-COE_quota_for_Nov23_to_Jan24.annex-a.pdf,Nov 2023 to Jan 2024,C1),C1) Adjustments for change in taxi population,C,0,False
2023-10-COE_quota_for_Nov23_to_Jan24.annex-a.pdf,Nov 2023 to Jan 2024,C1),C1) Adjustments for change in taxi population,D,0,False
2023-10-COE_quota_for_Nov23_to_Jan24.annex-a.pdf,Nov 2023 to Jan 2024,C1),C1) Adjustments for change in taxi population,E,112,False
2023-10-COE_quota_for_Nov23_to_Jan24.annex-a.pdf,Nov 2023 to Jan 2024,C1),C1) Adjustments for change in taxi population,Total,112,False
2023-10-COE_quota_for_Nov23_to_Jan24.annex-a.pdf,Nov 2023 to Jan 2024,C2),C2) Adjustments under Early Turnover Scheme,A,0,False
2023-10-COE_quota_for_Nov23_to_Jan24.annex-a.pdf,Nov 2023 to Jan 2024,C2),C2) Adjustments under Early Turnover Scheme,B,0,False
2023-10-COE_quota_for_Nov23_to_Jan24.annex-a.pdf,Nov 2023 to Jan 2024,C2),C2) Adjustments under Early Turnover Scheme,C,-1009,False
2023-10-COE_quota_for_Nov23_to_Jan24.annex-a.pdf,Nov 2023 to Jan 2024,C2),C2) Adjustments under Early Turnover Scheme,D,0,False
2023-10-COE_quota_for_Nov23_to_Jan24.annex-a.pdf,Nov 2023 to Jan 2024,C2),C2) Adjustments under Early Turnover Scheme,E,-142,False
2023-10-COE_quota_for_Nov23_to_Jan24.annex-a.pdf,Nov 2023 to Jan 2024,C2),C2) Adjustments under Early Turnover Scheme,Total,-1151,False
2023-10-COE_quota_for_Nov23_to_Jan24.annex-a.pdf,Nov 2023 to Jan 2024,C3),C3) Expired COEs,A,2,False
2023-10-COE_quota_for_Nov23_to_Jan24.annex-a.pdf,Nov 2023 to Jan 2024,C3),C3) Expired COEs,B,7,False
2023-10-COE_quota_for_Nov23_to_Jan24.annex-a.pdf,Nov 2023 to Jan 2024,C3),C3) Expired COEs,C,1,False
2023-10-COE_quota_for_Nov23_to_Jan24.annex-a.pdf,Nov 2023 to Jan 2024,C3),C3) Expired COEs,D,267,False
2023-10-COE_quota_for_Nov23_to_Jan24.annex-a.pdf,Nov 2023 to Jan 2024,C3),C3) Expired COEs,E,1,False
2023-10-COE_quota_for_Nov23_to_Jan24.annex-a.pdf,Nov 2023 to Jan 2024,C3),C3) Expired COEs,Total,278,False
2023-10-COE_quota_for_Nov23_to_Jan24.annex-a.pdf,Nov 2023 to Jan 2024,C4),C4) Redistribution from guaranteed deregistrations,A,1570,False
2023-10-COE_quota_for_Nov23_to_Jan24.annex-a.pdf,Nov 2023 to Jan 2024,C4),C4) Redistribution from guaranteed deregistrations,B,325,False
2023-10-COE_quota_for_Nov23_to_Jan24.annex-a.pdf,Nov 2023 to Jan 2024,C4),C4) Redistribution from guaranteed deregistrations,C,0,False
2023-10-COE_quota_for_Nov23_to_Jan24.annex-a.pdf,Nov 2023 to Jan 2024,C4),C4) Redistribution from guaranteed deregistrations,D,0,False
2023-10-COE_quota_for_Nov23_to_Jan24.annex-a.pdf,Nov 2023 to Jan 2024,C4),C4) Redistribution from guaranteed deregistrations,E,0,False
2023-10-COE_quota_for_Nov23_to_Jan24.annex-a.pdf,Nov 2023 to Jan 2024,C4),C4) Redistribution from guaranteed deregistrations,Total,1895,False
2023-10-COE_quota_for_Nov23_to_Jan24.annex-a.pdf,Nov 2023 to Jan 2024,(C),(C) Adjustments,A,1572,False
2023-10-COE_quota_for_Nov23_to_Jan24.annex-a.pdf,Nov 2023 to Jan 2024,(C),(C) Adjustments,B,332,False
2023-10-COE_quota_for_Nov23_to_Jan24.annex-a.pdf,Nov 2023 to Jan 2024,(C),(C) Adjustments,C,-1008,False
2023-10-COE_quota_for_Nov23_to_Jan24.annex-a.pdf,Nov 2023 to Jan 2024,(C),(C) Adjustments,D,267,False
2023-10-COE_quota_for_Nov23_to_Jan24.annex-a.pdf,Nov 2023 to Jan 2024,(C),(C) Adjustments,E,-29,False
2023-10-COE_quota_for_Nov23_to_Jan24.annex-a.pdf,Nov 2023 to Jan 2024,(C),(C) Adjustments,Total,1134,False
2023-10-COE_quota_for_Nov23_to_Jan24.annex-a.pdf,Nov 2023 to Jan 2024,Total Quota for Nov 2023 to Jan 2024,Total Quota for Nov 2023 to Jan 2024 Bidding Exercises (A + B + C),A,4967,False
2023-10-COE_quota_for_Nov23_to_Jan24.annex-a.pdf,Nov 2023 to Jan 2024,Total Quota for Nov 2023 to Jan 2024,Total Quota for Nov 2023 to Jan 2024 Bidding Exercises (A + B + C),B,2937,False
2023-10-COE_quota_for_Nov23_to_Jan24.annex-a.pdf,Nov 2023 to Jan 2024,Total Quota for Nov 2023 to Jan 2024,Total Quota for Nov 2023 to Jan 2024 Bidding Exercises (A + B + C),C,924,False
2023-10-COE_quota_for_Nov23_to_Jan24.annex-a.pdf,Nov 2023 to Jan 2024,Total Quota for Nov 2023 to Jan 2024,Total Quota for Nov 2023 to Jan 2024 Bidding Exercises (A + B + C),D,3105,False
2023-10-COE_quota_for_Nov23_to_Jan24.annex-a.pdf,Nov 2023 to Jan 2024,Total Quota for Nov 2023 to Jan 2024,Total Quota for Nov 2023 to Jan 2024 Bidding Exercises (A + B + C),E,841,False
2023-10-COE_quota_for_Nov23_to_Jan24.annex-a.pdf,Nov 2023 to Jan 2024,Total Quota for Nov 2023 to Jan 2024,Total Quota for Nov 2023 to Jan 2024 Bidding Exercises (A + B + C),Total,12774,False
2023-10-COE_quota_for_Nov23_to_Jan24.annex-a.pdf,Nov 2023 to Jan 2024,Total Quota for Aug 2023 to Oct 2023,Total Quota for Aug 2023 to Oct 2023 Bidding Exercises,A,4085,False
2023-10-COE_quota_for_Nov23_to_Jan24.annex-a.pdf,Nov 2023 to Jan 2024,Total Quota for Aug 2023 to Oct 2023,Total Quota for Aug 2023 to Oct 2023 Bidding Exercises,B,2816,False
2023-10-COE_quota_for_Nov23_to_Jan24.annex-a.pdf,Nov 2023 to Jan 2024,Total Quota for Aug 2023 to Oct 2023,Total Quota for Aug 2023 to Oct 2023 Bidding Exercises,C,684,False
2023-10-COE_quota_for_Nov23_to_Jan24.annex-a.pdf,Nov 2023 to Jan 2024,Total Quota for Aug 2023 to Oct 2023,Total Quota for Aug 2023 to Oct 2023 Bidding Exercises,D,2957,False
2023-10-COE_quota_for_Nov23_to_Jan24.annex-a.pdf,Nov 2023 to Jan 2024,Total Quota for Aug 2023 to Oct 2023,Total Quota for Aug 2023 to Oct 2023 Bidding Exercises,E,777,False
2023-10-COE_quota_for_Nov23_to_Jan24.annex-a.pdf,Nov 2023 to Jan 2024,Total Quota for Aug 2023 to Oct 2023,Total Quota for Aug 2023 to Oct 2023 Bidding Exercises,Total,11319,False
2023-11-further_increases_in_coe_quota.annex-a.pdf,Nov 2023 to Jan 2024,(A),"(A) Quota announced on 13 Oct 2023, for November 2023 to January 2024",A,4967,False
2023-11-further_increases_in_coe_quota.annex-a.pdf,Nov 2023 to Jan 2024,(A),"(A) Quota announced on 13 Oct 2023, for November 2023 to January 2024",B,2937,False
2023-11-further_increases_in_coe_quota.annex-a.pdf,Nov 2023 to Jan 2024,(A),"(A) Quota announced on 13 Oct 2023, for November 2023 to January 2024",C,924,False
2023-11-further_increases_in_coe_quota.annex-a.pdf,Nov 2023 to Jan 2024,(A),"(A) Quota announced on 13 Oct 2023, for November 2023 to January 2024",D,3105,False
2023-11-further_increases_in_coe_quota.annex-a.pdf,Nov 2023 to Jan 2024,(A),"(A) Quota announced on 13 Oct 2023, for November 2023 to January 2024",E,841,False
2023-11-further_increases_in_coe_quota.annex-a.pdf,Nov 2023 to Jan 2024,(A),"(A) Quota announced on 13 Oct 2023, for November 2023 to January 2024",Total,12774,False
2023-11-further_increases_in_coe_quota.annex-a.pdf,Nov 2023 to Jan 2024,(B),"(B) Additional reallocation for November 2023 to January 2024 546 863 205 0 0 1,614 Revised Quota for November 2023 to January 2024 (A + B)",A,5513,False
2023-11-further_increases_in_coe_quota.annex-a.pdf,Nov 2023 to Jan 2024,(B),"(B) Additional reallocation for November 2023 to January 2024 546 863 205 0 0 1,614 Revised Quota for November 2023 to January 2024 (A + B)",B,3800,False
2023-11-further_increases_in_coe_quota.annex-a.pdf,Nov 2023 to Jan 2024,(B),"(B) Additional reallocation for November 2023 to January 2024 546 863 205 0 0 1,614 Revised Quota for November 2023 to January 2024 (A + B)",C,1129,False
2023-11-further_increases_in_coe_quota.annex-a.pdf,Nov 2023 to Jan 2024,(B),"(B) Additional reallocation for November 2023 to January 2024 546 863 205 0 0 1,614 Revised Quota for November 2023 to January 2024 (A + B)",D,3105,False
2023-11-further_increases_in_coe_quota.annex-a.pdf,Nov 2023 to Jan 2024,(B),"(B) Additional reallocation for November 2023 to January 2024 546 863 205 0 0 1,614 Revised Quota for November 2023 to January 2024 (A + B)",E,841,False
2023-11-further_increases_in_coe_quota.annex-a.pdf,Nov 2023 to Jan 2024,(B),"(B) Additional reallocation for November 2023 to January 2024 546 863 205 0 0 1,614 Revised Quota for November 2023 to January 2024 (A + B)",Total,14388,False
2023-04-coe_quota_for_May23-Jul23.annex-a.pdf,May 2023 to Jul 2023,A1),A1) Vehicle Population As at 31 Dec 2022,A,321840,False
2023-04-coe_quota_for_May23-Jul23.annex-a.pdf,May 2023 to Jul 2023,A1),A1) Vehicle Population As at 31 Dec 2022,B,328368,False
2023-04-coe_quota_for_May23-Jul23.annex-a.pdf,May 2023 to Jul 2023,A1),A1) Vehicle Population As at 31 Dec 2022,C,154376,False
2023-04-coe_quota_for_May23-Jul23.annex-a.pdf,May 2023 to Jul 2023,A1),A1) Vehicle Population As at 31 Dec 2022,D,142404,False
2023-04-coe_quota_for_May23-Jul23.annex-a.pdf,May 2023 to Jul 2023,A1),A1) Vehicle Population As at 31 Dec 2022,E,0,False
2023-04-coe_quota_for_May23-Jul23.annex-a.pdf,May 2023 to Jul 2023,A1),A1) Vehicle Population As at 31 Dec 2022,Total,946988,False
2023-04-coe_quota_for_May23-Jul23.annex-a.pdf,May 2023 to Jul 2023,A2),A2) Net Increase allowed per quarter [Cat C Only] [0.25% x vehicle population / 4],A,0,False
2023-04-coe_quota_for_May23-Jul23.annex-a.pdf,May 2023 to Jul 2023,A2),A2) Net Increase allowed per quarter [Cat C Only] [0.25% x vehicle population / 4],B,0,False
2023-04-coe_quota_for_May23-Jul23.annex-a.pdf,May 2023 to Jul 2023,A2),A2) Net Increase allowed per quarter [Cat C Only] [0.25% x vehicle population / 4],C,96,False
2023-04-coe_quota_for_May23-Jul23.annex-a.pdf,May 2023 to Jul 2023,A2),A2) Net Increase allowed per quarter [Cat C Only] [0.25% x vehicle population / 4],D,0,False
2023-04-coe_quota_for_May23-Jul23.annex-a.pdf,May 2023 to Jul 2023,A2),A2) Net Increase allowed per quarter [Cat C Only] [0.25% x vehicle population / 4],E,0,False
2023-04-coe_quota_for_May23-Jul23.annex-a.pdf,May 2023 to Jul 2023,A2),A2) Net Increase allowed per quarter [Cat C Only] [0.25% x vehicle population / 4],Total,96,False
2023-04-coe_quota_for_May23-Jul23.annex-a.pdf,May 2023 to Jul 2023,(A),(A) Increase in Vehicle Population,A,0,False
2023-04-coe_quota_for_May23-Jul23.annex-a.pdf,May 2023 to Jul 2023,(A),(A) Increase in Vehicle Population,B,0,False
2023-04-coe_quota_for_May23-Jul23.annex-a.pdf,May 2023 to Jul 2023,(A),(A) Increase in Vehicle Population,C,96,False
2023-04-coe_quota_for_May23-Jul23.annex-a.pdf,May 2023 to Jul 2023,(A),(A) Increase in Vehicle Population,D,0,False
2023-04-coe_quota_for_May23-Jul23.annex-a.pdf,May 2023 to Jul 2023,(A),(A) Increase in Vehicle Population,E,0,False
2023-04-coe_quota_for_May23-Jul23.annex-a.pdf,May 2023 to Jul 2023,(A),(A) Increase in Vehicle Population,Total,96,False
2023-04-coe_quota_for_May23-Jul23.annex-a.pdf,May 2023 to Jul 2023,B1),B1) Total vehicle deregistrations from Apr 2022 to Mar 2023,A,12430,False
2023-04-coe_quota_for_May23-Jul23.annex-a.pdf,May 2023 to Jul 2023,B1),B1) Total vehicle deregistrations from Apr 2022 to Mar 2023,B,10488,False
2023-04-coe_quota_for_May23-Jul23.annex-a.pdf,May 2023 to Jul 2023,B1),B1) Total vehicle deregistrations from Apr 2022 to Mar 2023,C,9674,False
2023-04-coe_quota_for_May23-Jul23.annex-a.pdf,May 2023 to Jul 2023,B1),B1) Total vehicle deregistrations from Apr 2022 to Mar 2023,D,11190,False
2023-04-coe_quota_for_May23-Jul23.annex-a.pdf,May 2023 to Jul 2023,B1),B1) Total vehicle deregistrations from Apr 2022 to Mar 2023,E,0,False
2023-04-coe_quota_for_May23-Jul23.annex-a.pdf,May 2023 to Jul 2023,B1),B1) Total vehicle deregistrations from Apr 2022 to Mar 2023,Total,43782,False
2023-04-coe_quota_for_May23-Jul23.annex-a.pdf,May 2023 to Jul 2023,B2),B2) 25% of total vehicle deregistrations from Apr 2022 to Mar 2023,A,3107,False
2023-04-coe_quota_for_May23-Jul23.annex-a.pdf,May 2023 to Jul 2023,B2),B2) 25% of total vehicle deregistrations from Apr 2022 to Mar 2023,B,2622,False
2023-04-coe_quota_for_May23-Jul23.annex-a.pdf,May 2023 to Jul 2023,B2),B2) 25% of total vehicle deregistrations from Apr 2022 to Mar 2023,C,2419,False
2023-04-coe_quota_for_May23-Jul23.annex-a.pdf,May 2023 to Jul 2023,B2),B2) 25% of total vehicle deregistrations from Apr 2022 to Mar 2023,D,2798,False
2023-04-coe_quota_for_May23-Jul23.annex-a.pdf,May 2023 to Jul 2023,B2),B2) 25% of total vehicle deregistrations from Apr 2022 to Mar 2023,E,0,False
2023-04-coe_quota_for_May23-Jul23.annex-a.pdf,May 2023 to Jul 2023,B2),B2) 25% of total vehicle deregistrations from Apr 2022 to Mar 2023,Total,10946,False
2023-04-coe_quota_for_May23-Jul23.annex-a.pdf,May 2023 to Jul 2023,B3),B3) Contribution of deregistrations to Category E (10% of B2),A,-310,False
2023-04-coe_quota_for_May23-Jul23.annex-a.pdf,May 2023 to Jul 2023,B3),B3) Contribution of deregistrations to Category E (10% of B2),B,-262,False
2023-04-coe_quota_for_May23-Jul23.annex-a.pdf,May 2023 to Jul 2023,B3),B3) Contribution of deregistrations to Category E (10% of B2),C,-241,False
2023-04-coe_quota_for_May23-Jul23.annex-a.pdf,May 2023 to Jul 2023,B3),B3) Contribution of deregistrations to Category E (10% of B2),D,0,False
2023-04-coe_quota_for_May23-Jul23.annex-a.pdf,May 2023 to Jul 2023,B3),B3) Contribution of deregistrations to Category E (10% of B2),E,813,False
2023-04-coe_quota_for_May23-Jul23.annex-a.pdf,May 2023 to Jul 2023,B3),B3) Contribution of deregistrations to Category E (10% of B2),Total,0,False
2023-04-coe_quota_for_May23-Jul23.annex-a.pdf,May 2023 to Jul 2023,(B),(B) Replacements of Deregistered Vehicles,A,2797,False
2023-04-coe_quota_for_May23-Jul23.annex-a.pdf,May 2023 to Jul 2023,(B),(B) Replacements of Deregistered Vehicles,B,2360,False
2023-04-coe_quota_for_May23-Jul23.annex-a.pdf,May 2023 to Jul 2023,(B),(B) Replacements of Deregistered Vehicles,C,2178,False
2023-04-coe_quota_for_May23-Jul23.annex-a.pdf,May 2023 to Jul 2023,(B),(B) Replacements of Deregistered Vehicles,D,2798,False
2023-04-coe_quota_for_May23-Jul23.annex-a.pdf,May 2023 to Jul 2023,(B),(B) Replacements of Deregistered Vehicles,E,813,False
2023-04-coe_quota_for_May23-Jul23.annex-a.pdf,May 2023 to Jul 2023,(B),(B) Replacements of Deregistered Vehicles,Total,10946,False
2023-04-coe_quota_for_May23-Jul23.annex-a.pdf,May 2023 to Jul 2023,C1),C1) Adjustments for change in taxi population,A,0,False
2023-04-coe_quota_for_May23-Jul23.annex-a.pdf,May 2023 to Jul 2023,C1),C1) Adjustments for change in taxi population,B,0,False
2023-04-coe_quota_for_May23-Jul23.annex-a.pdf,May 2023 to Jul 2023,C1),C1) Adjustments for change in taxi population,C,0,False
2023-04-coe_quota_for_May23-Jul23.annex-a.pdf,May 2023 to Jul 2023,C1),C1) Adjustments for change in taxi population,D,0,False
2023-04-coe_quota_for_May23-Jul23.annex-a.pdf,May 2023 to Jul 2023,C1),C1) Adjustments for change in taxi population,E,138,False
2023-04-coe_quota_for_May23-Jul23.annex-a.pdf,May 2023 to Jul 2023,C1),C1) Adjustments for change in taxi population,Total,138,False
2023-04-coe_quota_for_May23-Jul23.annex-a.pdf,May 2023 to Jul 2023,C2),C2) Registrations under Early Turnover Scheme,A,0,False
2023-04-coe_quota_for_May23-Jul23.annex-a.pdf,May 2023 to Jul 2023,C2),C2) Registrations under Early Turnover Scheme,B,0,False
2023-04-coe_quota_for_May23-Jul23.annex-a.pdf,May 2023 to Jul 2023,C2),C2) Registrations under Early Turnover Scheme,C,-1863,False
2023-04-coe_quota_for_May23-Jul23.annex-a.pdf,May 2023 to Jul 2023,C2),C2) Registrations under Early Turnover Scheme,D,0,False
2023-04-coe_quota_for_May23-Jul23.annex-a.pdf,May 2023 to Jul 2023,C2),C2) Registrations under Early Turnover Scheme,E,-207,False
2023-04-coe_quota_for_May23-Jul23.annex-a.pdf,May 2023 to Jul 2023,C2),C2) Registrations under Early Turnover Scheme,Total,-2070,False
2023-04-coe_quota_for_May23-Jul23.annex-a.pdf,May 2023 to Jul 2023,C3),C3) Expired COEs,A,1,False
2023-04-coe_quota_for_May23-Jul23.annex-a.pdf,May 2023 to Jul 2023,C3),C3) Expired COEs,B,7,False
2023-04-coe_quota_for_May23-Jul23.annex-a.pdf,May 2023 to Jul 2023,C3),C3) Expired COEs,C,0,False
2023-04-coe_quota_for_May23-Jul23.annex-a.pdf,May 2023 to Jul 2023,C3),C3) Expired COEs,D,457,False
2023-04-coe_quota_for_May23-Jul23.annex-a.pdf,May 2023 to Jul 2023,C3),C3) Expired COEs,E,0,False
2023-04-coe_quota_for_May23-Jul23.annex-a.pdf,May 2023 to Jul 2023,C3),C3) Expired COEs,Total,465,False
2023-04-coe_quota_for_May23-Jul23.annex-a.pdf,May 2023 to Jul 2023,(C),(C) Adjustments,A,1,False
2023-04-coe_quota_for_May23-Jul23.annex-a.pdf,May 2023 to Jul 2023,(C),(C) Adjustments,B,7,False
2023-04-coe_quota_for_May23-Jul23.annex-a.pdf,May 2023 to Jul 2023,(C),(C) Adjustments,C,-1863,False
2023-04-coe_quota_for_May23-Jul23.annex-a.pdf,May 2023 to Jul 2023,(C),(C) Adjustments,D,457,False
2023-04-coe_quota_for_May23-Jul23.annex-a.pdf,May 2023 to Jul 2023,(C),(C) Adjustments,E,-69,False
2023-04-coe_quota_for_May23-Jul23.annex-a.pdf,May 2023 to Jul 2023,(C),(C) Adjustments,Total,-1467,False
2023-04-coe_quota_for_May23-Jul23.annex-a.pdf,May 2023 to Jul 2023,Total Quota for May 2023 to Jul 2023,Total Quota for May 2023 to Jul 2023 Bidding Exercises (A + B + C),A,2798,False
2023-04-coe_quota_for_May23-Jul23.annex-a.pdf,May 2023 to Jul 2023,Total Quota for May 2023 to Jul 2023,Total Quota for May 2023 to Jul 2023 Bidding Exercises (A + B + C),B,2367,False
2023-04-coe_quota_for_May23-Jul23.annex-a.pdf,May 2023 to Jul 2023,Total Quota for May 2023 to Jul 2023,Total Quota for May 2023 to Jul 2023 Bidding Exercises (A + B + C),C,411,False
2023-04-coe_quota_for_May23-Jul23.annex-a.pdf,May 2023 to Jul 2023,Total Quota for May 2023 to Jul 2023,Total Quota for May 2023 to Jul 2023 Bidding Exercises (A + B + C),D,3255,False
2023-04-coe_quota_for_May23-Jul23.annex-a.pdf,May 2023 to Jul 2023,Total Quota for May 2023 to Jul 2023,Total Quota for May 2023 to Jul 2023 Bidding Exercises (A + B + C),E,744,False
2023-04-coe_quota_for_May23-Jul23.annex-a.pdf,May 2023 to Jul 2023,Total Quota for May 2023 to Jul 2023,Total Quota for May 2023 to Jul 2023 Bidding Exercises (A + B + C),Total,9575,False
2023-04-coe_quota_for_May23-Jul23.annex-a.pdf,May 2023 to Jul 2023,Average Monthly Quota for May 2023 to Jul 2023,Average Monthly Quota for May 2023 to Jul 2023 Bidding Exercises,A,932,False
2023-04-coe_quota_for_May23-Jul23.annex-a.pdf,May 2023 to Jul 2023,Average Monthly Quota for May 2023 to Jul 2023,Average Monthly Quota for May 2023 to Jul 2023 Bidding Exercises,B,789,False
2023-04-coe_quota_for_May23-Jul23.annex-a.pdf,May 2023 to Jul 2023,Average Monthly Quota for May 2023 to Jul 2023,Average Monthly Quota for May 2023 to Jul 2023 Bidding Exercises,C,137,False
2023-04-coe_quota_for_May23-Jul23.annex-a.pdf,May 2023 to Jul 2023,Average Monthly Quota for May 2023 to Jul 2023,Average Monthly Quota for May 2023 to Jul 2023 Bidding Exercises,D,1085,False
2023-04-coe_quota_for_May23-Jul23.annex-a.pdf,May 2023 to Jul 2023,Average Monthly Quota for May 2023 to Jul 2023,Average Monthly Quota for May 2023 to Jul 2023 Bidding Exercises,E,248,False
2023-04-coe_quota_for_May23-Jul23.annex-a.pdf,May 2023 to Jul 2023,Average Monthly Quota for May 2023 to Jul 2023,Average Monthly Quota for May 2023 to Jul 2023 Bidding Exercises,Total,3191,False
2023-04-coe_quota_for_May23-Jul23.annex-a.pdf,May 2023 to Jul 2023,Average Monthly Quota for Feb 2023 to Apr 2023,Average Monthly Quota for Feb 2023 to Apr 2023 Bidding Exercises,A,1010,False
2023-04-coe_quota_for_May23-Jul23.annex-a.pdf,May 2023 to Jul 2023,Average Monthly Quota for Feb 2023 to Apr 2023,Average Monthly Quota for Feb 2023 to Apr 2023 Bidding Exercises,B,860,False
2023-04-coe_quota_for_May23-Jul23.annex-a.pdf,May 2023 to Jul 2023,Average Monthly Quota for Feb 2023 to Apr 2023,Average Monthly Quota for Feb 2023 to Apr 2023 Bidding Exercises,C,86,False
2023-04-coe_quota_for_May23-Jul23.annex-a.pdf,May 2023 to Jul 2023,Average Monthly Quota for Feb 2023 to Apr 2023,Average Monthly Quota for Feb 2023 to Apr 2023 Bidding Exercises,D,929,False
2023-04-coe_quota_for_May23-Jul23.annex-a.pdf,May 2023 to Jul 2023,Average Monthly Quota for Feb 2023 to Apr 2023,Average Monthly Quota for Feb 2023 to Apr 2023 Bidding Exercises,E,259,False
2023-04-coe_quota_for_May23-Jul23.annex-a.pdf,May 2023 to Jul 2023,Average Monthly Quota for Feb 2023 to Apr 2023,Average Monthly Quota for Feb 2023 to Apr 2023 Bidding Exercises,Total,3144,False
2023-07-COEs_quota_for_Aug23_to_Oct23.annex-a.pdf,Aug 2023 to Oct 2023,A1),A1) Vehicle Population as at 31 Dec 2022,A,321840,False
2023-07-COEs_quota_for_Aug23_to_Oct23.annex-a.pdf,Aug 2023 to Oct 2023,A1),A1) Vehicle Population as at 31 Dec 2022,B,328368,False
2023-07-COEs_quota_for_Aug23_to_Oct23.annex-a.pdf,Aug 2023 to Oct 2023,A1),A1) Vehicle Population as at 31 Dec 2022,C,154376,False
2023-07-COEs_quota_for_Aug23_to_Oct23.annex-a.pdf,Aug 2023 to Oct 2023,A1),A1) Vehicle Population as at 31 Dec 2022,D,142404,False
2023-07-COEs_quota_for_Aug23_to_Oct23.annex-a.pdf,Aug 2023 to Oct 2023,A1),A1) Vehicle Population as at 31 Dec 2022,E,0,False
2023-07-COEs_quota_for_Aug23_to_Oct23.annex-a.pdf,Aug 2023 to Oct 2023,A1),A1) Vehicle Population as at 31 Dec 2022,Total,946988,False
2023-07-COEs_quota_for_Aug23_to_Oct23.annex-a.pdf,Aug 2023 to Oct 2023,A2),A2) Net Increase allowed per quarter [Cat C Only] [0.25% x vehicle population / 4],A,0,False
2023-07-COEs_quota_for_Aug23_to_Oct23.annex-a.pdf,Aug 2023 to Oct 2023,A2),A2) Net Increase allowed per quarter [Cat C Only] [0.25% x vehicle population / 4],B,0,False
2023-07-COEs_quota_for_Aug23_to_Oct23.annex-a.pdf,Aug 2023 to Oct 2023,A2),A2) Net Increase allowed per quarter [Cat C Only] [0.25% x vehicle population / 4],C,96,False
2023-07-COEs_quota_for_Aug23_to_Oct23.annex-a.pdf,Aug 2023 to Oct 2023,A2),A2) Net Increase allowed per quarter [Cat C Only] [0.25% x vehicle population / 4],D,0,False
2023-07-COEs_quota_for_Aug23_to_Oct23.annex-a.pdf,Aug 2023 to Oct 2023,A2),A2) Net Increase allowed per quarter [Cat C Only] [0.25% x vehicle population / 4],E,0,False
2023-07-COEs_quota_for_Aug23_to_Oct23.annex-a.pdf,Aug 2023 to Oct 2023,A2),A2) Net Increase allowed per quarter [Cat C Only] [0.25% x vehicle population / 4],Total,96,False
2023-07-COEs_quota_for_Aug23_to_Oct23.annex-a.pdf,Aug 2023 to Oct 2023,(A),(A) Increase in Vehicle Population,A,0,False
2023-07-COEs_quota_for_Aug23_to_Oct23.annex-a.pdf,Aug 2023 to Oct 2023,(A),(A) Increase in Vehicle Population,B,0,False
2023-07-COEs_quota_for_Aug23_to_Oct23.annex-a.pdf,Aug 2023 to Oct 2023,(A),(A) Increase in Vehicle Population,C,96,False
2023-07-COEs_quota_for_Aug23_to_Oct23.annex-a.pdf,Aug 2023 to Oct 2023,(A),(A) Increase in Vehicle Population,D,0,False
2023-07-COEs_quota_for_Aug23_to_Oct23.annex-a.pdf,Aug 2023 to Oct 2023,(A),(A) Increase in Vehicle Population,E,0,False
2023-07-COEs_quota_for_Aug23_to_Oct23.annex-a.pdf,Aug 2023 to Oct 2023,(A),(A) Increase in Vehicle Population,Total,96,False
2023-07-COEs_quota_for_Aug23_to_Oct23.annex-a.pdf,Aug 2023 to Oct 2023,B1),B1) Total vehicle deregistrations from Jul 2022 to Jun 2023,A,13707,False
2023-07-COEs_quota_for_Aug23_to_Oct23.annex-a.pdf,Aug 2023 to Oct 2023,B1),B1) Total vehicle deregistrations from Jul 2022 to Jun 2023,B,11046,False
2023-07-COEs_quota_for_Aug23_to_Oct23.annex-a.pdf,Aug 2023 to Oct 2023,B1),B1) Total vehicle deregistrations from Jul 2022 to Jun 2023,C,8686,False
2023-07-COEs_quota_for_Aug23_to_Oct23.annex-a.pdf,Aug 2023 to Oct 2023,B1),B1) Total vehicle deregistrations from Jul 2022 to Jun 2023,D,11173,False
2023-07-COEs_quota_for_Aug23_to_Oct23.annex-a.pdf,Aug 2023 to Oct 2023,B1),B1) Total vehicle deregistrations from Jul 2022 to Jun 2023,E,0,False
2023-07-COEs_quota_for_Aug23_to_Oct23.annex-a.pdf,Aug 2023 to Oct 2023,B1),B1) Total vehicle deregistrations from Jul 2022 to Jun 2023,Total,44612,False
2023-07-COEs_quota_for_Aug23_to_Oct23.annex-a.pdf,Aug 2023 to Oct 2023,B2),B2) Total vehicle deregistrations over Jul 2022 to Jun 2023 arising from guaranteed deregistrations,A,1,False
2023-07-COEs_quota_for_Aug23_to_Oct23.annex-a.pdf,Aug 2023 to Oct 2023,B2),B2) Total vehicle deregistrations over Jul 2022 to Jun 2023 arising from guaranteed deregistrations,B,0,False
2023-07-COEs_quota_for_Aug23_to_Oct23.annex-a.pdf,Aug 2023 to Oct 2023,B2),B2) Total vehicle deregistrations over Jul 2022 to Jun 2023 arising from guaranteed deregistrations,C,0,False
2023-07-COEs_quota_for_Aug23_to_Oct23.annex-a.pdf,Aug 2023 to Oct 2023,B2),B2) Total vehicle deregistrations over Jul 2022 to Jun 2023 arising from guaranteed deregistrations,D,0,False
2023-07-COEs_quota_for_Aug23_to_Oct23.annex-a.pdf,Aug 2023 to Oct 2023,B2),B2) Total vehicle deregistrations over Jul 2022 to Jun 2023 arising from guaranteed deregistrations,E,0,False
2023-07-COEs_quota_for_Aug23_to_Oct23.annex-a.pdf,Aug 2023 to Oct 2023,B2),B2) Total vehicle deregistrations over Jul 2022 to Jun 2023 arising from guaranteed deregistrations,Total,1,False
2023-07-COEs_quota_for_Aug23_to_Oct23.annex-a.pdf,Aug 2023 to Oct 2023,B3),B3) 25% of effective vehicle deregistrations Jul 2022 to Jun 2023 (25% of B1-B2),A,3426,False
2023-07-COEs_quota_for_Aug23_to_Oct23.annex-a.pdf,Aug 2023 to Oct 2023,B3),B3) 25% of effective vehicle deregistrations Jul 2022 to Jun 2023 (25% of B1-B2),B,2761,False
2023-07-COEs_quota_for_Aug23_to_Oct23.annex-a.pdf,Aug 2023 to Oct 2023,B3),B3) 25% of effective vehicle deregistrations Jul 2022 to Jun 2023 (25% of B1-B2),C,2171,False
2023-07-COEs_quota_for_Aug23_to_Oct23.annex-a.pdf,Aug 2023 to Oct 2023,B3),B3) 25% of effective vehicle deregistrations Jul 2022 to Jun 2023 (25% of B1-B2),D,2793,False
2023-07-COEs_quota_for_Aug23_to_Oct23.annex-a.pdf,Aug 2023 to Oct 2023,B3),B3) 25% of effective vehicle deregistrations Jul 2022 to Jun 2023 (25% of B1-B2),E,0,False
2023-07-COEs_quota_for_Aug23_to_Oct23.annex-a.pdf,Aug 2023 to Oct 2023,B3),B3) 25% of effective vehicle deregistrations Jul 2022 to Jun 2023 (25% of B1-B2),Total,11151,False
2023-07-COEs_quota_for_Aug23_to_Oct23.annex-a.pdf,Aug 2023 to Oct 2023,B4),B4) Contribution of deregistrations to Category E (10% of B3),A,-342,False
2023-07-COEs_quota_for_Aug23_to_Oct23.annex-a.pdf,Aug 2023 to Oct 2023,B4),B4) Contribution of deregistrations to Category E (10% of B3),B,-276,False
2023-07-COEs_quota_for_Aug23_to_Oct23.annex-a.pdf,Aug 2023 to Oct 2023,B4),B4) Contribution of deregistrations to Category E (10% of B3),C,-217,False
2023-07-COEs_quota_for_Aug23_to_Oct23.annex-a.pdf,Aug 2023 to Oct 2023,B4),B4) Contribution of deregistrations to Category E (10% of B3),D,0,False
2023-07-COEs_quota_for_Aug23_to_Oct23.annex-a.pdf,Aug 2023 to Oct 2023,B4),B4) Contribution of deregistrations to Category E (10% of B3),E,835,False
2023-07-COEs_quota_for_Aug23_to_Oct23.annex-a.pdf,Aug 2023 to Oct 2023,B4),B4) Contribution of deregistrations to Category E (10% of B3),Total,0,False
2023-07-COEs_quota_for_Aug23_to_Oct23.annex-a.pdf,Aug 2023 to Oct 2023,(B),(B) Replacements of De-registered Vehicles,A,3084,False
2023-07-COEs_quota_for_Aug23_to_Oct23.annex-a.pdf,Aug 2023 to Oct 2023,(B),(B) Replacements of De-registered Vehicles,B,2485,False
2023-07-COEs_quota_for_Aug23_to_Oct23.annex-a.pdf,Aug 2023 to Oct 2023,(B),(B) Replacements of De-registered Vehicles,C,1954,False
2023-07-COEs_quota_for_Aug23_to_Oct23.annex-a.pdf,Aug 2023 to Oct 2023,(B),(B) Replacements of De-registered Vehicles,D,2793,False
2023-07-COEs_quota_for_Aug23_to_Oct23.annex-a.pdf,Aug 2023 to Oct 2023,(B),(B) Replacements of De-registered Vehicles,E,835,False
2023-07-COEs_quota_for_Aug23_to_Oct23.annex-a.pdf,Aug 2023 to Oct 2023,(B),(B) Replacements of De-registered Vehicles,Total,11151,False
2023-07-COEs_quota_for_Aug23_to_Oct23.annex-a.pdf,Aug 2023 to Oct 2023,C1),C1) Adjustments for change in taxi population,A,0,False
2023-07-COEs_quota_for_Aug23_to_Oct23.annex-a.pdf,Aug 2023 to Oct 2023,C1),C1) Adjustments for change in taxi population,B,0,False
2023-07-COEs_quota_for_Aug23_to_Oct23.annex-a.pdf,Aug 2023 to Oct 2023,C1),C1) Adjustments for change in taxi population,C,0,False
2023-07-COEs_quota_for_Aug23_to_Oct23.annex-a.pdf,Aug 2023 to Oct 2023,C1),C1) Adjustments for change in taxi population,D,0,False
2023-07-COEs_quota_for_Aug23_to_Oct23.annex-a.pdf,Aug 2023 to Oct 2023,C1),C1) Adjustments for change in taxi population,E,111,False
2023-07-COEs_quota_for_Aug23_to_Oct23.annex-a.pdf,Aug 2023 to Oct 2023,C1),C1) Adjustments for change in taxi population,Total,111,False
2023-07-COEs_quota_for_Aug23_to_Oct23.annex-a.pdf,Aug 2023 to Oct 2023,C2),C2) Adjustments under Early Turnover Scheme,A,0,False
2023-07-COEs_quota_for_Aug23_to_Oct23.annex-a.pdf,Aug 2023 to Oct 2023,C2),C2) Adjustments under Early Turnover Scheme,B,0,False
2023-07-COEs_quota_for_Aug23_to_Oct23.annex-a.pdf,Aug 2023 to Oct 2023,C2),C2) Adjustments under Early Turnover Scheme,C,-1371,False
2023-07-COEs_quota_for_Aug23_to_Oct23.annex-a.pdf,Aug 2023 to Oct 2023,C2),C2) Adjustments under Early Turnover Scheme,D,0,False
2023-07-COEs_quota_for_Aug23_to_Oct23.annex-a.pdf,Aug 2023 to Oct 2023,C2),C2) Adjustments under Early Turnover Scheme,E,-171,False
2023-07-COEs_quota_for_Aug23_to_Oct23.annex-a.pdf,Aug 2023 to Oct 2023,C2),C2) Adjustments under Early Turnover Scheme,Total,-1542,False
2023-07-COEs_quota_for_Aug23_to_Oct23.annex-a.pdf,Aug 2023 to Oct 2023,C3),C3) Expired COEs,A,1,False
2023-07-COEs_quota_for_Aug23_to_Oct23.annex-a.pdf,Aug 2023 to Oct 2023,C3),C3) Expired COEs,B,6,False
2023-07-COEs_quota_for_Aug23_to_Oct23.annex-a.pdf,Aug 2023 to Oct 2023,C3),C3) Expired COEs,C,5,False
2023-07-COEs_quota_for_Aug23_to_Oct23.annex-a.pdf,Aug 2023 to Oct 2023,C3),C3) Expired COEs,D,164,False
2023-07-COEs_quota_for_Aug23_to_Oct23.annex-a.pdf,Aug 2023 to Oct 2023,C3),C3) Expired COEs,E,2,False
2023-07-COEs_quota_for_Aug23_to_Oct23.annex-a.pdf,Aug 2023 to Oct 2023,C3),C3) Expired COEs,Total,178,False
2023-07-COEs_quota_for_Aug23_to_Oct23.annex-a.pdf,Aug 2023 to Oct 2023,C4),C4) Redistribution from guaranteed deregistrations,A,700,False
2023-07-COEs_quota_for_Aug23_to_Oct23.annex-a.pdf,Aug 2023 to Oct 2023,C4),C4) Redistribution from guaranteed deregistrations,B,325,False
2023-07-COEs_quota_for_Aug23_to_Oct23.annex-a.pdf,Aug 2023 to Oct 2023,C4),C4) Redistribution from guaranteed deregistrations,C,0,False
2023-07-COEs_quota_for_Aug23_to_Oct23.annex-a.pdf,Aug 2023 to Oct 2023,C4),C4) Redistribution from guaranteed deregistrations,D,0,False
2023-07-COEs_quota_for_Aug23_to_Oct23.annex-a.pdf,Aug 2023 to Oct 2023,C4),C4) Redistribution from guaranteed deregistrations,E,0,False
2023-07-COEs_quota_for_Aug23_to_Oct23.annex-a.pdf,Aug 2023 to Oct 2023,C4),C4) Redistribution from guaranteed deregistrations,Total,1025,False
2023-07-COEs_quota_for_Aug23_to_Oct23.annex-a.pdf,Aug 2023 to Oct 2023,(C),(C) Adjustments,A,701,False
2023-07-COEs_quota_for_Aug23_to_Oct23.annex-a.pdf,Aug 2023 to Oct 2023,(C),(C) Adjustments,B,331,False
2023-07-COEs_quota_for_Aug23_to_Oct23.annex-a.pdf,Aug 2023 to Oct 2023,(C),(C) Adjustments,C,-1366,False
2023-07-COEs_quota_for_Aug23_to_Oct23.annex-a.pdf,Aug 2023 to Oct 2023,(C),(C) Adjustments,D,164,False
2023-07-COEs_quota_for_Aug23_to_Oct23.annex-a.pdf,Aug 2023 to Oct 2023,(C),(C) Adjustments,E,-58,False
2023-07-COEs_quota_for_Aug23_to_Oct23.annex-a.pdf,Aug 2023 to Oct 2023,(C),(C) Adjustments,Total,-228,False
2023-07-COEs_quota_for_Aug23_to_Oct23.annex-a.pdf,Aug 2023 to Oct 2023,Total Quota for Aug 2023 to Oct 2023,Total Quota for Aug 2023 to Oct 2023 Bidding Exercises (A + B + C),A,3785,False
2023-07-COEs_quota_for_Aug23_to_Oct23.annex-a.pdf,Aug 2023 to Oct 2023,Total Quota for Aug 2023 to Oct 2023,Total Quota for Aug 2023 to Oct 2023 Bidding Exercises (A + B + C),B,2816,False
2023-07-COEs_quota_for_Aug23_to_Oct23.annex-a.pdf,Aug 2023 to Oct 2023,Total Quota for Aug 2023 to Oct 2023,Total Quota for Aug 2023 to Oct 2023 Bidding Exercises (A + B + C),C,684,False
2023-07-COEs_quota_for_Aug23_to_Oct23.annex-a.pdf,Aug 2023 to Oct 2023,Total Quota for Aug 2023 to Oct 2023,Total Quota for Aug 2023 to Oct 2023 Bidding Exercises (A + B + C),D,2957,False
2023-07-COEs_quota_for_Aug23_to_Oct23.annex-a.pdf,Aug 2023 to Oct 2023,Total Quota for Aug 2023 to Oct 2023,Total Quota for Aug 2023 to Oct 2023 Bidding Exercises (A + B + C),E,777,False
2023-07-COEs_quota_for_Aug23_to_Oct23.annex-a.pdf,Aug 2023 to Oct 2023,Total Quota for Aug 2023 to Oct 2023,Total Quota for Aug 2023 to Oct 2023 Bidding Exercises (A + B + C),Total,11019,False
2023-09-additional-adjustments-to-coe-category-a.annex-a.pdf,Aug 2023 to Oct 2023,(A),(A) Previously Announced Total Quota for Aug 2023 to Oct 2023 Bidding Exercises,A,3785,False
2023-09-additional-adjustments-to-coe-category-a.annex-a.pdf,Aug 2023 to Oct 2023,(A),(A) Previously Announced Total Quota for Aug 2023 to Oct 2023 Bidding Exercises,B,2816,False
2023-09-additional-adjustments-to-coe-category-a.annex-a.pdf,Aug 2023 to Oct 2023,(A),(A) Previously Announced Total Quota for Aug 2023 to Oct 2023 Bidding Exercises,C,684,False
2023-09-additional-adjustments-to-coe-category-a.annex-a.pdf,Aug 2023 to Oct 2023,(A),(A) Previously Announced Total Quota for Aug 2023 to Oct 2023 Bidding Exercises,D,2957,False
2023-09-additional-adjustments-to-coe-category-a.annex-a.pdf,Aug 2023 to Oct 2023,(A),(A) Previously Announced Total Quota for Aug 2023 to Oct 2023 Bidding Exercises,E,777,False
2023-09-additional-adjustments-to-coe-category-a.annex-a.pdf,Aug 2023 to Oct 2023,(A),(A) Previously Announced Total Quota for Aug 2023 to Oct 2023 Bidding Exercises,Total,11019,False
2023-09-additional-adjustments-to-coe-category-a.annex-a.pdf,Aug 2023 to Oct 2023,(B),"(B) Increased reallocation for Oct 2023 Bidding Exercises 300 0 0 0 0 300 Revised Total Quota for Aug 2023 to Oct 2023 Bidding Exercises (A + B) 4,085 2,816 684 2,957 777 11,319 Quota already allocated for Aug and Sep 2023 Bidding Exercises",A,2524,False
2023-09-additional-adjustments-to-coe-category-a.annex-a.pdf,Aug 2023 to Oct 2023,(B),"(B) Increased reallocation for Oct 2023 Bidding Exercises 300 0 0 0 0 300 Revised Total Quota for Aug 2023 to Oct 2023 Bidding Exercises (A + B) 4,085 2,816 684 2,957 777 11,319 Quota already allocated for Aug and Sep 2023 Bidding Exercises",B,1876,False
2023-09-additional-adjustments-to-coe-category-a.annex-a.pdf,Aug 2023 to Oct 2023,(B),"(B) Increased reallocation for Oct 2023 Bidding Exercises 300 0 0 0 0 300 Revised Total Quota for Aug 2023 to Oct 2023 Bidding Exercises (A + B) 4,085 2,816 684 2,957 777 11,319 Quota already allocated for Aug and Sep 2023 Bidding Exercises",C,456,False
2023-09-additional-adjustments-to-coe-category-a.annex-a.pdf,Aug 2023 to Oct 2023,(B),"(B) Increased reallocation for Oct 2023 Bidding Exercises 300 0 0 0 0 300 Revised Total Quota for Aug 2023 to Oct 2023 Bidding Exercises (A + B) 4,085 2,816 684 2,957 777 11,319 Quota already allocated for Aug and Sep 2023 Bidding Exercises",D,1972,False
2023-09-additional-adjustments-to-coe-category-a.annex-a.pdf,Aug 2023 to Oct 2023,(B),"(B) Increased reallocation for Oct 2023 Bidding Exercises 300 0 0 0 0 300 Revised Total Quota for Aug 2023 to Oct 2023 Bidding Exercises (A + B) 4,085 2,816 684 2,957 777 11,319 Quota already allocated for Aug and Sep 2023 Bidding Exercises",E,518,False
2023-09-additional-adjustments-to-coe-category-a.annex-a.pdf,Aug 2023 to Oct 2023,(B),"(B) Increased reallocation for Oct 2023 Bidding Exercises 300 0 0 0 0 300 Revised Total Quota for Aug 2023 to Oct 2023 Bidding Exercises (A + B) 4,085 2,816 684 2,957 777 11,319 Quota already allocated for Aug and Sep 2023 Bidding Exercises",Total,7346,False
2023-09-additional-adjustments-to-coe-category-a.annex-a.pdf,Aug 2023 to Oct 2023,Average Monthly Quota for Oct 2023,Average Monthly Quota for Oct 2023 Bidding Exercises,A,1561,False
2023-09-additional-adjustments-to-coe-category-a.annex-a.pdf,Aug 2023 to Oct 2023,Average Monthly Quota for Oct 2023,Average Monthly Quota for Oct 2023 Bidding Exercises,B,940,False
2023-09-additional-adjustments-to-coe-category-a.annex-a.pdf,Aug 2023 to Oct 2023,Average Monthly Quota for Oct 2023,Average Monthly Quota for Oct 2023 Bidding Exercises,C,228,False
2023-09-additional-adjustments-to-coe-category-a.annex-a.pdf,Aug 2023 to Oct 2023,Average Monthly Quota for Oct 2023,Average Monthly Quota for Oct 2023 Bidding Exercises,D,985,False
2023-09-additional-adjustments-to-coe-category-a.annex-a.pdf,Aug 2023 to Oct 2023,Average Monthly Quota for Oct 2023,Average Monthly Quota for Oct 2023 Bidding Exercises,E,259,False
2023-09-additional-adjustments-to-coe-category-a.annex-a.pdf,Aug 2023 to Oct 2023,Average Monthly Quota for Oct 2023,Average Monthly Quota for Oct 2023 Bidding Exercises,Total,3973,False
2024-01-coe_quota_for_feb24_to_apr24.annex-a.pdf,Feb 2024 to Apr 2024,A1),A1) Vehicle Population As at 31 Dec 2023,A,319837,True
2024-01-coe_quota_for_feb24_to_apr24.annex-a.pdf,Feb 2024 to Apr 2024,A1),A1) Vehicle Population As at 31 Dec 2023,B,331007,True
2024-01-coe_quota_for_feb24_to_apr24.annex-a.pdf,Feb 2024 to Apr 2024,A1),A1) Vehicle Population As at 31 Dec 2023,C,153419,True
2024-01-coe_quota_for_feb24_to_apr24.annex-a.pdf,Feb 2024 to Apr 2024,A1),A1) Vehicle Population As at 31 Dec 2023,D,143441,True
2024-01-coe_quota_for_feb24_to_apr24.annex-a.pdf,Feb 2024 to Apr 2024,A1),A1) Vehicle Population As at 31 Dec 2023,E,0,True
2024-01-coe_quota_for_feb24_to_apr24.annex-a.pdf,Feb 2024 to Apr 2024,A1),A1) Vehicle Population As at 31 Dec 2023,Total,947704,True
2024-01-coe_quota_for_feb24_to_apr24.annex-a.pdf,Feb 2024 to Apr 2024,A2),A2) Net Increase allowed per quarter [Cat C Only] [0.25% x vehicle population / 4],A,0,False
2024-01-coe_quota_for_feb24_to_apr24.annex-a.pdf,Feb 2024 to Apr 2024,A2),A2) Net Increase allowed per quarter [Cat C Only] [0.25% x vehicle population / 4],B,0,False
2024-01-coe_quota_for_feb24_to_apr24.annex-a.pdf,Feb 2024 to Apr 2024,A2),A2) Net Increase allowed per quarter [Cat C Only] [0.25% x vehicle population / 4],C,95,False
2024-01-coe_quota_for_feb24_to_apr24.annex-a.pdf,Feb 2024 to Apr 2024,A2),A2) Net Increase allowed per quarter [Cat C Only] [0.25% x vehicle population / 4],D,0,False
2024-01-coe_quota_for_feb24_to_apr24.annex-a.pdf,Feb 2024 to Apr 2024,A2),A2) Net Increase allowed per quarter [Cat C Only] [0.25% x vehicle population / 4],E,0,False
2024-01-coe_quota_for_feb24_to_apr24.annex-a.pdf,Feb 2024 to Apr 2024,A2),A2) Net Increase allowed per quarter [Cat C Only] [0.25% x vehicle population / 4],Total,95,False
2024-01-coe_quota_for_feb24_to_apr24.annex-a.pdf,Feb 2024 to Apr 2024,(A),(A) Increase in Vehicle Population,A,0,False
2024-01-coe_quota_for_feb24_to_apr24.annex-a.pdf,Feb 2024 to Apr 2024,(A),(A) Increase in Vehicle Population,B,0,False
2024-01-coe_quota_for_feb24_to_apr24.annex-a.pdf,Feb 2024 to Apr 2024,(A),(A) Increase in Vehicle Population,C,95,False
2024-01-coe_quota_for_feb24_to_apr24.annex-a.pdf,Feb 2024 to Apr 2024,(A),(A) Increase in Vehicle Population,D,0,False
2024-01-coe_quota_for_feb24_to_apr24.annex-a.pdf,Feb 2024 to Apr 2024,(A),(A) Increase in Vehicle Population,E,0,False
2024-01-coe_quota_for_feb24_to_apr24.annex-a.pdf,Feb 2024 to Apr 2024,(A),(A) Increase in Vehicle Population,Total,95,False
2024-01-coe_quota_for_feb24_to_apr24.annex-a.pdf,Feb 2024 to Apr 2024,B1),B1) Total vehicle deregistrations from Jan 2023 to Dec 2023,A,16914,False
2024-01-coe_quota_for_feb24_to_apr24.annex-a.pdf,Feb 2024 to Apr 2024,B1),B1) Total vehicle deregistrations from Jan 2023 to Dec 2023,B,12175,False
2024-01-coe_quota_for_feb24_to_apr24.annex-a.pdf,Feb 2024 to Apr 2024,B1),B1) Total vehicle deregistrations from Jan 2023 to Dec 2023,C,7116,False
2024-01-coe_quota_for_feb24_to_apr24.annex-a.pdf,Feb 2024 to Apr 2024,B1),B1) Total vehicle deregistrations from Jan 2023 to Dec 2023,D,11174,False
2024-01-coe_quota_for_feb24_to_apr24.annex-a.pdf,Feb 2024 to Apr 2024,B1),B1) Total vehicle deregistrations from Jan 2023 to Dec 2023,E,0,False
2024-01-coe_quota_for_feb24_to_apr24.annex-a.pdf,Feb 2024 to Apr 2024,B1),B1) Total vehicle deregistrations from Jan 2023 to Dec 2023,Total,47379,False
2024-01-coe_quota_for_feb24_to_apr24.annex-a.pdf,Feb 2024 to Apr 2024,B2),B2) Total vehicle deregistrations Jan 2023 to Dec 2023 arising from identified guaranteed deregistrations,A,-2,False
2024-01-coe_quota_for_feb24_to_apr24.annex-a.pdf,Feb 2024 to Apr 2024,B2),B2) Total vehicle deregistrations Jan 2023 to Dec 2023 arising from identified guaranteed deregistrations,B,-4,False
2024-01-coe_quota_for_feb24_to_apr24.annex-a.pdf,Feb 2024 to Apr 2024,B2),B2) Total vehicle deregistrations Jan 2023 to Dec 2023 arising from identified guaranteed deregistrations,C,0,False
2024-01-coe_quota_for_feb24_to_apr24.annex-a.pdf,Feb 2024 to Apr 2024,B2),B2) Total vehicle deregistrations Jan 2023 to Dec 2023 arising from identified guaranteed deregistrations,D,0,False
2024-01-coe_quota_for_feb24_to_apr24.annex-a.pdf,Feb 2024 to Apr 2024,B2),B2) Total vehicle deregistrations Jan 2023 to Dec 2023 arising from identified guaranteed deregistrations,E,0,False
2024-01-coe_quota_for_feb24_to_apr24.annex-a.pdf,Feb 2024 to Apr 2024,B2),B2) Total vehicle deregistrations Jan 2023 to Dec 2023 arising from identified guaranteed deregistrations,Total,-6,False
2024-01-coe_quota_for_feb24_to_apr24.annex-a.pdf,Feb 2024 to Apr 2024,B3),B3) 25% of effective vehicle deregistrations Jan 2023 to Dec 2023 (25% of B1+B2),A,4228,False
2024-01-coe_quota_for_feb24_to_apr24.annex-a.pdf,Feb 2024 to Apr 2024,B3),B3) 25% of effective vehicle deregistrations Jan 2023 to Dec 2023 (25% of B1+B2),B,3042,False
2024-01-coe_quota_for_feb24_to_apr24.annex-a.pdf,Feb 2024 to Apr 2024,B3),B3) 25% of effective vehicle deregistrations Jan 2023 to Dec 2023 (25% of B1+B2),C,1780,False
2024-01-coe_quota_for_feb24_to_apr24.annex-a.pdf,Feb 2024 to Apr 2024,B3),B3) 25% of effective vehicle deregistrations Jan 2023 to Dec 2023 (25% of B1+B2),D,2793,False
2024-01-coe_quota_for_feb24_to_apr24.annex-a.pdf,Feb 2024 to Apr 2024,B3),B3) 25% of effective vehicle deregistrations Jan 2023 to Dec 2023 (25% of B1+B2),E,0,False
2024-01-coe_quota_for_feb24_to_apr24.annex-a.pdf,Feb 2024 to Apr 2024,B3),B3) 25% of effective vehicle deregistrations Jan 2023 to Dec 2023 (25% of B1+B2),Total,11843,False
2024-01-coe_quota_for_feb24_to_apr24.annex-a.pdf,Feb 2024 to Apr 2024,B4),B4) Contribution of deregistrations to Category E (10% of B3),A,-422,False
2024-01-coe_quota_for_feb24_to_apr24.annex-a.pdf,Feb 2024 to Apr 2024,B4),B4) Contribution of deregistrations to Category E (10% of B3),B,-304,False
2024-01-coe_quota_for_feb24_to_apr24.annex-a.pdf,Feb 2024 to Apr 2024,B4),B4) Contribution of deregistrations to Category E (10% of B3),C,-178,False
2024-01-coe_quota_for_feb24_to_apr24.annex-a.pdf,Feb 2024 to Apr 2024,B4),B4) Contribution of deregistrations to Category E (10% of B3),D,0,False
2024-01-coe_quota_for_feb24_to_apr24.annex-a.pdf,Feb 2024 to Apr 2024,B4),B4) Contribution of deregistrations to Category E (10% of B3),E,904,False
2024-01-coe_quota_for_feb24_to_apr24.annex-a.pdf,Feb 2024 to Apr 2024,B4),B4) Contribution of deregistrations to Category E (10% of B3),Total,0,False
2024-01-coe_quota_for_feb24_to_apr24.annex-a.pdf,Feb 2024 to Apr 2024,(B),(B) Replacements of De-registered Vehicles,A,3806,False
2024-01-coe_quota_for_feb24_to_apr24.annex-a.pdf,Feb 2024 to Apr 2024,(B),(B) Replacements of De-registered Vehicles,B,2738,False
2024-01-coe_quota_for_feb24_to_apr24.annex-a.pdf,Feb 2024 to Apr 2024,(B),(B) Replacements of De-registered Vehicles,C,1602,False
2024-01-coe_quota_for_feb24_to_apr24.annex-a.pdf,Feb 2024 to Apr 2024,(B),(B) Replacements of De-registered Vehicles,D,2793,False
2024-01-coe_quota_for_feb24_to_apr24.annex-a.pdf,Feb 2024 to Apr 2024,(B),(B) Replacements of De-registered Vehicles,E,904,False
2024-01-coe_quota_for_feb24_to_apr24.annex-a.pdf,Feb 2024 to Apr 2024,(B),(B) Replacements of De-registered Vehicles,Total,11843,False
2024-01-coe_quota_for_feb24_to_apr24.annex-a.pdf,Feb 2024 to Apr 2024,C1),C1) Adjustments for change in taxi population,A,0,False
2024-01-coe_quota_for_feb24_to_apr24.annex-a.pdf,Feb 2024 to Apr 2024,C1),C1) Adjustments for change in taxi population,B,0,False
2024-01-coe_quota_for_feb24_to_apr24.annex-a.pdf,Feb 2024 to Apr 2024,C1),C1) Adjustments for change in taxi population,C,0,False
2024-01-coe_quota_for_feb24_to_apr24.annex-a.pdf,Feb 2024 to Apr 2024,C1),C1) Adjustments for change in taxi population,D,0,False
2024-01-coe_quota_for_feb24_to_apr24.annex-a.pdf,Feb 2024 to Apr 2024,C1),C1) Adjustments for change in taxi population,E,120,False
2024-01-coe_quota_for_feb24_to_apr24.annex-a.pdf,Feb 2024 to Apr 2024,C1),C1) Adjustments for change in taxi population,Total,120,False
2024-01-coe_quota_for_feb24_to_apr24.annex-a.pdf,Feb 2024 to Apr 2024,C2),C2) Adjustments under Early Turnover Scheme,A,0,False
2024-01-coe_quota_for_feb24_to_apr24.annex-a.pdf,Feb 2024 to Apr 2024,C2),C2) Adjustments under Early Turnover Scheme,B,0,False
2024-01-coe_quota_for_feb24_to_apr24.annex-a.pdf,Feb 2024 to Apr 2024,C2),C2) Adjustments under Early Turnover Scheme,C,-529,False
2024-01-coe_quota_for_feb24_to_apr24.annex-a.pdf,Feb 2024 to Apr 2024,C2),C2) Adjustments under Early Turnover Scheme,D,0,False
2024-01-coe_quota_for_feb24_to_apr24.annex-a.pdf,Feb 2024 to Apr 2024,C2),C2) Adjustments under Early Turnover Scheme,E,-104,False
2024-01-coe_quota_for_feb24_to_apr24.annex-a.pdf,Feb 2024 to Apr 2024,C2),C2) Adjustments under Early Turnover Scheme,Total,-633,False
2024-01-coe_quota_for_feb24_to_apr24.annex-a.pdf,Feb 2024 to Apr 2024,C3),C3) Expired COEs,A,3,False
2024-01-coe_quota_for_feb24_to_apr24.annex-a.pdf,Feb 2024 to Apr 2024,C3),C3) Expired COEs,B,7,False
2024-01-coe_quota_for_feb24_to_apr24.annex-a.pdf,Feb 2024 to Apr 2024,C3),C3) Expired COEs,C,2,False
2024-01-coe_quota_for_feb24_to_apr24.annex-a.pdf,Feb 2024 to Apr 2024,C3),C3) Expired COEs,D,0,False
2024-01-coe_quota_for_feb24_to_apr24.annex-a.pdf,Feb 2024 to Apr 2024,C3),C3) Expired COEs,E,8,False
2024-01-coe_quota_for_feb24_to_apr24.annex-a.pdf,Feb 2024 to Apr 2024,C3),C3) Expired COEs,Total,20,False
2024-01-coe_quota_for_feb24_to_apr24.annex-a.pdf,Feb 2024 to Apr 2024,C4),C4) Redistribution from identified guaranteed deregistrations,A,1800,False
2024-01-coe_quota_for_feb24_to_apr24.annex-a.pdf,Feb 2024 to Apr 2024,C4),C4) Redistribution from identified guaranteed deregistrations,B,1150,False
2024-01-coe_quota_for_feb24_to_apr24.annex-a.pdf,Feb 2024 to Apr 2024,C4),C4) Redistribution from identified guaranteed deregistrations,C,0,False
2024-01-coe_quota_for_feb24_to_apr24.annex-a.pdf,Feb 2024 to Apr 2024,C4),C4) Redistribution from identified guaranteed deregistrations,D,312,False
2024-01-coe_quota_for_feb24_to_apr24.annex-a.pdf,Feb 2024 to Apr 2024,C4),C4) Redistribution from identified guaranteed deregistrations,E,0,False
2024-01-coe_quota_for_feb24_to_apr24.annex-a.pdf,Feb 2024 to Apr 2024,C4),C4) Redistribution from identified guaranteed deregistrations,Total,3262,False
2024-01-coe_quota_for_feb24_to_apr24.annex-a.pdf,Feb 2024 to Apr 2024,(C),(C) Adjustments,A,1803,False
2024-01-coe_quota_for_feb24_to_apr24.annex-a.pdf,Feb 2024 to Apr 2024,(C),(C) Adjustments,B,1157,False
2024-01-coe_quota_for_feb24_to_apr24.annex-a.pdf,Feb 2024 to Apr 2024,(C),(C) Adjustments,C,-527,False
2024-01-coe_quota_for_feb24_to_apr24.annex-a.pdf,Feb 2024 to Apr 2024,(C),(C) Adjustments,D,312,False
2024-01-coe_quota_for_feb24_to_apr24.annex-a.pdf,Feb 2024 to Apr 2024,(C),(C) Adjustments,E,24,False
2024-01-coe_quota_for_feb24_to_apr24.annex-a.pdf,Feb 2024 to Apr 2024,(C),(C) Adjustments,Total,2769,False
2024-01-coe_quota_for_feb24_to_apr24.annex-a.pdf,Feb 2024 to Apr 2024,Total Quota for Feb 2024 to Apr 2024,Total Quota for Feb 2024 to Apr 2024 Bidding Exercises (A + B + C),A,5609,False
2024-01-coe_quota_for_feb24_to_apr24.annex-a.pdf,Feb 2024 to Apr 2024,Total Quota for Feb 2024 to Apr 2024,Total Quota for Feb 2024 to Apr 2024 Bidding Exercises (A + B + C),B,3895,False
2024-01-coe_quota_for_feb24_to_apr24.annex-a.pdf,Feb 2024 to Apr 2024,Total Quota for Feb 2024 to Apr 2024,Total Quota for Feb 2024 to Apr 2024 Bidding Exercises (A + B + C),C,1170,False
2024-01-coe_quota_for_feb24_to_apr24.annex-a.pdf,Feb 2024 to Apr 2024,Total Quota for Feb 2024 to Apr 2024,Total Quota for Feb 2024 to Apr 2024 Bidding Exercises (A + B + C),D,3105,False
2024-01-coe_quota_for_feb24_to_apr24.annex-a.pdf,Feb 2024 to Apr 2024,Total Quota for Feb 2024 to Apr 2024,Total Quota for Feb 2024 to Apr 2024 Bidding Exercises (A + B + C),E,928,False
2024-01-coe_quota_for_feb24_to_apr24.annex-a.pdf,Feb 2024 to Apr 2024,Total Quota for Feb 2024 to Apr 2024,Total Quota for Feb 2024 to Apr 2024 Bidding Exercises (A + B + C),Total,14707,False
2024-01-coe_quota_for_feb24_to_apr24.annex-a.pdf,Feb 2024 to Apr 2024,Total Quota for Nov 2023 to Jan 2024,Total Quota for Nov 2023 to Jan 2024 Bidding Exercises,A,5513,False
2024-01-coe_quota_for_feb24_to_apr24.annex-a.pdf,Feb 2024 to Apr 2024,Total Quota for Nov 2023 to Jan 2024,Total Quota for Nov 2023 to Jan 2024 Bidding Exercises,B,3800,False
2024-01-coe_quota_for_feb24_to_apr24.annex-a.pdf,Feb 2024 to Apr 2024,Total Quota for Nov 2023 to Jan 2024,Total Quota for Nov 2023 to Jan 2024 Bidding Exercises,C,1129,False
2024-01-coe_quota_for_feb24_to_apr24.annex-a.pdf,Feb 2024 to Apr 2024,Total Quota for Nov 2023 to Jan 2024,Total Quota for Nov 2023 to Jan 2024 Bidding Exercises,D,3105,False
2024-01-coe_quota_for_feb24_to_apr24.annex-a.pdf,Feb 2024 to Apr 2024,Total Quota for Nov 2023 to Jan 2024,Total Quota for Nov 2023 to Jan 2024 Bidding Exercises,E,841,False
2024-01-coe_quota_for_feb24_to_apr24.annex-a.pdf,Feb 2024 to Apr 2024,Total Quota for Nov 2023 to Jan 2024,Total Quota for Nov 2023 to Jan 2024 Bidding Exercises,Total,14388,False
2024-10-certificate-of-entitlement--coes--quota-for-november-2024-to-jan.annex-a.pdf,Nov 2024 to Jan 2025,A1),A1) Vehicle Population As at 31 Dec 2023,A,319837,False
2024-10-certificate-of-entitlement--coes--quota-for-november-2024-to-jan.annex-a.pdf,Nov 2024 to Jan 2025,A1),A1) Vehicle Population As at 31 Dec 2023,B,331007,False
2024-10-certificate-of-entitlement--coes--quota-for-november-2024-to-jan.annex-a.pdf,Nov 2024 to Jan 2025,A1),A1) Vehicle Population As at 31 Dec 2023,C,153419,False
2024-10-certificate-of-entitlement--coes--quota-for-november-2024-to-jan.annex-a.pdf,Nov 2024 to Jan 2025,A1),A1) Vehicle Population As at 31 Dec 2023,D,143441,False
2024-10-certificate-of-entitlement--coes--quota-for-november-2024-to-jan.annex-a.pdf,Nov 2024 to Jan 2025,A1),A1) Vehicle Population As at 31 Dec 2023,E,0,False
2024-10-certificate-of-entitlement--coes--quota-for-november-2024-to-jan.annex-a.pdf,Nov 2024 to Jan 2025,A1),A1) Vehicle Population As at 31 Dec 2023,Total,947704,False
2024-10-certificate-of-entitlement--coes--quota-for-november-2024-to-jan.annex-a.pdf,Nov 2024 to Jan 2025,A2),A2) Net Increase allowed per quarter [Cat C Only] [0.25% x vehicle population / 4],A,0,False
2024-10-certificate-of-entitlement--coes--quota-for-november-2024-to-jan.annex-a.pdf,Nov 2024 to Jan 2025,A2),A2) Net Increase allowed per quarter [Cat C Only] [0.25% x vehicle population / 4],B,0,False
2024-10-certificate-of-entitlement--coes--quota-for-november-2024-to-jan.annex-a.pdf,Nov 2024 to Jan 2025,A2),A2) Net Increase allowed per quarter [Cat C Only] [0.25% x vehicle population / 4],C,95,False
2024-10-certificate-of-entitlement--coes--quota-for-november-2024-to-jan.annex-a.pdf,Nov 2024 to Jan 2025,A2),A2) Net Increase allowed per quarter [Cat C Only] [0.25% x vehicle population / 4],D,0,False
2024-10-certificate-of-entitlement--coes--quota-for-november-2024-to-jan.annex-a.pdf,Nov 2024 to Jan 2025,A2),A2) Net Increase allowed per quarter [Cat C Only] [0.25% x vehicle population / 4],E,0,False
2024-10-certificate-of-entitlement--coes--quota-for-november-2024-to-jan.annex-a.pdf,Nov 2024 to Jan 2025,A2),A2) Net Increase allowed per quarter [Cat C Only] [0.25% x vehicle population / 4],Total,95,False
2024-10-certificate-of-entitlement--coes--quota-for-november-2024-to-jan.annex-a.pdf,Nov 2024 to Jan 2025,(A),(A) Increase in Vehicle Population,A,0,False
2024-10-certificate-of-entitlement--coes--quota-for-november-2024-to-jan.annex-a.pdf,Nov 2024 to Jan 2025,(A),(A) Increase in Vehicle Population,B,0,False
2024-10-certificate-of-entitlement--coes--quota-for-november-2024-to-jan.annex-a.pdf,Nov 2024 to Jan 2025,(A),(A) Increase in Vehicle Population,C,95,False
2024-10-certificate-of-entitlement--coes--quota-for-november-2024-to-jan.annex-a.pdf,Nov 2024 to Jan 2025,(A),(A) Increase in Vehicle Population,D,0,False
2024-10-certificate-of-entitlement--coes--quota-for-november-2024-to-jan.annex-a.pdf,Nov 2024 to Jan 2025,(A),(A) Increase in Vehicle Population,E,0,False
2024-10-certificate-of-entitlement--coes--quota-for-november-2024-to-jan.annex-a.pdf,Nov 2024 to Jan 2025,(A),(A) Increase in Vehicle Population,Total,95,False
2024-10-certificate-of-entitlement--coes--quota-for-november-2024-to-jan.annex-a.pdf,Nov 2024 to Jan 2025,B1),B1) Total vehicle deregistrations from Oct 2023 to Sep 2024,A,21351,False
2024-10-certificate-of-entitlement--coes--quota-for-november-2024-to-jan.annex-a.pdf,Nov 2024 to Jan 2025,B1),B1) Total vehicle deregistrations from Oct 2023 to Sep 2024,B,13317,False
2024-10-certificate-of-entitlement--coes--quota-for-november-2024-to-jan.annex-a.pdf,Nov 2024 to Jan 2025,B1),B1) Total vehicle deregistrations from Oct 2023 to Sep 2024,C,7046,False
2024-10-certificate-of-entitlement--coes--quota-for-november-2024-to-jan.annex-a.pdf,Nov 2024 to Jan 2025,B1),B1) Total vehicle deregistrations from Oct 2023 to Sep 2024,D,9057,False
2024-10-certificate-of-entitlement--coes--quota-for-november-2024-to-jan.annex-a.pdf,Nov 2024 to Jan 2025,B1),B1) Total vehicle deregistrations from Oct 2023 to Sep 2024,E,0,False
2024-10-certificate-of-entitlement--coes--quota-for-november-2024-to-jan.annex-a.pdf,Nov 2024 to Jan 2025,B1),B1) Total vehicle deregistrations from Oct 2023 to Sep 2024,Total,50771,False
2024-10-certificate-of-entitlement--coes--quota-for-november-2024-to-jan.annex-a.pdf,Nov 2024 to Jan 2025,B2),B2) Total vehicle deregistrations over Oct 2023 to Sep 2024 arising from identified guaranteed deregistrations,A,-34,False
2024-10-certificate-of-entitlement--coes--quota-for-november-2024-to-jan.annex-a.pdf,Nov 2024 to Jan 2025,B2),B2) Total vehicle deregistrations over Oct 2023 to Sep 2024 arising from identified guaranteed deregistrations,B,-45,False
2024-10-certificate-of-entitlement--coes--quota-for-november-2024-to-jan.annex-a.pdf,Nov 2024 to Jan 2025,B2),B2) Total vehicle deregistrations over Oct 2023 to Sep 2024 arising from identified guaranteed deregistrations,C,0,False
2024-10-certificate-of-entitlement--coes--quota-for-november-2024-to-jan.annex-a.pdf,Nov 2024 to Jan 2025,B2),B2) Total vehicle deregistrations over Oct 2023 to Sep 2024 arising from identified guaranteed deregistrations,D,-96,False
2024-10-certificate-of-entitlement--coes--quota-for-november-2024-to-jan.annex-a.pdf,Nov 2024 to Jan 2025,B2),B2) Total vehicle deregistrations over Oct 2023 to Sep 2024 arising from identified guaranteed deregistrations,E,0,False
2024-10-certificate-of-entitlement--coes--quota-for-november-2024-to-jan.annex-a.pdf,Nov 2024 to Jan 2025,B2),B2) Total vehicle deregistrations over Oct 2023 to Sep 2024 arising from identified guaranteed deregistrations,Total,-175,False
2024-10-certificate-of-entitlement--coes--quota-for-november-2024-to-jan.annex-a.pdf,Nov 2024 to Jan 2025,B3),B3) 25% of effective vehicle deregistrations Oct 2023 to Sep 2024 (25% of B1+B2),A,5329,False
2024-10-certificate-of-entitlement--coes--quota-for-november-2024-to-jan.annex-a.pdf,Nov 2024 to Jan 2025,B3),B3) 25% of effective vehicle deregistrations Oct 2023 to Sep 2024 (25% of B1+B2),B,3318,False
2024-10-certificate-of-entitlement--coes--quota-for-november-2024-to-jan.annex-a.pdf,Nov 2024 to Jan 2025,B3),B3) 25% of effective vehicle deregistrations Oct 2023 to Sep 2024 (25% of B1+B2),C,1761,False
2024-10-certificate-of-entitlement--coes--quota-for-november-2024-to-jan.annex-a.pdf,Nov 2024 to Jan 2025,B3),B3) 25% of effective vehicle deregistrations Oct 2023 to Sep 2024 (25% of B1+B2),D,2240,False
2024-10-certificate-of-entitlement--coes--quota-for-november-2024-to-jan.annex-a.pdf,Nov 2024 to Jan 2025,B3),B3) 25% of effective vehicle deregistrations Oct 2023 to Sep 2024 (25% of B1+B2),E,0,False
2024-10-certificate-of-entitlement--coes--quota-for-november-2024-to-jan.annex-a.pdf,Nov 2024 to Jan 2025,B3),B3) 25% of effective vehicle deregistrations Oct 2023 to Sep 2024 (25% of B1+B2),Total,12648,False
2024-10-certificate-of-entitlement--coes--quota-for-november-2024-to-jan.annex-a.pdf,Nov 2024 to Jan 2025,B4),B4) Contribution of deregistrations to Category E (10% of B3),A,-532,False
2024-10-certificate-of-entitlement--coes--quota-for-november-2024-to-jan.annex-a.pdf,Nov 2024 to Jan 2025,B4),B4) Contribution of deregistrations to Category E (10% of B3),B,-331,False
2024-10-certificate-of-entitlement--coes--quota-for-november-2024-to-jan.annex-a.pdf,Nov 2024 to Jan 2025,B4),B4) Contribution of deregistrations to Category E (10% of B3),C,-176,False
2024-10-certificate-of-entitlement--coes--quota-for-november-2024-to-jan.annex-a.pdf,Nov 2024 to Jan 2025,B4),B4) Contribution of deregistrations to Category E (10% of B3),D,0,False
2024-10-certificate-of-entitlement--coes--quota-for-november-2024-to-jan.annex-a.pdf,Nov 2024 to Jan 2025,B4),B4) Contribution of deregistrations to Category E (10% of B3),E,1039,False
2024-10-certificate-of-entitlement--coes--quota-for-november-2024-to-jan.annex-a.pdf,Nov 2024 to Jan 2025,B4),B4) Contribution of deregistrations to Category E (10% of B3),Total,0,False
2024-10-certificate-of-entitlement--coes--quota-for-november-2024-to-jan.annex-a.pdf,Nov 2024 to Jan 2025,(B),(B) Replacements of De-registered Vehicles,A,4797,False
2024-10-certificate-of-entitlement--coes--quota-for-november-2024-to-jan.annex-a.pdf,Nov 2024 to Jan 2025,(B),(B) Replacements of De-registered Vehicles,B,2987,False
2024-10-certificate-of-entitlement--coes--quota-for-november-2024-to-jan.annex-a.pdf,Nov 2024 to Jan 2025,(B),(B) Replacements of De-registered Vehicles,C,1585,False
2024-10-certificate-of-entitlement--coes--quota-for-november-2024-to-jan.annex-a.pdf,Nov 2024 to Jan 2025,(B),(B) Replacements of De-registered Vehicles,D,2240,False
2024-10-certificate-of-entitlement--coes--quota-for-november-2024-to-jan.annex-a.pdf,Nov 2024 to Jan 2025,(B),(B) Replacements of De-registered Vehicles,E,1039,False
2024-10-certificate-of-entitlement--coes--quota-for-november-2024-to-jan.annex-a.pdf,Nov 2024 to Jan 2025,(B),(B) Replacements of De-registered Vehicles,Total,12648,False
2024-10-certificate-of-entitlement--coes--quota-for-november-2024-to-jan.annex-a.pdf,Nov 2024 to Jan 2025,C1),C1) Adjustments for change in taxi population,A,0,False
2024-10-certificate-of-entitlement--coes--quota-for-november-2024-to-jan.annex-a.pdf,Nov 2024 to Jan 2025,C1),C1) Adjustments for change in taxi population,B,0,False
2024-10-certificate-of-entitlement--coes--quota-for-november-2024-to-jan.annex-a.pdf,Nov 2024 to Jan 2025,C1),C1) Adjustments for change in taxi population,C,0,False
2024-10-certificate-of-entitlement--coes--quota-for-november-2024-to-jan.annex-a.pdf,Nov 2024 to Jan 2025,C1),C1) Adjustments for change in taxi population,D,0,False
2024-10-certificate-of-entitlement--coes--quota-for-november-2024-to-jan.annex-a.pdf,Nov 2024 to Jan 2025,C1),C1) Adjustments for change in taxi population,E,92,False
2024-10-certificate-of-entitlement--coes--quota-for-november-2024-to-jan.annex-a.pdf,Nov 2024 to Jan 2025,C1),C1) Adjustments for change in taxi population,Total,92,False
2024-10-certificate-of-entitlement--coes--quota-for-november-2024-to-jan.annex-a.pdf,Nov 2024 to Jan 2025,C2),C2) Adjustments under Early Turnover Scheme,A,0,False
2024-10-certificate-of-entitlement--coes--quota-for-november-2024-to-jan.annex-a.pdf,Nov 2024 to Jan 2025,C2),C2) Adjustments under Early Turnover Scheme,B,0,False
2024-10-certificate-of-entitlement--coes--quota-for-november-2024-to-jan.annex-a.pdf,Nov 2024 to Jan 2025,C2),C2) Adjustments under Early Turnover Scheme,C,-273,False
2024-10-certificate-of-entitlement--coes--quota-for-november-2024-to-jan.annex-a.pdf,Nov 2024 to Jan 2025,C2),C2) Adjustments under Early Turnover Scheme,D,0,False
2024-10-certificate-of-entitlement--coes--quota-for-november-2024-to-jan.annex-a.pdf,Nov 2024 to Jan 2025,C2),C2) Adjustments under Early Turnover Scheme,E,-59,False
2024-10-certificate-of-entitlement--coes--quota-for-november-2024-to-jan.annex-a.pdf,Nov 2024 to Jan 2025,C2),C2) Adjustments under Early Turnover Scheme,Total,-332,False
2024-10-certificate-of-entitlement--coes--quota-for-november-2024-to-jan.annex-a.pdf,Nov 2024 to Jan 2025,C3),C3) Adjustments for Expired TCOEs,A,3,False
2024-10-certificate-of-entitlement--coes--quota-for-november-2024-to-jan.annex-a.pdf,Nov 2024 to Jan 2025,C3),C3) Adjustments for Expired TCOEs,B,13,False
2024-10-certificate-of-entitlement--coes--quota-for-november-2024-to-jan.annex-a.pdf,Nov 2024 to Jan 2025,C3),C3) Adjustments for Expired TCOEs,C,0,False
2024-10-certificate-of-entitlement--coes--quota-for-november-2024-to-jan.annex-a.pdf,Nov 2024 to Jan 2025,C3),C3) Adjustments for Expired TCOEs,D,0,False
2024-10-certificate-of-entitlement--coes--quota-for-november-2024-to-jan.annex-a.pdf,Nov 2024 to Jan 2025,C3),C3) Adjustments for Expired TCOEs,E,0,False
2024-10-certificate-of-entitlement--coes--quota-for-november-2024-to-jan.annex-a.pdf,Nov 2024 to Jan 2025,C3),C3) Adjustments for Expired TCOEs,Total,16,False
2024-10-certificate-of-entitlement--coes--quota-for-november-2024-to-jan.annex-a.pdf,Nov 2024 to Jan 2025,C4),C4) Redistribution from identified guaranteed deregistrations,A,1390,False
2024-10-certificate-of-entitlement--coes--quota-for-november-2024-to-jan.annex-a.pdf,Nov 2024 to Jan 2025,C4),C4) Redistribution from identified guaranteed deregistrations,B,1060,False
2024-10-certificate-of-entitlement--coes--quota-for-november-2024-to-jan.annex-a.pdf,Nov 2024 to Jan 2025,C4),C4) Redistribution from identified guaranteed deregistrations,C,0,False
2024-10-certificate-of-entitlement--coes--quota-for-november-2024-to-jan.annex-a.pdf,Nov 2024 to Jan 2025,C4),C4) Redistribution from identified guaranteed deregistrations,D,865,False
2024-10-certificate-of-entitlement--coes--quota-for-november-2024-to-jan.annex-a.pdf,Nov 2024 to Jan 2025,C4),C4) Redistribution from identified guaranteed deregistrations,E,0,False
2024-10-certificate-of-entitlement--coes--quota-for-november-2024-to-jan.annex-a.pdf,Nov 2024 to Jan 2025,C4),C4) Redistribution from identified guaranteed deregistrations,Total,3315,False
2024-10-certificate-of-entitlement--coes--quota-for-november-2024-to-jan.annex-a.pdf,Nov 2024 to Jan 2025,(C),(C) Adjustments,A,1393,False
2024-10-certificate-of-entitlement--coes--quota-for-november-2024-to-jan.annex-a.pdf,Nov 2024 to Jan 2025,(C),(C) Adjustments,B,1073,False
2024-10-certificate-of-entitlement--coes--quota-for-november-2024-to-jan.annex-a.pdf,Nov 2024 to Jan 2025,(C),(C) Adjustments,C,-273,False
2024-10-certificate-of-entitlement--coes--quota-for-november-2024-to-jan.annex-a.pdf,Nov 2024 to Jan 2025,(C),(C) Adjustments,D,865,False
2024-10-certificate-of-entitlement--coes--quota-for-november-2024-to-jan.annex-a.pdf,Nov 2024 to Jan 2025,(C),(C) Adjustments,E,33,False
2024-10-certificate-of-entitlement--coes--quota-for-november-2024-to-jan.annex-a.pdf,Nov 2024 to Jan 2025,(C),(C) Adjustments,Total,3091,False
2024-10-certificate-of-entitlement--coes--quota-for-november-2024-to-jan.annex-a.pdf,Nov 2024 to Jan 2025,Total Quota for Nov 2024 to Jan 2025,Total Quota for Nov 2024 to Jan 2025 Bidding Exercises (A + B + C),A,6190,False
2024-10-certificate-of-entitlement--coes--quota-for-november-2024-to-jan.annex-a.pdf,Nov 2024 to Jan 2025,Total Quota for Nov 2024 to Jan 2025,Total Quota for Nov 2024 to Jan 2025 Bidding Exercises (A + B + C),B,4060,False
2024-10-certificate-of-entitlement--coes--quota-for-november-2024-to-jan.annex-a.pdf,Nov 2024 to Jan 2025,Total Quota for Nov 2024 to Jan 2025,Total Quota for Nov 2024 to Jan 2025 Bidding Exercises (A + B + C),C,1407,False
2024-10-certificate-of-entitlement--coes--quota-for-november-2024-to-jan.annex-a.pdf,Nov 2024 to Jan 2025,Total Quota for Nov 2024 to Jan 2025,Total Quota for Nov 2024 to Jan 2025 Bidding Exercises (A + B + C),D,3105,False
2024-10-certificate-of-entitlement--coes--quota-for-november-2024-to-jan.annex-a.pdf,Nov 2024 to Jan 2025,Total Quota for Nov 2024 to Jan 2025,Total Quota for Nov 2024 to Jan 2025 Bidding Exercises (A + B + C),E,1072,False
2024-10-certificate-of-entitlement--coes--quota-for-november-2024-to-jan.annex-a.pdf,Nov 2024 to Jan 2025,Total Quota for Nov 2024 to Jan 2025,Total Quota for Nov 2024 to Jan 2025 Bidding Exercises (A + B + C),Total,15834,False
2024-10-certificate-of-entitlement--coes--quota-for-november-2024-to-jan.annex-a.pdf,Nov 2024 to Jan 2025,Total Quota for Aug 2024 to Oct 2024,Total Quota for Aug 2024 to Oct 2024 Bidding Exercises,A,5864,False
2024-10-certificate-of-entitlement--coes--quota-for-november-2024-to-jan.annex-a.pdf,Nov 2024 to Jan 2025,Total Quota for Aug 2024 to Oct 2024,Total Quota for Aug 2024 to Oct 2024 Bidding Exercises,B,3980,False
2024-10-certificate-of-entitlement--coes--quota-for-november-2024-to-jan.annex-a.pdf,Nov 2024 to Jan 2025,Total Quota for Aug 2024 to Oct 2024,Total Quota for Aug 2024 to Oct 2024 Bidding Exercises,C,1299,False
2024-10-certificate-of-entitlement--coes--quota-for-november-2024-to-jan.annex-a.pdf,Nov 2024 to Jan 2025,Total Quota for Aug 2024 to Oct 2024,Total Quota for Aug 2024 to Oct 2024 Bidding Exercises,D,3105,False
2024-10-certificate-of-entitlement--coes--quota-for-november-2024-to-jan.annex-a.pdf,Nov 2024 to Jan 2025,Total Quota for Aug 2024 to Oct 2024,Total Quota for Aug 2024 to Oct 2024 Bidding Exercises,E,1035,False
2024-10-certificate-of-entitlement--coes--quota-for-november-2024-to-jan.annex-a.pdf,Nov 2024 to Jan 2025,Total Quota for Aug 2024 to Oct 2024,Total Quota for Aug 2024 to Oct 2024 Bidding Exercises,Total,15283,False
2024-04-certificate-of-entitlement--coes--quota-for-may-2024-to-july-202.annex-a.pdf,May 2024 to Jul 2024,A1),A1) Vehicle Population As at 31 Dec 2023,A,319837,False
2024-04-certificate-of-entitlement--coes--quota-for-may-2024-to-july-202.annex-a.pdf,May 2024 to Jul 2024,A1),A1) Vehicle Population As at 31 Dec 2023,B,331007,False
2024-04-certificate-of-entitlement--coes--quota-for-may-2024-to-july-202.annex-a.pdf,May 2024 to Jul 2024,A1),A1) Vehicle Population As at 31 Dec 2023,C,153419,False
2024-04-certificate-of-entitlement--coes--quota-for-may-2024-to-july-202.annex-a.pdf,May 2024 to Jul 2024,A1),A1) Vehicle Population As at 31 Dec 2023,D,143441,False
2024-04-certificate-of-entitlement--coes--quota-for-may-2024-to-july-202.annex-a.pdf,May 2024 to Jul 2024,A1),A1) Vehicle Population As at 31 Dec 2023,E,0,False
2024-04-certificate-of-entitlement--coes--quota-for-may-2024-to-july-202.annex-a.pdf,May 2024 to Jul 2024,A1),A1) Vehicle Population As at 31 Dec 2023,Total,947704,False
2024-04-certificate-of-entitlement--coes--quota-for-may-2024-to-july-202.annex-a.pdf,May 2024 to Jul 2024,A2),A2) Net Increase allowed per quarter [Cat C Only] [0.25% x vehicle population / 4],A,0,False
2024-04-certificate-of-entitlement--coes--quota-for-may-2024-to-july-202.annex-a.pdf,May 2024 to Jul 2024,A2),A2) Net Increase allowed per quarter [Cat C Only] [0.25% x vehicle population / 4],B,0,False
2024-04-certificate-of-entitlement--coes--quota-for-may-2024-to-july-202.annex-a.pdf,May 2024 to Jul 2024,A2),A2) Net Increase allowed per quarter [Cat C Only] [0.25% x vehicle population / 4],C,95,False
2024-04-certificate-of-entitlement--coes--quota-for-may-2024-to-july-202.annex-a.pdf,May 2024 to Jul 2024,A2),A2) Net Increase allowed per quarter [Cat C Only] [0.25% x vehicle population / 4],D,0,False
2024-04-certificate-of-entitlement--coes--quota-for-may-2024-to-july-202.annex-a.pdf,May 2024 to Jul 2024,A2),A2) Net Increase allowed per quarter [Cat C Only] [0.25% x vehicle population / 4],E,0,False
2024-04-certificate-of-entitlement--coes--quota-for-may-2024-to-july-202.annex-a.pdf,May 2024 to Jul 2024,A2),A2) Net Increase allowed per quarter [Cat C Only] [0.25% x vehicle population / 4],Total,95,False
2024-04-certificate-of-entitlement--coes--quota-for-may-2024-to-july-202.annex-a.pdf,May 2024 to Jul 2024,(A),(A) Increase in Vehicle Population,A,0,False
2024-04-certificate-of-entitlement--coes--quota-for-may-2024-to-july-202.annex-a.pdf,May 2024 to Jul 2024,(A),(A) Increase in Vehicle Population,B,0,False
2024-04-certificate-of-entitlement--coes--quota-for-may-2024-to-july-202.annex-a.pdf,May 2024 to Jul 2024,(A),(A) Increase in Vehicle Population,C,95,False
2024-04-certificate-of-entitlement--coes--quota-for-may-2024-to-july-202.annex-a.pdf,May 2024 to Jul 2024,(A),(A) Increase in Vehicle Population,D,0,False
2024-04-certificate-of-entitlement--coes--quota-for-may-2024-to-july-202.annex-a.pdf,May 2024 to Jul 2024,(A),(A) Increase in Vehicle Population,E,0,False
2024-04-certificate-of-entitlement--coes--quota-for-may-2024-to-july-202.annex-a.pdf,May 2024 to Jul 2024,(A),(A) Increase in Vehicle Population,Total,95,False
2024-04-certificate-of-entitlement--coes--quota-for-may-2024-to-july-202.annex-a.pdf,May 2024 to Jul 2024,B1),B1) Total vehicle deregistrations from Apr 2023 to Mar 2024,A,19899,False
2024-04-certificate-of-entitlement--coes--quota-for-may-2024-to-july-202.annex-a.pdf,May 2024 to Jul 2024,B1),B1) Total vehicle deregistrations from Apr 2023 to Mar 2024,B,13239,False
2024-04-certificate-of-entitlement--coes--quota-for-may-2024-to-july-202.annex-a.pdf,May 2024 to Jul 2024,B1),B1) Total vehicle deregistrations from Apr 2023 to Mar 2024,C,6205,False
2024-04-certificate-of-entitlement--coes--quota-for-may-2024-to-july-202.annex-a.pdf,May 2024 to Jul 2024,B1),B1) Total vehicle deregistrations from Apr 2023 to Mar 2024,D,10457,False
2024-04-certificate-of-entitlement--coes--quota-for-may-2024-to-july-202.annex-a.pdf,May 2024 to Jul 2024,B1),B1) Total vehicle deregistrations from Apr 2023 to Mar 2024,E,0,False
2024-04-certificate-of-entitlement--coes--quota-for-may-2024-to-july-202.annex-a.pdf,May 2024 to Jul 2024,B1),B1) Total vehicle deregistrations from Apr 2023 to Mar 2024,Total,49800,False
2024-04-certificate-of-entitlement--coes--quota-for-may-2024-to-july-202.annex-a.pdf,May 2024 to Jul 2024,B2),B2) Total vehicle deregistrations Apr 2023 to Mar 2024 arising from identified guaranteed deregistrations,A,-8,False
2024-04-certificate-of-entitlement--coes--quota-for-may-2024-to-july-202.annex-a.pdf,May 2024 to Jul 2024,B2),B2) Total vehicle deregistrations Apr 2023 to Mar 2024 arising from identified guaranteed deregistrations,B,-12,False
2024-04-certificate-of-entitlement--coes--quota-for-may-2024-to-july-202.annex-a.pdf,May 2024 to Jul 2024,B2),B2) Total vehicle deregistrations Apr 2023 to Mar 2024 arising from identified guaranteed deregistrations,C,0,False
2024-04-certificate-of-entitlement--coes--quota-for-may-2024-to-july-202.annex-a.pdf,May 2024 to Jul 2024,B2),B2) Total vehicle deregistrations Apr 2023 to Mar 2024 arising from identified guaranteed deregistrations,D,-10,False
2024-04-certificate-of-entitlement--coes--quota-for-may-2024-to-july-202.annex-a.pdf,May 2024 to Jul 2024,B2),B2) Total vehicle deregistrations Apr 2023 to Mar 2024 arising from identified guaranteed deregistrations,E,0,False
2024-04-certificate-of-entitlement--coes--quota-for-may-2024-to-july-202.annex-a.pdf,May 2024 to Jul 2024,B2),B2) Total vehicle deregistrations Apr 2023 to Mar 2024 arising from identified guaranteed deregistrations,Total,-30,False
2024-04-certificate-of-entitlement--coes--quota-for-may-2024-to-july-202.annex-a.pdf,May 2024 to Jul 2024,B3),B3) 25% of effective vehicle deregistrations Apr 2023 to Mar 2024 (25% of B1+B2),A,4973,False
2024-04-certificate-of-entitlement--coes--quota-for-may-2024-to-july-202.annex-a.pdf,May 2024 to Jul 2024,B3),B3) 25% of effective vehicle deregistrations Apr 2023 to Mar 2024 (25% of B1+B2),B,3307,False
2024-04-certificate-of-entitlement--coes--quota-for-may-2024-to-july-202.annex-a.pdf,May 2024 to Jul 2024,B3),B3) 25% of effective vehicle deregistrations Apr 2023 to Mar 2024 (25% of B1+B2),C,1551,False
2024-04-certificate-of-entitlement--coes--quota-for-may-2024-to-july-202.annex-a.pdf,May 2024 to Jul 2024,B3),B3) 25% of effective vehicle deregistrations Apr 2023 to Mar 2024 (25% of B1+B2),D,2612,False
2024-04-certificate-of-entitlement--coes--quota-for-may-2024-to-july-202.annex-a.pdf,May 2024 to Jul 2024,B3),B3) 25% of effective vehicle deregistrations Apr 2023 to Mar 2024 (25% of B1+B2),E,0,False
2024-04-certificate-of-entitlement--coes--quota-for-may-2024-to-july-202.annex-a.pdf,May 2024 to Jul 2024,B3),B3) 25% of effective vehicle deregistrations Apr 2023 to Mar 2024 (25% of B1+B2),Total,12443,False
2024-04-certificate-of-entitlement--coes--quota-for-may-2024-to-july-202.annex-a.pdf,May 2024 to Jul 2024,B4),B4) Contribution of deregistrations to Category E (10% of B3),A,-497,False
2024-04-certificate-of-entitlement--coes--quota-for-may-2024-to-july-202.annex-a.pdf,May 2024 to Jul 2024,B4),B4) Contribution of deregistrations to Category E (10% of B3),B,-330,False
2024-04-certificate-of-entitlement--coes--quota-for-may-2024-to-july-202.annex-a.pdf,May 2024 to Jul 2024,B4),B4) Contribution of deregistrations to Category E (10% of B3),C,-155,False
2024-04-certificate-of-entitlement--coes--quota-for-may-2024-to-july-202.annex-a.pdf,May 2024 to Jul 2024,B4),B4) Contribution of deregistrations to Category E (10% of B3),D,0,False
2024-04-certificate-of-entitlement--coes--quota-for-may-2024-to-july-202.annex-a.pdf,May 2024 to Jul 2024,B4),B4) Contribution of deregistrations to Category E (10% of B3),E,982,False
2024-04-certificate-of-entitlement--coes--quota-for-may-2024-to-july-202.annex-a.pdf,May 2024 to Jul 2024,B4),B4) Contribution of deregistrations to Category E (10% of B3),Total,0,False
2024-04-certificate-of-entitlement--coes--quota-for-may-2024-to-july-202.annex-a.pdf,May 2024 to Jul 2024,(B),(B) Replacements of De-registered Vehicles,A,4476,False
2024-04-certificate-of-entitlement--coes--quota-for-may-2024-to-july-202.annex-a.pdf,May 2024 to Jul 2024,(B),(B) Replacements of De-registered Vehicles,B,2977,False
2024-04-certificate-of-entitlement--coes--quota-for-may-2024-to-july-202.annex-a.pdf,May 2024 to Jul 2024,(B),(B) Replacements of De-registered Vehicles,C,1396,False
2024-04-certificate-of-entitlement--coes--quota-for-may-2024-to-july-202.annex-a.pdf,May 2024 to Jul 2024,(B),(B) Replacements of De-registered Vehicles,D,2612,False
2024-04-certificate-of-entitlement--coes--quota-for-may-2024-to-july-202.annex-a.pdf,May 2024 to Jul 2024,(B),(B) Replacements of De-registered Vehicles,E,982,False
2024-04-certificate-of-entitlement--coes--quota-for-may-2024-to-july-202.annex-a.pdf,May 2024 to Jul 2024,(B),(B) Replacements of De-registered Vehicles,Total,12443,False
2024-04-certificate-of-entitlement--coes--quota-for-may-2024-to-july-202.annex-a.pdf,May 2024 to Jul 2024,C1),C1) Adjustments for change in taxi population,A,0,False
2024-04-certificate-of-entitlement--coes--quota-for-may-2024-to-july-202.annex-a.pdf,May 2024 to Jul 2024,C1),C1) Adjustments for change in taxi population,B,0,False
2024-04-certificate-of-entitlement--coes--quota-for-may-2024-to-july-202.annex-a.pdf,May 2024 to Jul 2024,C1),C1) Adjustments for change in taxi population,C,0,False
2024-04-certificate-of-entitlement--coes--quota-for-may-2024-to-july-202.annex-a.pdf,May 2024 to Jul 2024,C1),C1) Adjustments for change in taxi population,D,0,False
2024-04-certificate-of-entitlement--coes--quota-for-may-2024-to-july-202.annex-a.pdf,May 2024 to Jul 2024,C1),C1) Adjustments for change in taxi population,E,121,False
2024-04-certificate-of-entitlement--coes--quota-for-may-2024-to-july-202.annex-a.pdf,May 2024 to Jul 2024,C1),C1) Adjustments for change in taxi population,Total,121,False
2024-04-certificate-of-entitlement--coes--quota-for-may-2024-to-july-202.annex-a.pdf,May 2024 to Jul 2024,C2),C2) Adjustments under Early Turnover Scheme,A,0,False
2024-04-certificate-of-entitlement--coes--quota-for-may-2024-to-july-202.annex-a.pdf,May 2024 to Jul 2024,C2),C2) Adjustments under Early Turnover Scheme,B,0,False
2024-04-certificate-of-entitlement--coes--quota-for-may-2024-to-july-202.annex-a.pdf,May 2024 to Jul 2024,C2),C2) Adjustments under Early Turnover Scheme,C,-348,False
2024-04-certificate-of-entitlement--coes--quota-for-may-2024-to-july-202.annex-a.pdf,May 2024 to Jul 2024,C2),C2) Adjustments under Early Turnover Scheme,D,0,False
2024-04-certificate-of-entitlement--coes--quota-for-may-2024-to-july-202.annex-a.pdf,May 2024 to Jul 2024,C2),C2) Adjustments under Early Turnover Scheme,E,-55,False
2024-04-certificate-of-entitlement--coes--quota-for-may-2024-to-july-202.annex-a.pdf,May 2024 to Jul 2024,C2),C2) Adjustments under Early Turnover Scheme,Total,-403,False
2024-04-certificate-of-entitlement--coes--quota-for-may-2024-to-july-202.annex-a.pdf,May 2024 to Jul 2024,C3),C3) Expired TCOEs,A,59,False
2024-04-certificate-of-entitlement--coes--quota-for-may-2024-to-july-202.annex-a.pdf,May 2024 to Jul 2024,C3),C3) Expired TCOEs,B,87,False
2024-04-certificate-of-entitlement--coes--quota-for-may-2024-to-july-202.annex-a.pdf,May 2024 to Jul 2024,C3),C3) Expired TCOEs,C,36,False
2024-04-certificate-of-entitlement--coes--quota-for-may-2024-to-july-202.annex-a.pdf,May 2024 to Jul 2024,C3),C3) Expired TCOEs,D,0,False
2024-04-certificate-of-entitlement--coes--quota-for-may-2024-to-july-202.annex-a.pdf,May 2024 to Jul 2024,C3),C3) Expired TCOEs,E,266,False
2024-04-certificate-of-entitlement--coes--quota-for-may-2024-to-july-202.annex-a.pdf,May 2024 to Jul 2024,C3),C3) Expired TCOEs,Total,448,False
2024-04-certificate-of-entitlement--coes--quota-for-may-2024-to-july-202.annex-a.pdf,May 2024 to Jul 2024,C4),C4) Return of expired Cat E TCOEs,A,133,False
2024-04-certificate-of-entitlement--coes--quota-for-may-2024-to-july-202.annex-a.pdf,May 2024 to Jul 2024,C4),C4) Return of expired Cat E TCOEs,B,80,False
2024-04-certificate-of-entitlement--coes--quota-for-may-2024-to-july-202.annex-a.pdf,May 2024 to Jul 2024,C4),C4) Return of expired Cat E TCOEs,C,53,False
2024-04-certificate-of-entitlement--coes--quota-for-may-2024-to-july-202.annex-a.pdf,May 2024 to Jul 2024,C4),C4) Return of expired Cat E TCOEs,D,0,False
2024-04-certificate-of-entitlement--coes--quota-for-may-2024-to-july-202.annex-a.pdf,May 2024 to Jul 2024,C4),C4) Return of expired Cat E TCOEs,E,-266,False
2024-04-certificate-of-entitlement--coes--quota-for-may-2024-to-july-202.annex-a.pdf,May 2024 to Jul 2024,C4),C4) Return of expired Cat E TCOEs,Total,0,False
2024-04-certificate-of-entitlement--coes--quota-for-may-2024-to-july-202.annex-a.pdf,May 2024 to Jul 2024,C5),C5) Redistribution from identified guaranteed deregistrations,A,1107,False
2024-04-certificate-of-entitlement--coes--quota-for-may-2024-to-july-202.annex-a.pdf,May 2024 to Jul 2024,C5),C5) Redistribution from identified guaranteed deregistrations,B,800,False
2024-04-certificate-of-entitlement--coes--quota-for-may-2024-to-july-202.annex-a.pdf,May 2024 to Jul 2024,C5),C5) Redistribution from identified guaranteed deregistrations,C,0,False
2024-04-certificate-of-entitlement--coes--quota-for-may-2024-to-july-202.annex-a.pdf,May 2024 to Jul 2024,C5),C5) Redistribution from identified guaranteed deregistrations,D,493,False
2024-04-certificate-of-entitlement--coes--quota-for-may-2024-to-july-202.annex-a.pdf,May 2024 to Jul 2024,C5),C5) Redistribution from identified guaranteed deregistrations,E,0,False
2024-04-certificate-of-entitlement--coes--quota-for-may-2024-to-july-202.annex-a.pdf,May 2024 to Jul 2024,C5),C5) Redistribution from identified guaranteed deregistrations,Total,2400,False
2024-04-certificate-of-entitlement--coes--quota-for-may-2024-to-july-202.annex-a.pdf,May 2024 to Jul 2024,(C),(C) Adjustments,A,1299,False
2024-04-certificate-of-entitlement--coes--quota-for-may-2024-to-july-202.annex-a.pdf,May 2024 to Jul 2024,(C),(C) Adjustments,B,967,False
2024-04-certificate-of-entitlement--coes--quota-for-may-2024-to-july-202.annex-a.pdf,May 2024 to Jul 2024,(C),(C) Adjustments,C,-259,False
2024-04-certificate-of-entitlement--coes--quota-for-may-2024-to-july-202.annex-a.pdf,May 2024 to Jul 2024,(C),(C) Adjustments,D,493,False
2024-04-certificate-of-entitlement--coes--quota-for-may-2024-to-july-202.annex-a.pdf,May 2024 to Jul 2024,(C),(C) Adjustments,E,66,False
2024-04-certificate-of-entitlement--coes--quota-for-may-2024-to-july-202.annex-a.pdf,May 2024 to Jul 2024,(C),(C) Adjustments,Total,2566,False
2024-04-certificate-of-entitlement--coes--quota-for-may-2024-to-july-202.annex-a.pdf,May 2024 to Jul 2024,Total Quota for May 2024 to Jul 2024,Total Quota for May 2024 to Jul 2024 Bidding Exercises (A + B + C),A,5775,False
2024-04-certificate-of-entitlement--coes--quota-for-may-2024-to-july-202.annex-a.pdf,May 2024 to Jul 2024,Total Quota for May 2024 to Jul 2024,Total Quota for May 2024 to Jul 2024 Bidding Exercises (A + B + C),B,3944,False
2024-04-certificate-of-entitlement--coes--quota-for-may-2024-to-july-202.annex-a.pdf,May 2024 to Jul 2024,Total Quota for May 2024 to Jul 2024,Total Quota for May 2024 to Jul 2024 Bidding Exercises (A + B + C),C,1232,False
2024-04-certificate-of-entitlement--coes--quota-for-may-2024-to-july-202.annex-a.pdf,May 2024 to Jul 2024,Total Quota for May 2024 to Jul 2024,Total Quota for May 2024 to Jul 2024 Bidding Exercises (A + B + C),D,3105,False
2024-04-certificate-of-entitlement--coes--quota-for-may-2024-to-july-202.annex-a.pdf,May 2024 to Jul 2024,Total Quota for May 2024 to Jul 2024,Total Quota for May 2024 to Jul 2024 Bidding Exercises (A + B + C),E,1048,False
2024-04-certificate-of-entitlement--coes--quota-for-may-2024-to-july-202.annex-a.pdf,May 2024 to Jul 2024,Total Quota for May 2024 to Jul 2024,Total Quota for May 2024 to Jul 2024 Bidding Exercises (A + B + C),Total,15104,False
2024-04-certificate-of-entitlement--coes--quota-for-may-2024-to-july-202.annex-a.pdf,May 2024 to Jul 2024,Total Quota for Feb 2024 to Apr 2024,Total Quota for Feb 2024 to Apr 2024 Bidding Exercises,A,5609,False
2024-04-certificate-of-entitlement--coes--quota-for-may-2024-to-july-202.annex-a.pdf,May 2024 to Jul 2024,Total Quota for Feb 2024 to Apr 2024,Total Quota for Feb 2024 to Apr 2024 Bidding Exercises,B,3895,False
2024-04-certificate-of-entitlement--coes--quota-for-may-2024-to-july-202.annex-a.pdf,May 2024 to Jul 2024,Total Quota for Feb 2024 to Apr 2024,Total Quota for Feb 2024 to Apr 2024 Bidding Exercises,C,1170,False
2024-04-certificate-of-entitlement--coes--quota-for-may-2024-to-july-202.annex-a.pdf,May 2024 to Jul 2024,Total Quota for Feb 2024 to Apr 2024,Total Quota for Feb 2024 to Apr 2024 Bidding Exercises,D,3105,False
2024-04-certificate-of-entitlement--coes--quota-for-may-2024-to-july-202.annex-a.pdf,May 2024 to Jul 2024,Total Quota for Feb 2024 to Apr 2024,Total Quota for Feb 2024 to Apr 2024 Bidding Exercises,E,928,False
2024-04-certificate-of-entitlement--coes--quota-for-may-2024-to-july-202.annex-a.pdf,May 2024 to Jul 2024,Total Quota for Feb 2024 to Apr 2024,Total Quota for Feb 2024 to Apr 2024 Bidding Exercises,Total,14707,False
2024-07-COEs_quota_for_Aug24-Oct24.annex-a.pdf,Aug 2024 to Oct 2024,A1),A1) Vehicle Population As at 31 Dec 2023,A,319837,True
2024-07-COEs_quota_for_Aug24-Oct24.annex-a.pdf,Aug 2024 to Oct 2024,A1),A1) Vehicle Population As at 31 Dec 2023,B,331007,True
2024-07-COEs_quota_for_Aug24-Oct24.annex-a.pdf,Aug 2024 to Oct 2024,A1),A1) Vehicle Population As at 31 Dec 2023,C,153419,True
2024-07-COEs_quota_for_Aug24-Oct24.annex-a.pdf,Aug 2024 to Oct 2024,A1),A1) Vehicle Population As at 31 Dec 2023,D,143441,True
2024-07-COEs_quota_for_Aug24-Oct24.annex-a.pdf,Aug 2024 to Oct 2024,A1),A1) Vehicle Population As at 31 Dec 2023,E,0,True
2024-07-COEs_quota_for_Aug24-Oct24.annex-a.pdf,Aug 2024 to Oct 2024,A1),A1) Vehicle Population As at 31 Dec 2023,Total,947704,True
2024-07-COEs_quota_for_Aug24-Oct24.annex-a.pdf,Aug 2024 to Oct 2024,A2),A2) Net Increase allowed per quarter [Cat C Only] [0.25% x vehicle population / 4],A,0,False
2024-07-COEs_quota_for_Aug24-Oct24.annex-a.pdf,Aug 2024 to Oct 2024,A2),A2) Net Increase allowed per quarter [Cat C Only] [0.25% x vehicle population / 4],B,0,False
2024-07-COEs_quota_for_Aug24-Oct24.annex-a.pdf,Aug 2024 to Oct 2024,A2),A2) Net Increase allowed per quarter [Cat C Only] [0.25% x vehicle population / 4],C,95,False
2024-07-COEs_quota_for_Aug24-Oct24.annex-a.pdf,Aug 2024 to Oct 2024,A2),A2) Net Increase allowed per quarter [Cat C Only] [0.25% x vehicle population / 4],D,0,False
2024-07-COEs_quota_for_Aug24-Oct24.annex-a.pdf,Aug 2024 to Oct 2024,A2),A2) Net Increase allowed per quarter [Cat C Only] [0.25% x vehicle population / 4],E,0,False
2024-07-COEs_quota_for_Aug24-Oct24.annex-a.pdf,Aug 2024 to Oct 2024,A2),A2) Net Increase allowed per quarter [Cat C Only] [0.25% x vehicle population / 4],Total,95,False
2024-07-COEs_quota_for_Aug24-Oct24.annex-a.pdf,Aug 2024 to Oct 2024,(A),(A) Increase in Vehicle Population,A,0,False
2024-07-COEs_quota_for_Aug24-Oct24.annex-a.pdf,Aug 2024 to Oct 2024,(A),(A) Increase in Vehicle Population,B,0,False
2024-07-COEs_quota_for_Aug24-Oct24.annex-a.pdf,Aug 2024 to Oct 2024,(A),(A) Increase in Vehicle Population,C,95,False
2024-07-COEs_quota_for_Aug24-Oct24.annex-a.pdf,Aug 2024 to Oct 2024,(A),(A) Increase in Vehicle Population,D,0,False
2024-07-COEs_quota_for_Aug24-Oct24.annex-a.pdf,Aug 2024 to Oct 2024,(A),(A) Increase in Vehicle Population,E,0,False
2024-07-COEs_quota_for_Aug24-Oct24.annex-a.pdf,Aug 2024 to Oct 2024,(A),(A) Increase in Vehicle Population,Total,95,False
2024-07-COEs_quota_for_Aug24-Oct24.annex-a.pdf,Aug 2024 to Oct 2024,B1),B1) Total vehicle deregistrations from Jul 2023 to Jun 2024,A,20772,False
2024-07-COEs_quota_for_Aug24-Oct24.annex-a.pdf,Aug 2024 to Oct 2024,B1),B1) Total vehicle deregistrations from Jul 2023 to Jun 2024,B,12908,False
2024-07-COEs_quota_for_Aug24-Oct24.annex-a.pdf,Aug 2024 to Oct 2024,B1),B1) Total vehicle deregistrations from Jul 2023 to Jun 2024,C,6498,False
2024-07-COEs_quota_for_Aug24-Oct24.annex-a.pdf,Aug 2024 to Oct 2024,B1),B1) Total vehicle deregistrations from Jul 2023 to Jun 2024,D,9498,False
2024-07-COEs_quota_for_Aug24-Oct24.annex-a.pdf,Aug 2024 to Oct 2024,B1),B1) Total vehicle deregistrations from Jul 2023 to Jun 2024,E,0,False
2024-07-COEs_quota_for_Aug24-Oct24.annex-a.pdf,Aug 2024 to Oct 2024,B1),B1) Total vehicle deregistrations from Jul 2023 to Jun 2024,Total,49676,False
2024-07-COEs_quota_for_Aug24-Oct24.annex-a.pdf,Aug 2024 to Oct 2024,B2),B2) Total vehicle deregistrations over Jul 2023 to Jun 2024 arising from identified guaranteed deregistrations,A,-18,False
2024-07-COEs_quota_for_Aug24-Oct24.annex-a.pdf,Aug 2024 to Oct 2024,B2),B2) Total vehicle deregistrations over Jul 2023 to Jun 2024 arising from identified guaranteed deregistrations,B,-24,False
2024-07-COEs_quota_for_Aug24-Oct24.annex-a.pdf,Aug 2024 to Oct 2024,B2),B2) Total vehicle deregistrations over Jul 2023 to Jun 2024 arising from identified guaranteed deregistrations,C,0,False
2024-07-COEs_quota_for_Aug24-Oct24.annex-a.pdf,Aug 2024 to Oct 2024,B2),B2) Total vehicle deregistrations over Jul 2023 to Jun 2024 arising from identified guaranteed deregistrations,D,-41,False
2024-07-COEs_quota_for_Aug24-Oct24.annex-a.pdf,Aug 2024 to Oct 2024,B2),B2) Total vehicle deregistrations over Jul 2023 to Jun 2024 arising from identified guaranteed deregistrations,E,0,False
2024-07-COEs_quota_for_Aug24-Oct24.annex-a.pdf,Aug 2024 to Oct 2024,B2),B2) Total vehicle deregistrations over Jul 2023 to Jun 2024 arising from identified guaranteed deregistrations,Total,-83,False
2024-07-COEs_quota_for_Aug24-Oct24.annex-a.pdf,Aug 2024 to Oct 2024,B3),B3) 25% of effective vehicle deregistrations Jul 2023 to Jun 2024 (25% of B1+B2),A,5188,False
2024-07-COEs_quota_for_Aug24-Oct24.annex-a.pdf,Aug 2024 to Oct 2024,B3),B3) 25% of effective vehicle deregistrations Jul 2023 to Jun 2024 (25% of B1+B2),B,3221,False
2024-07-COEs_quota_for_Aug24-Oct24.annex-a.pdf,Aug 2024 to Oct 2024,B3),B3) 25% of effective vehicle deregistrations Jul 2023 to Jun 2024 (25% of B1+B2),C,1625,False
2024-07-COEs_quota_for_Aug24-Oct24.annex-a.pdf,Aug 2024 to Oct 2024,B3),B3) 25% of effective vehicle deregistrations Jul 2023 to Jun 2024 (25% of B1+B2),D,2364,False
2024-07-COEs_quota_for_Aug24-Oct24.annex-a.pdf,Aug 2024 to Oct 2024,B3),B3) 25% of effective vehicle deregistrations Jul 2023 to Jun 2024 (25% of B1+B2),E,0,False
2024-07-COEs_quota_for_Aug24-Oct24.annex-a.pdf,Aug 2024 to Oct 2024,B3),B3) 25% of effective vehicle deregistrations Jul 2023 to Jun 2024 (25% of B1+B2),Total,12398,False
2024-07-COEs_quota_for_Aug24-Oct24.annex-a.pdf,Aug 2024 to Oct 2024,B4),B4) Contribution of deregistrations to Category E (10% of B3),A,-518,False
2024-07-COEs_quota_for_Aug24-Oct24.annex-a.pdf,Aug 2024 to Oct 2024,B4),B4) Contribution of deregistrations to Category E (10% of B3),B,-322,False
2024-07-COEs_quota_for_Aug24-Oct24.annex-a.pdf,Aug 2024 to Oct 2024,B4),B4) Contribution of deregistrations to Category E (10% of B3),C,-162,False
2024-07-COEs_quota_for_Aug24-Oct24.annex-a.pdf,Aug 2024 to Oct 2024,B4),B4) Contribution of deregistrations to Category E (10% of B3),D,0,False
2024-07-COEs_quota_for_Aug24-Oct24.annex-a.pdf,Aug 2024 to Oct 2024,B4),B4) Contribution of deregistrations to Category E (10% of B3),E,1002,False
2024-07-COEs_quota_for_Aug24-Oct24.annex-a.pdf,Aug 2024 to Oct 2024,B4),B4) Contribution of deregistrations to Category E (10% of B3),Total,0,False
2024-07-COEs_quota_for_Aug24-Oct24.annex-a.pdf,Aug 2024 to Oct 2024,(B),(B) Replacements of De-registered Vehicles,A,4670,False
2024-07-COEs_quota_for_Aug24-Oct24.annex-a.pdf,Aug 2024 to Oct 2024,(B),(B) Replacements of De-registered Vehicles,B,2899,False
2024-07-COEs_quota_for_Aug24-Oct24.annex-a.pdf,Aug 2024 to Oct 2024,(B),(B) Replacements of De-registered Vehicles,C,1463,False
2024-07-COEs_quota_for_Aug24-Oct24.annex-a.pdf,Aug 2024 to Oct 2024,(B),(B) Replacements of De-registered Vehicles,D,2364,False
2024-07-COEs_quota_for_Aug24-Oct24.annex-a.pdf,Aug 2024 to Oct 2024,(B),(B) Replacements of De-registered Vehicles,E,1002,False
2024-07-COEs_quota_for_Aug24-Oct24.annex-a.pdf,Aug 2024 to Oct 2024,(B),(B) Replacements of De-registered Vehicles,Total,12398,False
2024-07-COEs_quota_for_Aug24-Oct24.annex-a.pdf,Aug 2024 to Oct 2024,C1),C1) Adjustments for change in taxi population,A,0,True
2024-07-COEs_quota_for_Aug24-Oct24.annex-a.pdf,Aug 2024 to Oct 2024,C1),C1) Adjustments for change in taxi population,B,0,True
2024-07-COEs_quota_for_Aug24-Oct24.annex-a.pdf,Aug 2024 to Oct 2024,C1),C1) Adjustments for change in taxi population,C,0,True
2024-07-COEs_quota_for_Aug24-Oct24.annex-a.pdf,Aug 2024 to Oct 2024,C1),C1) Adjustments for change in taxi population,D,0,True
2024-07-COEs_quota_for_Aug24-Oct24.annex-a.pdf,Aug 2024 to Oct 2024,C1),C1) Adjustments for change in taxi population,E,92,True
2024-07-COEs_quota_for_Aug24-Oct24.annex-a.pdf,Aug 2024 to Oct 2024,C1),C1) Adjustments for change in taxi population,Total,92,True
2024-07-COEs_quota_for_Aug24-Oct24.annex-a.pdf,Aug 2024 to Oct 2024,C2),C2) Adjustments under Early Turnover Scheme,A,0,False
2024-07-COEs_quota_for_Aug24-Oct24.annex-a.pdf,Aug 2024 to Oct 2024,C2),C2) Adjustments under Early Turnover Scheme,B,0,False
2024-07-COEs_quota_for_Aug24-Oct24.annex-a.pdf,Aug 2024 to Oct 2024,C2),C2) Adjustments under Early Turnover Scheme,C,-261,False
2024-07-COEs_quota_for_Aug24-Oct24.annex-a.pdf,Aug 2024 to Oct 2024,C2),C2) Adjustments under Early Turnover Scheme,D,0,False
2024-07-COEs_quota_for_Aug24-Oct24.annex-a.pdf,Aug 2024 to Oct 2024,C2),C2) Adjustments under Early Turnover Scheme,E,-59,False
2024-07-COEs_quota_for_Aug24-Oct24.annex-a.pdf,Aug 2024 to Oct 2024,C2),C2) Adjustments under Early Turnover Scheme,Total,-320,False
2024-07-COEs_quota_for_Aug24-Oct24.annex-a.pdf,Aug 2024 to Oct 2024,C3),C3) Adjustments for Expired TCOEs,A,94,False
2024-07-COEs_quota_for_Aug24-Oct24.annex-a.pdf,Aug 2024 to Oct 2024,C3),C3) Adjustments for Expired TCOEs,B,281,False
2024-07-COEs_quota_for_Aug24-Oct24.annex-a.pdf,Aug 2024 to Oct 2024,C3),C3) Adjustments for Expired TCOEs,C,2,False
2024-07-COEs_quota_for_Aug24-Oct24.annex-a.pdf,Aug 2024 to Oct 2024,C3),C3) Adjustments for Expired TCOEs,D,0,False
2024-07-COEs_quota_for_Aug24-Oct24.annex-a.pdf,Aug 2024 to Oct 2024,C3),C3) Adjustments for Expired TCOEs,E,0,False
2024-07-COEs_quota_for_Aug24-Oct24.annex-a.pdf,Aug 2024 to Oct 2024,C3),C3) Adjustments for Expired TCOEs,Total,377,False
2024-07-COEs_quota_for_Aug24-Oct24.annex-a.pdf,Aug 2024 to Oct 2024,C4),C4) Redistribution from identified guaranteed deregistrations,A,1100,False
2024-07-COEs_quota_for_Aug24-Oct24.annex-a.pdf,Aug 2024 to Oct 2024,C4),C4) Redistribution from identified guaranteed deregistrations,B,800,False
2024-07-COEs_quota_for_Aug24-Oct24.annex-a.pdf,Aug 2024 to Oct 2024,C4),C4) Redistribution from identified guaranteed deregistrations,C,0,False
2024-07-COEs_quota_for_Aug24-Oct24.annex-a.pdf,Aug 2024 to Oct 2024,C4),C4) Redistribution from identified guaranteed deregistrations,D,741,False
2024-07-COEs_quota_for_Aug24-Oct24.annex-a.pdf,Aug 2024 to Oct 2024,C4),C4) Redistribution from identified guaranteed deregistrations,E,0,False
2024-07-COEs_quota_for_Aug24-Oct24.annex-a.pdf,Aug 2024 to Oct 2024,C4),C4) Redistribution from identified guaranteed deregistrations,Total,2641,False
2024-07-COEs_quota_for_Aug24-Oct24.annex-a.pdf,Aug 2024 to Oct 2024,(C),(C) Adjustments,A,1194,False
2024-07-COEs_quota_for_Aug24-Oct24.annex-a.pdf,Aug 2024 to Oct 2024,(C),(C) Adjustments,B,1081,False
2024-07-COEs_quota_for_Aug24-Oct24.annex-a.pdf,Aug 2024 to Oct 2024,(C),(C) Adjustments,C,-259,False
2024-07-COEs_quota_for_Aug24-Oct24.annex-a.pdf,Aug 2024 to Oct 2024,(C),(C) Adjustments,D,741,False
2024-07-COEs_quota_for_Aug24-Oct24.annex-a.pdf,Aug 2024 to Oct 2024,(C),(C) Adjustments,E,33,False
2024-07-COEs_quota_for_Aug24-Oct24.annex-a.pdf,Aug 2024 to Oct 2024,(C),(C) Adjustments,Total,2790,False
2024-07-COEs_quota_for_Aug24-Oct24.annex-a.pdf,Aug 2024 to Oct 2024,Total Quota for Aug 2024 to Oct 2024,Total Quota for Aug 2024 to Oct 2024 Bidding Exercises (A + B + C),A,5864,False
2024-07-COEs_quota_for_Aug24-Oct24.annex-a.pdf,Aug 2024 to Oct 2024,Total Quota for Aug 2024 to Oct 2024,Total Quota for Aug 2024 to Oct 2024 Bidding Exercises (A + B + C),B,3980,False
2024-07-COEs_quota_for_Aug24-Oct24.annex-a.pdf,Aug 2024 to Oct 2024,Total Quota for Aug 2024 to Oct 2024,Total Quota for Aug 2024 to Oct 2024 Bidding Exercises (A + B + C),C,1299,False
2024-07-COEs_quota_for_Aug24-Oct24.annex-a.pdf,Aug 2024 to Oct 2024,Total Quota for Aug 2024 to Oct 2024,Total Quota for Aug 2024 to Oct 2024 Bidding Exercises (A + B + C),D,3105,False
2024-07-COEs_quota_for_Aug24-Oct24.annex-a.pdf,Aug 2024 to Oct 2024,Total Quota for Aug 2024 to Oct 2024,Total Quota for Aug 2024 to Oct 2024 Bidding Exercises (A + B + C),E,1035,False
2024-07-COEs_quota_for_Aug24-Oct24.annex-a.pdf,Aug 2024 to Oct 2024,Total Quota for Aug 2024 to Oct 2024,Total Quota for Aug 2024 to Oct 2024 Bidding Exercises (A + B + C),Total,15283,False
2024-07-COEs_quota_for_Aug24-Oct24.annex-a.pdf,Aug 2024 to Oct 2024,Total Quota for May 2024 to Jul 2024,Total Quota for May 2024 to Jul 2024 Bidding Exercises,A,5775,False
2024-07-COEs_quota_for_Aug24-Oct24.annex-a.pdf,Aug 2024 to Oct 2024,Total Quota for May 2024 to Jul 2024,Total Quota for May 2024 to Jul 2024 Bidding Exercises,B,3944,False
2024-07-COEs_quota_for_Aug24-Oct24.annex-a.pdf,Aug 2024 to Oct 2024,Total Quota for May 2024 to Jul 2024,Total Quota for May 2024 to Jul 2024 Bidding Exercises,C,1232,False
2024-07-COEs_quota_for_Aug24-Oct24.annex-a.pdf,Aug 2024 to Oct 2024,Total Quota for May 2024 to Jul 2024,Total Quota for May 2024 to Jul 2024 Bidding Exercises,D,3105,False
2024-07-COEs_quota_for_Aug24-Oct24.annex-a.pdf,Aug 2024 to Oct 2024,Total Quota for May 2024 to Jul 2024,Total Quota for May 2024 to Jul 2024 Bidding Exercises,E,1048,False
2024-07-COEs_quota_for_Aug24-Oct24.annex-a.pdf,Aug 2024 to Oct 2024,Total Quota for May 2024 to Jul 2024,Total Quota for May 2024 to Jul 2024 Bidding Exercises,Total,15104,False
2025-01-coe_quota_for_feb25_to_apr25.annex-a.pdf,Feb 2025 to Apr 2025,A1),A1) Vehicle Population As at 31 Dec 2024,A,321611,False
2025-01-coe_quota_for_feb25_to_apr25.annex-a.pdf,Feb 2025 to Apr 2025,A1),A1) Vehicle Population As at 31 Dec 2024,B,335675,False
2025-01-coe_quota_for_feb25_to_apr25.annex-a.pdf,Feb 2025 to Apr 2025,A1),A1) Vehicle Population As at 31 Dec 2024,C,153040,False
2025-01-coe_quota_for_feb25_to_apr25.annex-a.pdf,Feb 2025 to Apr 2025,A1),A1) Vehicle Population As at 31 Dec 2024,D,147349,False
2025-01-coe_quota_for_feb25_to_apr25.annex-a.pdf,Feb 2025 to Apr 2025,A1),A1) Vehicle Population As at 31 Dec 2024,E,0,False
2025-01-coe_quota_for_feb25_to_apr25.annex-a.pdf,Feb 2025 to Apr 2025,A1),A1) Vehicle Population As at 31 Dec 2024,Total,957675,False
2025-01-coe_quota_for_feb25_to_apr25.annex-a.pdf,Feb 2025 to Apr 2025,A2),A2) Net Increase allowed per quarter [Cat C Only] [0.25% x vehicle population / 4],A,0,False
2025-01-coe_quota_for_feb25_to_apr25.annex-a.pdf,Feb 2025 to Apr 2025,A2),A2) Net Increase allowed per quarter [Cat C Only] [0.25% x vehicle population / 4],B,0,False
2025-01-coe_quota_for_feb25_to_apr25.annex-a.pdf,Feb 2025 to Apr 2025,A2),A2) Net Increase allowed per quarter [Cat C Only] [0.25% x vehicle population / 4],C,95,False
2025-01-coe_quota_for_feb25_to_apr25.annex-a.pdf,Feb 2025 to Apr 2025,A2),A2) Net Increase allowed per quarter [Cat C Only] [0.25% x vehicle population / 4],D,0,False
2025-01-coe_quota_for_feb25_to_apr25.annex-a.pdf,Feb 2025 to Apr 2025,A2),A2) Net Increase allowed per quarter [Cat C Only] [0.25% x vehicle population / 4],E,0,False
2025-01-coe_quota_for_feb25_to_apr25.annex-a.pdf,Feb 2025 to Apr 2025,A2),A2) Net Increase allowed per quarter [Cat C Only] [0.25% x vehicle population / 4],Total,95,False
2025-01-coe_quota_for_feb25_to_apr25.annex-a.pdf,Feb 2025 to Apr 2025,(A),(A) Increase in Vehicle Population,A,0,False
2025-01-coe_quota_for_feb25_to_apr25.annex-a.pdf,Feb 2025 to Apr 2025,(A),(A) Increase in Vehicle Population,B,0,False
2025-01-coe_quota_for_feb25_to_apr25.annex-a.pdf,Feb 2025 to Apr 2025,(A),(A) Increase in Vehicle Population,C,95,False
2025-01-coe_quota_for_feb25_to_apr25.annex-a.pdf,Feb 2025 to Apr 2025,(A),(A) Increase in Vehicle Population,D,0,False
2025-01-coe_quota_for_feb25_to_apr25.annex-a.pdf,Feb 2025 to Apr 2025,(A),(A) Increase in Vehicle Population,E,0,False
2025-01-coe_quota_for_feb25_to_apr25.annex-a.pdf,Feb 2025 to Apr 2025,(A),(A) Increase in Vehicle Population,Total,95,False
2025-01-coe_quota_for_feb25_to_apr25.annex-a.pdf,Feb 2025 to Apr 2025,B1),B1) Total vehicle deregistrations from Jan 2024 to Dec 2024,A,21516,False
2025-01-coe_quota_for_feb25_to_apr25.annex-a.pdf,Feb 2025 to Apr 2025,B1),B1) Total vehicle deregistrations from Jan 2024 to Dec 2024,B,14621,False
2025-01-coe_quota_for_feb25_to_apr25.annex-a.pdf,Feb 2025 to Apr 2025,B1),B1) Total vehicle deregistrations from Jan 2024 to Dec 2024,C,7582,False
2025-01-coe_quota_for_feb25_to_apr25.annex-a.pdf,Feb 2025 to Apr 2025,B1),B1) Total vehicle deregistrations from Jan 2024 to Dec 2024,D,8492,False
2025-01-coe_quota_for_feb25_to_apr25.annex-a.pdf,Feb 2025 to Apr 2025,B1),B1) Total vehicle deregistrations from Jan 2024 to Dec 2024,E,0,False
2025-01-coe_quota_for_feb25_to_apr25.annex-a.pdf,Feb 2025 to Apr 2025,B1),B1) Total vehicle deregistrations from Jan 2024 to Dec 2024,Total,52211,False
2025-01-coe_quota_for_feb25_to_apr25.annex-a.pdf,Feb 2025 to Apr 2025,B2),B2) Total vehicle deregistrations over Jan 2024 to Dec 2024 arising from identified guaranteed deregistrations,A,-91,False
2025-01-coe_quota_for_feb25_to_apr25.annex-a.pdf,Feb 2025 to Apr 2025,B2),B2) Total vehicle deregistrations over Jan 2024 to Dec 2024 arising from identified guaranteed deregistrations,B,-82,False
2025-01-coe_quota_for_feb25_to_apr25.annex-a.pdf,Feb 2025 to Apr 2025,B2),B2) Total vehicle deregistrations over Jan 2024 to Dec 2024 arising from identified guaranteed deregistrations,C,0,False
2025-01-coe_quota_for_feb25_to_apr25.annex-a.pdf,Feb 2025 to Apr 2025,B2),B2) Total vehicle deregistrations over Jan 2024 to Dec 2024 arising from identified guaranteed deregistrations,D,-164,False
2025-01-coe_quota_for_feb25_to_apr25.annex-a.pdf,Feb 2025 to Apr 2025,B2),B2) Total vehicle deregistrations over Jan 2024 to Dec 2024 arising from identified guaranteed deregistrations,E,0,False
2025-01-coe_quota_for_feb25_to_apr25.annex-a.pdf,Feb 2025 to Apr 2025,B2),B2) Total vehicle deregistrations over Jan 2024 to Dec 2024 arising from identified guaranteed deregistrations,Total,-337,False
2025-01-coe_quota_for_feb25_to_apr25.annex-a.pdf,Feb 2025 to Apr 2025,B3),B3) 25% of effective vehicle deregistrations Jan 2024 to Dec 2024 (25% of B1+B2),A,5356,False
2025-01-coe_quota_for_feb25_to_apr25.annex-a.pdf,Feb 2025 to Apr 2025,B3),B3) 25% of effective vehicle deregistrations Jan 2024 to Dec 2024 (25% of B1+B2),B,3635,False
2025-01-coe_quota_for_feb25_to_apr25.annex-a.pdf,Feb 2025 to Apr 2025,B3),B3) 25% of effective vehicle deregistrations Jan 2024 to Dec 2024 (25% of B1+B2),C,1896,False
2025-01-coe_quota_for_feb25_to_apr25.annex-a.pdf,Feb 2025 to Apr 2025,B3),B3) 25% of effective vehicle deregistrations Jan 2024 to Dec 2024 (25% of B1+B2),D,2082,False
2025-01-coe_quota_for_feb25_to_apr25.annex-a.pdf,Feb 2025 to Apr 2025,B3),B3) 25% of effective vehicle deregistrations Jan 2024 to Dec 2024 (25% of B1+B2),E,0,False
2025-01-coe_quota_for_feb25_to_apr25.annex-a.pdf,Feb 2025 to Apr 2025,B3),B3) 25% of effective vehicle deregistrations Jan 2024 to Dec 2024 (25% of B1+B2),Total,12969,False
2025-01-coe_quota_for_feb25_to_apr25.annex-a.pdf,Feb 2025 to Apr 2025,B4),B4) Contribution of deregistrations to Category E (10% of B3),A,-535,False
2025-01-coe_quota_for_feb25_to_apr25.annex-a.pdf,Feb 2025 to Apr 2025,B4),B4) Contribution of deregistrations to Category E (10% of B3),B,-363,False
2025-01-coe_quota_for_feb25_to_apr25.annex-a.pdf,Feb 2025 to Apr 2025,B4),B4) Contribution of deregistrations to Category E (10% of B3),C,-189,False
2025-01-coe_quota_for_feb25_to_apr25.annex-a.pdf,Feb 2025 to Apr 2025,B4),B4) Contribution of deregistrations to Category E (10% of B3),D,0,False
2025-01-coe_quota_for_feb25_to_apr25.annex-a.pdf,Feb 2025 to Apr 2025,B4),B4) Contribution of deregistrations to Category E (10% of B3),E,1087,False
2025-01-coe_quota_for_feb25_to_apr25.annex-a.pdf,Feb 2025 to Apr 2025,B4),B4) Contribution of deregistrations to Category E (10% of B3),Total,0,False
2025-01-coe_quota_for_feb25_to_apr25.annex-a.pdf,Feb 2025 to Apr 2025,(B),(B) Replacements of De-registered Vehicles,A,4821,False
2025-01-coe_quota_for_feb25_to_apr25.annex-a.pdf,Feb 2025 to Apr 2025,(B),(B) Replacements of De-registered Vehicles,B,3272,False
2025-01-coe_quota_for_feb25_to_apr25.annex-a.pdf,Feb 2025 to Apr 2025,(B),(B) Replacements of De-registered Vehicles,C,1707,False
2025-01-coe_quota_for_feb25_to_apr25.annex-a.pdf,Feb 2025 to Apr 2025,(B),(B) Replacements of De-registered Vehicles,D,2082,False
2025-01-coe_quota_for_feb25_to_apr25.annex-a.pdf,Feb 2025 to Apr 2025,(B),(B) Replacements of De-registered Vehicles,E,1087,False
2025-01-coe_quota_for_feb25_to_apr25.annex-a.pdf,Feb 2025 to Apr 2025,(B),(B) Replacements of De-registered Vehicles,Total,12969,False
2025-01-coe_quota_for_feb25_to_apr25.annex-a.pdf,Feb 2025 to Apr 2025,C1),C1) Adjustments for change in taxi population,A,0,False
2025-01-coe_quota_for_feb25_to_apr25.annex-a.pdf,Feb 2025 to Apr 2025,C1),C1) Adjustments for change in taxi population,B,0,False
2025-01-coe_quota_for_feb25_to_apr25.annex-a.pdf,Feb 2025 to Apr 2025,C1),C1) Adjustments for change in taxi population,C,0,False
2025-01-coe_quota_for_feb25_to_apr25.annex-a.pdf,Feb 2025 to Apr 2025,C1),C1) Adjustments for change in taxi population,D,0,False
2025-01-coe_quota_for_feb25_to_apr25.annex-a.pdf,Feb 2025 to Apr 2025,C1),C1) Adjustments for change in taxi population,E,159,False
2025-01-coe_quota_for_feb25_to_apr25.annex-a.pdf,Feb 2025 to Apr 2025,C1),C1) Adjustments for change in taxi population,Total,159,False
2025-01-coe_quota_for_feb25_to_apr25.annex-a.pdf,Feb 2025 to Apr 2025,C2),C2) Adjustments under Early Turnover Scheme,A,0,False
2025-01-coe_quota_for_feb25_to_apr25.annex-a.pdf,Feb 2025 to Apr 2025,C2),C2) Adjustments under Early Turnover Scheme,B,0,False
2025-01-coe_quota_for_feb25_to_apr25.annex-a.pdf,Feb 2025 to Apr 2025,C2),C2) Adjustments under Early Turnover Scheme,C,-254,False
2025-01-coe_quota_for_feb25_to_apr25.annex-a.pdf,Feb 2025 to Apr 2025,C2),C2) Adjustments under Early Turnover Scheme,D,0,False
2025-01-coe_quota_for_feb25_to_apr25.annex-a.pdf,Feb 2025 to Apr 2025,C2),C2) Adjustments under Early Turnover Scheme,E,-59,False
2025-01-coe_quota_for_feb25_to_apr25.annex-a.pdf,Feb 2025 to Apr 2025,C2),C2) Adjustments under Early Turnover Scheme,Total,-313,False
2025-01-coe_quota_for_feb25_to_apr25.annex-a.pdf,Feb 2025 to Apr 2025,C3),C3) Adjustment for Expired TCOEs,A,7,False
2025-01-coe_quota_for_feb25_to_apr25.annex-a.pdf,Feb 2025 to Apr 2025,C3),C3) Adjustment for Expired TCOEs,B,15,False
2025-01-coe_quota_for_feb25_to_apr25.annex-a.pdf,Feb 2025 to Apr 2025,C3),C3) Adjustment for Expired TCOEs,C,0,False
2025-01-coe_quota_for_feb25_to_apr25.annex-a.pdf,Feb 2025 to Apr 2025,C3),C3) Adjustment for Expired TCOEs,D,0,False
2025-01-coe_quota_for_feb25_to_apr25.annex-a.pdf,Feb 2025 to Apr 2025,C3),C3) Adjustment for Expired TCOEs,E,0,False
2025-01-coe_quota_for_feb25_to_apr25.annex-a.pdf,Feb 2025 to Apr 2025,C3),C3) Adjustment for Expired TCOEs,Total,22,False
2025-01-coe_quota_for_feb25_to_apr25.annex-a.pdf,Feb 2025 to Apr 2025,C4),C4) Redistribution from identified guaranteed deregistrations and injections,A,2000,False
2025-01-coe_quota_for_feb25_to_apr25.annex-a.pdf,Feb 2025 to Apr 2025,C4),C4) Redistribution from identified guaranteed deregistrations and injections,B,1178,False
2025-01-coe_quota_for_feb25_to_apr25.annex-a.pdf,Feb 2025 to Apr 2025,C4),C4) Redistribution from identified guaranteed deregistrations and injections,C,0,False
2025-01-coe_quota_for_feb25_to_apr25.annex-a.pdf,Feb 2025 to Apr 2025,C4),C4) Redistribution from identified guaranteed deregistrations and injections,D,1023,False
2025-01-coe_quota_for_feb25_to_apr25.annex-a.pdf,Feb 2025 to Apr 2025,C4),C4) Redistribution from identified guaranteed deregistrations and injections,E,0,False
2025-01-coe_quota_for_feb25_to_apr25.annex-a.pdf,Feb 2025 to Apr 2025,C4),C4) Redistribution from identified guaranteed deregistrations and injections,Total,4201,False
2025-01-coe_quota_for_feb25_to_apr25.annex-a.pdf,Feb 2025 to Apr 2025,(C),(C) Adjustments,A,2007,False
2025-01-coe_quota_for_feb25_to_apr25.annex-a.pdf,Feb 2025 to Apr 2025,(C),(C) Adjustments,B,1193,False
2025-01-coe_quota_for_feb25_to_apr25.annex-a.pdf,Feb 2025 to Apr 2025,(C),(C) Adjustments,C,-254,False
2025-01-coe_quota_for_feb25_to_apr25.annex-a.pdf,Feb 2025 to Apr 2025,(C),(C) Adjustments,D,1023,False
2025-01-coe_quota_for_feb25_to_apr25.annex-a.pdf,Feb 2025 to Apr 2025,(C),(C) Adjustments,E,100,False
2025-01-coe_quota_for_feb25_to_apr25.annex-a.pdf,Feb 2025 to Apr 2025,(C),(C) Adjustments,Total,4069,False
2025-01-coe_quota_for_feb25_to_apr25.annex-a.pdf,Feb 2025 to Apr 2025,Total Quota for Feb 2025 to Apr 2025,Total Quota for Feb 2025 to Apr 2025 Bidding Exercises (A + B + C),A,6828,False
2025-01-coe_quota_for_feb25_to_apr25.annex-a.pdf,Feb 2025 to Apr 2025,Total Quota for Feb 2025 to Apr 2025,Total Quota for Feb 2025 to Apr 2025 Bidding Exercises (A + B + C),B,4465,False
2025-01-coe_quota_for_feb25_to_apr25.annex-a.pdf,Feb 2025 to Apr 2025,Total Quota for Feb 2025 to Apr 2025,Total Quota for Feb 2025 to Apr 2025 Bidding Exercises (A + B + C),C,1548,False
2025-01-coe_quota_for_feb25_to_apr25.annex-a.pdf,Feb 2025 to Apr 2025,Total Quota for Feb 2025 to Apr 2025,Total Quota for Feb 2025 to Apr 2025 Bidding Exercises (A + B + C),D,3105,False
2025-01-coe_quota_for_feb25_to_apr25.annex-a.pdf,Feb 2025 to Apr 2025,Total Quota for Feb 2025 to Apr 2025,Total Quota for Feb 2025 to Apr 2025 Bidding Exercises (A + B + C),E,1187,False
2025-01-coe_quota_for_feb25_to_apr25.annex-a.pdf,Feb 2025 to Apr 2025,Total Quota for Feb 2025 to Apr 2025,Total Quota for Feb 2025 to Apr 2025 Bidding Exercises (A + B + C),Total,17133,False
2025-10-coe_quota_Nov25-Jan26.annex-a.pdf,Nov 2025 to Jan 2026,A1),A1) Vehicle Population As at 31 Dec 2024,A,321611,False
2025-10-coe_quota_Nov25-Jan26.annex-a.pdf,Nov 2025 to Jan 2026,A1),A1) Vehicle Population As at 31 Dec 2024,B,335675,False
2025-10-coe_quota_Nov25-Jan26.annex-a.pdf,Nov 2025 to Jan 2026,A1),A1) Vehicle Population As at 31 Dec 2024,C,153040,False
2025-10-coe_quota_Nov25-Jan26.annex-a.pdf,Nov 2025 to Jan 2026,A1),A1) Vehicle Population As at 31 Dec 2024,D,147349,False
2025-10-coe_quota_Nov25-Jan26.annex-a.pdf,Nov 2025 to Jan 2026,A1),A1) Vehicle Population As at 31 Dec 2024,E,0,False
2025-10-coe_quota_Nov25-Jan26.annex-a.pdf,Nov 2025 to Jan 2026,A1),A1) Vehicle Population As at 31 Dec 2024,Total,957675,False
2025-10-coe_quota_Nov25-Jan26.annex-a.pdf,Nov 2025 to Jan 2026,A2),A2) Net Increase allowed per quarter [Cat C Only] [0.25% x vehicle population / 4],A,0,False
2025-10-coe_quota_Nov25-Jan26.annex-a.pdf,Nov 2025 to Jan 2026,A2),A2) Net Increase allowed per quarter [Cat C Only] [0.25% x vehicle population / 4],B,0,False
2025-10-coe_quota_Nov25-Jan26.annex-a.pdf,Nov 2025 to Jan 2026,A2),A2) Net Increase allowed per quarter [Cat C Only] [0.25% x vehicle population / 4],C,95,False
2025-10-coe_quota_Nov25-Jan26.annex-a.pdf,Nov 2025 to Jan 2026,A2),A2) Net Increase allowed per quarter [Cat C Only] [0.25% x vehicle population / 4],D,0,False
2025-10-coe_quota_Nov25-Jan26.annex-a.pdf,Nov 2025 to Jan 2026,A2),A2) Net Increase allowed per quarter [Cat C Only] [0.25% x vehicle population / 4],E,0,False
2025-10-coe_quota_Nov25-Jan26.annex-a.pdf,Nov 2025 to Jan 2026,A2),A2) Net Increase allowed per quarter [Cat C Only] [0.25% x vehicle population / 4],Total,95,False
2025-10-coe_quota_Nov25-Jan26.annex-a.pdf,Nov 2025 to Jan 2026,(A),(A) Increase in Vehicle Population,A,0,False
2025-10-coe_quota_Nov25-Jan26.annex-a.pdf,Nov 2025 to Jan 2026,(A),(A) Increase in Vehicle Population,B,0,False
2025-10-coe_quota_Nov25-Jan26.annex-a.pdf,Nov 2025 to Jan 2026,(A),(A) Increase in Vehicle Population,C,95,False
2025-10-coe_quota_Nov25-Jan26.annex-a.pdf,Nov 2025 to Jan 2026,(A),(A) Increase in Vehicle Population,D,0,False
2025-10-coe_quota_Nov25-Jan26.annex-a.pdf,Nov 2025 to Jan 2026,(A),(A) Increase in Vehicle Population,E,0,False
2025-10-coe_quota_Nov25-Jan26.annex-a.pdf,Nov 2025 to Jan 2026,(A),(A) Increase in Vehicle Population,Total,95,False
2025-10-coe_quota_Nov25-Jan26.annex-a.pdf,Nov 2025 to Jan 2026,B1),B1) Total vehicle deregistrations from Oct 2024 to Sep 2025,A,24855,False
2025-10-coe_quota_Nov25-Jan26.annex-a.pdf,Nov 2025 to Jan 2026,B1),B1) Total vehicle deregistrations from Oct 2024 to Sep 2025,B,20833,False
2025-10-coe_quota_Nov25-Jan26.annex-a.pdf,Nov 2025 to Jan 2026,B1),B1) Total vehicle deregistrations from Oct 2024 to Sep 2025,C,8358,False
2025-10-coe_quota_Nov25-Jan26.annex-a.pdf,Nov 2025 to Jan 2026,B1),B1) Total vehicle deregistrations from Oct 2024 to Sep 2025,D,8267,False
2025-10-coe_quota_Nov25-Jan26.annex-a.pdf,Nov 2025 to Jan 2026,B1),B1) Total vehicle deregistrations from Oct 2024 to Sep 2025,E,0,False
2025-10-coe_quota_Nov25-Jan26.annex-a.pdf,Nov 2025 to Jan 2026,B1),B1) Total vehicle deregistrations from Oct 2024 to Sep 2025,Total,62313,False
2025-10-coe_quota_Nov25-Jan26.annex-a.pdf,Nov 2025 to Jan 2026,B2),B2) Total vehicle deregistrations over Oct 2024 to Sep 2025 arising from identified guaranteed deregistrations,A,-810,False
2025-10-coe_quota_Nov25-Jan26.annex-a.pdf,Nov 2025 to Jan 2026,B2),B2) Total vehicle deregistrations over Oct 2024 to Sep 2025 arising from identified guaranteed deregistrations,B,-532,False
2025-10-coe_quota_Nov25-Jan26.annex-a.pdf,Nov 2025 to Jan 2026,B2),B2) Total vehicle deregistrations over Oct 2024 to Sep 2025 arising from identified guaranteed deregistrations,C,0,False
2025-10-coe_quota_Nov25-Jan26.annex-a.pdf,Nov 2025 to Jan 2026,B2),B2) Total vehicle deregistrations over Oct 2024 to Sep 2025 arising from identified guaranteed deregistrations,D,-252,False
2025-10-coe_quota_Nov25-Jan26.annex-a.pdf,Nov 2025 to Jan 2026,B2),B2) Total vehicle deregistrations over Oct 2024 to Sep 2025 arising from identified guaranteed deregistrations,E,0,False
2025-10-coe_quota_Nov25-Jan26.annex-a.pdf,Nov 2025 to Jan 2026,B2),B2) Total vehicle deregistrations over Oct 2024 to Sep 2025 arising from identified guaranteed deregistrations,Total,-1594,False
2025-10-coe_quota_Nov25-Jan26.annex-a.pdf,Nov 2025 to Jan 2026,B3),B3) 25% of effective vehicle deregistrations Oct 2024 to Sep 2025 (25% of B1+B2),A,6011,False
2025-10-coe_quota_Nov25-Jan26.annex-a.pdf,Nov 2025 to Jan 2026,B3),B3) 25% of effective vehicle deregistrations Oct 2024 to Sep 2025 (25% of B1+B2),B,5075,False
2025-10-coe_quota_Nov25-Jan26.annex-a.pdf,Nov 2025 to Jan 2026,B3),B3) 25% of effective vehicle deregistrations Oct 2024 to Sep 2025 (25% of B1+B2),C,2089,False
2025-10-coe_quota_Nov25-Jan26.annex-a.pdf,Nov 2025 to Jan 2026,B3),B3) 25% of effective vehicle deregistrations Oct 2024 to Sep 2025 (25% of B1+B2),D,2003,False
2025-10-coe_quota_Nov25-Jan26.annex-a.pdf,Nov 2025 to Jan 2026,B3),B3) 25% of effective vehicle deregistrations Oct 2024 to Sep 2025 (25% of B1+B2),E,0,False
2025-10-coe_quota_Nov25-Jan26.annex-a.pdf,Nov 2025 to Jan 2026,B3),B3) 25% of effective vehicle deregistrations Oct 2024 to Sep 2025 (25% of B1+B2),Total,15178,False
2025-10-coe_quota_Nov25-Jan26.annex-a.pdf,Nov 2025 to Jan 2026,B4),B4) Contribution of deregistrations to Category E (10% of B3),A,-601,False
2025-10-coe_quota_Nov25-Jan26.annex-a.pdf,Nov 2025 to Jan 2026,B4),B4) Contribution of deregistrations to Category E (10% of B3),B,-507,False
2025-10-coe_quota_Nov25-Jan26.annex-a.pdf,Nov 2025 to Jan 2026,B4),B4) Contribution of deregistrations to Category E (10% of B3),C,-208,False
2025-10-coe_quota_Nov25-Jan26.annex-a.pdf,Nov 2025 to Jan 2026,B4),B4) Contribution of deregistrations to Category E (10% of B3),D,0,False
2025-10-coe_quota_Nov25-Jan26.annex-a.pdf,Nov 2025 to Jan 2026,B4),B4) Contribution of deregistrations to Category E (10% of B3),E,1316,False
2025-10-coe_quota_Nov25-Jan26.annex-a.pdf,Nov 2025 to Jan 2026,B4),B4) Contribution of deregistrations to Category E (10% of B3),Total,0,False
2025-10-coe_quota_Nov25-Jan26.annex-a.pdf,Nov 2025 to Jan 2026,(B),(B) Replacements of De-registered Vehicles,A,5410,False
2025-10-coe_quota_Nov25-Jan26.annex-a.pdf,Nov 2025 to Jan 2026,(B),(B) Replacements of De-registered Vehicles,B,4568,False
2025-10-coe_quota_Nov25-Jan26.annex-a.pdf,Nov 2025 to Jan 2026,(B),(B) Replacements of De-registered Vehicles,C,1881,False
2025-10-coe_quota_Nov25-Jan26.annex-a.pdf,Nov 2025 to Jan 2026,(B),(B) Replacements of De-registered Vehicles,D,2003,False
2025-10-coe_quota_Nov25-Jan26.annex-a.pdf,Nov 2025 to Jan 2026,(B),(B) Replacements of De-registered Vehicles,E,1316,False
2025-10-coe_quota_Nov25-Jan26.annex-a.pdf,Nov 2025 to Jan 2026,(B),(B) Replacements of De-registered Vehicles,Total,15178,False
2025-10-coe_quota_Nov25-Jan26.annex-a.pdf,Nov 2025 to Jan 2026,C1),C1) Adjustments for change in taxi population,A,0,False
2025-10-coe_quota_Nov25-Jan26.annex-a.pdf,Nov 2025 to Jan 2026,C1),C1) Adjustments for change in taxi population,B,0,False
2025-10-coe_quota_Nov25-Jan26.annex-a.pdf,Nov 2025 to Jan 2026,C1),C1) Adjustments for change in taxi population,C,0,False
2025-10-coe_quota_Nov25-Jan26.annex-a.pdf,Nov 2025 to Jan 2026,C1),C1) Adjustments for change in taxi population,D,0,False
2025-10-coe_quota_Nov25-Jan26.annex-a.pdf,Nov 2025 to Jan 2026,C1),C1) Adjustments for change in taxi population,E,386,False
2025-10-coe_quota_Nov25-Jan26.annex-a.pdf,Nov 2025 to Jan 2026,C1),C1) Adjustments for change in taxi population,Total,386,False
2025-10-coe_quota_Nov25-Jan26.annex-a.pdf,Nov 2025 to Jan 2026,C2),C2) Adjustments under Early Turnover Scheme,A,0,False
2025-10-coe_quota_Nov25-Jan26.annex-a.pdf,Nov 2025 to Jan 2026,C2),C2) Adjustments under Early Turnover Scheme,B,0,False
2025-10-coe_quota_Nov25-Jan26.annex-a.pdf,Nov 2025 to Jan 2026,C2),C2) Adjustments under Early Turnover Scheme,C,-284,False
2025-10-coe_quota_Nov25-Jan26.annex-a.pdf,Nov 2025 to Jan 2026,C2),C2) Adjustments under Early Turnover Scheme,D,0,False
2025-10-coe_quota_Nov25-Jan26.annex-a.pdf,Nov 2025 to Jan 2026,C2),C2) Adjustments under Early Turnover Scheme,E,-53,False
2025-10-coe_quota_Nov25-Jan26.annex-a.pdf,Nov 2025 to Jan 2026,C2),C2) Adjustments under Early Turnover Scheme,Total,-337,False
2025-10-coe_quota_Nov25-Jan26.annex-a.pdf,Nov 2025 to Jan 2026,C3),C3) Adjustment for Expired TCOEs,A,6,False
2025-10-coe_quota_Nov25-Jan26.annex-a.pdf,Nov 2025 to Jan 2026,C3),C3) Adjustment for Expired TCOEs,B,10,False
2025-10-coe_quota_Nov25-Jan26.annex-a.pdf,Nov 2025 to Jan 2026,C3),C3) Adjustment for Expired TCOEs,C,0,False
2025-10-coe_quota_Nov25-Jan26.annex-a.pdf,Nov 2025 to Jan 2026,C3),C3) Adjustment for Expired TCOEs,D,0,False
2025-10-coe_quota_Nov25-Jan26.annex-a.pdf,Nov 2025 to Jan 2026,C3),C3) Adjustment for Expired TCOEs,E,0,False
2025-10-coe_quota_Nov25-Jan26.annex-a.pdf,Nov 2025 to Jan 2026,C3),C3) Adjustment for Expired TCOEs,Total,16,False
2025-10-coe_quota_Nov25-Jan26.annex-a.pdf,Nov 2025 to Jan 2026,C4),C4) Redistribution from identified guaranteed deregistrations and injections,A,2246,False
2025-10-coe_quota_Nov25-Jan26.annex-a.pdf,Nov 2025 to Jan 2026,C4),C4) Redistribution from identified guaranteed deregistrations and injections,B,205,False
2025-10-coe_quota_Nov25-Jan26.annex-a.pdf,Nov 2025 to Jan 2026,C4),C4) Redistribution from identified guaranteed deregistrations and injections,C,0,False
2025-10-coe_quota_Nov25-Jan26.annex-a.pdf,Nov 2025 to Jan 2026,C4),C4) Redistribution from identified guaranteed deregistrations and injections,D,1195,False
2025-10-coe_quota_Nov25-Jan26.annex-a.pdf,Nov 2025 to Jan 2026,C4),C4) Redistribution from identified guaranteed deregistrations and injections,E,0,False
2025-10-coe_quota_Nov25-Jan26.annex-a.pdf,Nov 2025 to Jan 2026,C4),C4) Redistribution from identified guaranteed deregistrations and injections,Total,3646,False
2025-10-coe_quota_Nov25-Jan26.annex-a.pdf,Nov 2025 to Jan 2026,(C),(C) Adjustments,A,2252,False
2025-10-coe_quota_Nov25-Jan26.annex-a.pdf,Nov 2025 to Jan 2026,(C),(C) Adjustments,B,215,False
2025-10-coe_quota_Nov25-Jan26.annex-a.pdf,Nov 2025 to Jan 2026,(C),(C) Adjustments,C,-284,False
2025-10-coe_quota_Nov25-Jan26.annex-a.pdf,Nov 2025 to Jan 2026,(C),(C) Adjustments,D,1195,False
2025-10-coe_quota_Nov25-Jan26.annex-a.pdf,Nov 2025 to Jan 2026,(C),(C) Adjustments,E,333,False
2025-10-coe_quota_Nov25-Jan26.annex-a.pdf,Nov 2025 to Jan 2026,(C),(C) Adjustments,Total,3711,False
2025-10-coe_quota_Nov25-Jan26.annex-a.pdf,Nov 2025 to Jan 2026,Total Quota for Nov 2025 to Jan 2026,Total Quota for Nov 2025 to Jan 2026 Bidding Exercises (A + B + C),A,7662,False
2025-10-coe_quota_Nov25-Jan26.annex-a.pdf,Nov 2025 to Jan 2026,Total Quota for Nov 2025 to Jan 2026,Total Quota for Nov 2025 to Jan 2026 Bidding Exercises (A + B + C),B,4783,False
2025-10-coe_quota_Nov25-Jan26.annex-a.pdf,Nov 2025 to Jan 2026,Total Quota for Nov 2025 to Jan 2026,Total Quota for Nov 2025 to Jan 2026 Bidding Exercises (A + B + C),C,1692,False
2025-10-coe_quota_Nov25-Jan26.annex-a.pdf,Nov 2025 to Jan 2026,Total Quota for Nov 2025 to Jan 2026,Total Quota for Nov 2025 to Jan 2026 Bidding Exercises (A + B + C),D,3198,False
2025-10-coe_quota_Nov25-Jan26.annex-a.pdf,Nov 2025 to Jan 2026,Total Quota for Nov 2025 to Jan 2026,Total Quota for Nov 2025 to Jan 2026 Bidding Exercises (A + B + C),E,1649,False
2025-10-coe_quota_Nov25-Jan26.annex-a.pdf,Nov 2025 to Jan 2026,Total Quota for Nov 2025 to Jan 2026,Total Quota for Nov 2025 to Jan 2026 Bidding Exercises (A + B + C),Total,18984,False
2025-04-COE_quota_May-Jul25.annex-a.pdf,May 2025 to Jul 2025,A1),A1) Vehicle Population As at 31 Dec 2024,A,321611,False
2025-04-COE_quota_May-Jul25.annex-a.pdf,May 2025 to Jul 2025,A1),A1) Vehicle Population As at 31 Dec 2024,B,335675,False
2025-04-COE_quota_May-Jul25.annex-a.pdf,May 2025 to Jul 2025,A1),A1) Vehicle Population As at 31 Dec 2024,C,153040,False
2025-04-COE_quota_May-Jul25.annex-a.pdf,May 2025 to Jul 2025,A1),A1) Vehicle Population As at 31 Dec 2024,D,147349,False
2025-04-COE_quota_May-Jul25.annex-a.pdf,May 2025 to Jul 2025,A1),A1) Vehicle Population As at 31 Dec 2024,E,0,False
2025-04-COE_quota_May-Jul25.annex-a.pdf,May 2025 to Jul 2025,A1),A1) Vehicle Population As at 31 Dec 2024,Total,957675,False
2025-04-COE_quota_May-Jul25.annex-a.pdf,May 2025 to Jul 2025,A2),A2) Net Increase allowed per quarter [Cat C Only] [0.25% x vehicle population / 4],A,0,False
2025-04-COE_quota_May-Jul25.annex-a.pdf,May 2025 to Jul 2025,A2),A2) Net Increase allowed per quarter [Cat C Only] [0.25% x vehicle population / 4],B,0,False
2025-04-COE_quota_May-Jul25.annex-a.pdf,May 2025 to Jul 2025,A2),A2) Net Increase allowed per quarter [Cat C Only] [0.25% x vehicle population / 4],C,95,False
2025-04-COE_quota_May-Jul25.annex-a.pdf,May 2025 to Jul 2025,A2),A2) Net Increase allowed per quarter [Cat C Only] [0.25% x vehicle population / 4],D,0,False
2025-04-COE_quota_May-Jul25.annex-a.pdf,May 2025 to Jul 2025,A2),A2) Net Increase allowed per quarter [Cat C Only] [0.25% x vehicle population / 4],E,0,False
2025-04-COE_quota_May-Jul25.annex-a.pdf,May 2025 to Jul 2025,A2),A2) Net Increase allowed per quarter [Cat C Only] [0.25% x vehicle population / 4],Total,95,False
2025-04-COE_quota_May-Jul25.annex-a.pdf,May 2025 to Jul 2025,(A),(A) Increase in Vehicle Population,A,0,False
2025-04-COE_quota_May-Jul25.annex-a.pdf,May 2025 to Jul 2025,(A),(A) Increase in Vehicle Population,B,0,False
2025-04-COE_quota_May-Jul25.annex-a.pdf,May 2025 to Jul 2025,(A),(A) Increase in Vehicle Population,C,95,False
2025-04-COE_quota_May-Jul25.annex-a.pdf,May 2025 to Jul 2025,(A),(A) Increase in Vehicle Population,D,0,False
2025-04-COE_quota_May-Jul25.annex-a.pdf,May 2025 to Jul 2025,(A),(A) Increase in Vehicle Population,E,0,False
2025-04-COE_quota_May-Jul25.annex-a.pdf,May 2025 to Jul 2025,(A),(A) Increase in Vehicle Population,Total,95,False
2025-04-COE_quota_May-Jul25.annex-a.pdf,May 2025 to Jul 2025,B1),B1) Total vehicle deregistrations from Apr 2024 to Mar 2025,A,21352,False
2025-04-COE_quota_May-Jul25.annex-a.pdf,May 2025 to Jul 2025,B1),B1) Total vehicle deregistrations from Apr 2024 to Mar 2025,B,15802,False
2025-04-COE_quota_May-Jul25.annex-a.pdf,May 2025 to Jul 2025,B1),B1) Total vehicle deregistrations from Apr 2024 to Mar 2025,C,7755,False
2025-04-COE_quota_May-Jul25.annex-a.pdf,May 2025 to Jul 2025,B1),B1) Total vehicle deregistrations from Apr 2024 to Mar 2025,D,7984,False
2025-04-COE_quota_May-Jul25.annex-a.pdf,May 2025 to Jul 2025,B1),B1) Total vehicle deregistrations from Apr 2024 to Mar 2025,E,0,False
2025-04-COE_quota_May-Jul25.annex-a.pdf,May 2025 to Jul 2025,B1),B1) Total vehicle deregistrations from Apr 2024 to Mar 2025,Total,52893,False
2025-04-COE_quota_May-Jul25.annex-a.pdf,May 2025 to Jul 2025,B2),B2) Total vehicle deregistrations over Apr 2024 to Mar 2025 arising from identified guaranteed deregistrations,A,-175,False
2025-04-COE_quota_May-Jul25.annex-a.pdf,May 2025 to Jul 2025,B2),B2) Total vehicle deregistrations over Apr 2024 to Mar 2025 arising from identified guaranteed deregistrations,B,-158,False
2025-04-COE_quota_May-Jul25.annex-a.pdf,May 2025 to Jul 2025,B2),B2) Total vehicle deregistrations over Apr 2024 to Mar 2025 arising from identified guaranteed deregistrations,C,0,False
2025-04-COE_quota_May-Jul25.annex-a.pdf,May 2025 to Jul 2025,B2),B2) Total vehicle deregistrations over Apr 2024 to Mar 2025 arising from identified guaranteed deregistrations,D,-214,False
2025-04-COE_quota_May-Jul25.annex-a.pdf,May 2025 to Jul 2025,B2),B2) Total vehicle deregistrations over Apr 2024 to Mar 2025 arising from identified guaranteed deregistrations,E,0,False
2025-04-COE_quota_May-Jul25.annex-a.pdf,May 2025 to Jul 2025,B2),B2) Total vehicle deregistrations over Apr 2024 to Mar 2025 arising from identified guaranteed deregistrations,Total,-547,False
2025-04-COE_quota_May-Jul25.annex-a.pdf,May 2025 to Jul 2025,B3),B3) 25% of effective vehicle deregistrations Apr 2024 to Mar 2025 (25% of B1+B2),A,5295,False
2025-04-COE_quota_May-Jul25.annex-a.pdf,May 2025 to Jul 2025,B3),B3) 25% of effective vehicle deregistrations Apr 2024 to Mar 2025 (25% of B1+B2),B,3910,False
2025-04-COE_quota_May-Jul25.annex-a.pdf,May 2025 to Jul 2025,B3),B3) 25% of effective vehicle deregistrations Apr 2024 to Mar 2025 (25% of B1+B2),C,1939,False
2025-04-COE_quota_May-Jul25.annex-a.pdf,May 2025 to Jul 2025,B3),B3) 25% of effective vehicle deregistrations Apr 2024 to Mar 2025 (25% of B1+B2),D,1943,False
2025-04-COE_quota_May-Jul25.annex-a.pdf,May 2025 to Jul 2025,B3),B3) 25% of effective vehicle deregistrations Apr 2024 to Mar 2025 (25% of B1+B2),E,0,False
2025-04-COE_quota_May-Jul25.annex-a.pdf,May 2025 to Jul 2025,B3),B3) 25% of effective vehicle deregistrations Apr 2024 to Mar 2025 (25% of B1+B2),Total,13087,False
2025-04-COE_quota_May-Jul25.annex-a.pdf,May 2025 to Jul 2025,B4),B4) Contribution of deregistrations to Category E (10% of B3),A,-529,False
2025-04-COE_quota_May-Jul25.annex-a.pdf,May 2025 to Jul 2025,B4),B4) Contribution of deregistrations to Category E (10% of B3),B,-391,False
2025-04-COE_quota_May-Jul25.annex-a.pdf,May 2025 to Jul 2025,B4),B4) Contribution of deregistrations to Category E (10% of B3),C,-193,False
2025-04-COE_quota_May-Jul25.annex-a.pdf,May 2025 to Jul 2025,B4),B4) Contribution of deregistrations to Category E (10% of B3),D,0,False
2025-04-COE_quota_May-Jul25.annex-a.pdf,May 2025 to Jul 2025,B4),B4) Contribution of deregistrations to Category E (10% of B3),E,1113,False
2025-04-COE_quota_May-Jul25.annex-a.pdf,May 2025 to Jul 2025,B4),B4) Contribution of deregistrations to Category E (10% of B3),Total,0,False
2025-04-COE_quota_May-Jul25.annex-a.pdf,May 2025 to Jul 2025,(B),(B) Replacements of De-registered Vehicles,A,4766,False
2025-04-COE_quota_May-Jul25.annex-a.pdf,May 2025 to Jul 2025,(B),(B) Replacements of De-registered Vehicles,B,3519,False
2025-04-COE_quota_May-Jul25.annex-a.pdf,May 2025 to Jul 2025,(B),(B) Replacements of De-registered Vehicles,C,1746,False
2025-04-COE_quota_May-Jul25.annex-a.pdf,May 2025 to Jul 2025,(B),(B) Replacements of De-registered Vehicles,D,1943,False
2025-04-COE_quota_May-Jul25.annex-a.pdf,May 2025 to Jul 2025,(B),(B) Replacements of De-registered Vehicles,E,1113,False
2025-04-COE_quota_May-Jul25.annex-a.pdf,May 2025 to Jul 2025,(B),(B) Replacements of De-registered Vehicles,Total,13087,False
2025-04-COE_quota_May-Jul25.annex-a.pdf,May 2025 to Jul 2025,C1),C1) Adjustments for change in taxi population,A,0,False
2025-04-COE_quota_May-Jul25.annex-a.pdf,May 2025 to Jul 2025,C1),C1) Adjustments for change in taxi population,B,0,False
2025-04-COE_quota_May-Jul25.annex-a.pdf,May 2025 to Jul 2025,C1),C1) Adjustments for change in taxi population,C,0,False
2025-04-COE_quota_May-Jul25.annex-a.pdf,May 2025 to Jul 2025,C1),C1) Adjustments for change in taxi population,D,0,False
2025-04-COE_quota_May-Jul25.annex-a.pdf,May 2025 to Jul 2025,C1),C1) Adjustments for change in taxi population,E,160,False
2025-04-COE_quota_May-Jul25.annex-a.pdf,May 2025 to Jul 2025,C1),C1) Adjustments for change in taxi population,Total,160,False
2025-04-COE_quota_May-Jul25.annex-a.pdf,May 2025 to Jul 2025,C2),C2) Adjustments under Early Turnover Scheme,A,0,False
2025-04-COE_quota_May-Jul25.annex-a.pdf,May 2025 to Jul 2025,C2),C2) Adjustments under Early Turnover Scheme,B,0,False
2025-04-COE_quota_May-Jul25.annex-a.pdf,May 2025 to Jul 2025,C2),C2) Adjustments under Early Turnover Scheme,C,-218,False
2025-04-COE_quota_May-Jul25.annex-a.pdf,May 2025 to Jul 2025,C2),C2) Adjustments under Early Turnover Scheme,D,0,False
2025-04-COE_quota_May-Jul25.annex-a.pdf,May 2025 to Jul 2025,C2),C2) Adjustments under Early Turnover Scheme,E,-64,False
2025-04-COE_quota_May-Jul25.annex-a.pdf,May 2025 to Jul 2025,C2),C2) Adjustments under Early Turnover Scheme,Total,-282,False
2025-04-COE_quota_May-Jul25.annex-a.pdf,May 2025 to Jul 2025,C3),C3) Adjustment for Expired TCOEs,A,10,False
2025-04-COE_quota_May-Jul25.annex-a.pdf,May 2025 to Jul 2025,C3),C3) Adjustment for Expired TCOEs,B,5,False
2025-04-COE_quota_May-Jul25.annex-a.pdf,May 2025 to Jul 2025,C3),C3) Adjustment for Expired TCOEs,C,2,False
2025-04-COE_quota_May-Jul25.annex-a.pdf,May 2025 to Jul 2025,C3),C3) Adjustment for Expired TCOEs,D,0,False
2025-04-COE_quota_May-Jul25.annex-a.pdf,May 2025 to Jul 2025,C3),C3) Adjustment for Expired TCOEs,E,0,False
2025-04-COE_quota_May-Jul25.annex-a.pdf,May 2025 to Jul 2025,C3),C3) Adjustment for Expired TCOEs,Total,17,False
2025-04-COE_quota_May-Jul25.annex-a.pdf,May 2025 to Jul 2025,C4),C4) Redistribution from identified guaranteed deregistrations and injections,A,2735,False
2025-04-COE_quota_May-Jul25.annex-a.pdf,May 2025 to Jul 2025,C4),C4) Redistribution from identified guaranteed deregistrations and injections,B,1165,False
2025-04-COE_quota_May-Jul25.annex-a.pdf,May 2025 to Jul 2025,C4),C4) Redistribution from identified guaranteed deregistrations and injections,C,0,False
2025-04-COE_quota_May-Jul25.annex-a.pdf,May 2025 to Jul 2025,C4),C4) Redistribution from identified guaranteed deregistrations and injections,D,1255,False
2025-04-COE_quota_May-Jul25.annex-a.pdf,May 2025 to Jul 2025,C4),C4) Redistribution from identified guaranteed deregistrations and injections,E,0,False
2025-04-COE_quota_May-Jul25.annex-a.pdf,May 2025 to Jul 2025,C4),C4) Redistribution from identified guaranteed deregistrations and injections,Total,5155,False
2025-04-COE_quota_May-Jul25.annex-a.pdf,May 2025 to Jul 2025,(C),(C) Adjustments,A,2745,False
2025-04-COE_quota_May-Jul25.annex-a.pdf,May 2025 to Jul 2025,(C),(C) Adjustments,B,1170,False
2025-04-COE_quota_May-Jul25.annex-a.pdf,May 2025 to Jul 2025,(C),(C) Adjustments,C,-216,False
2025-04-COE_quota_May-Jul25.annex-a.pdf,May 2025 to Jul 2025,(C),(C) Adjustments,D,1255,False
2025-04-COE_quota_May-Jul25.annex-a.pdf,May 2025 to Jul 2025,(C),(C) Adjustments,E,96,False
2025-04-COE_quota_May-Jul25.annex-a.pdf,May 2025 to Jul 2025,(C),(C) Adjustments,Total,5050,False
2025-04-COE_quota_May-Jul25.annex-a.pdf,May 2025 to Jul 2025,Total Quota for May 2025 to Jul 2025,Total Quota for May 2025 to Jul 2025 Bidding Exercises (A + B + C),A,7511,False
2025-04-COE_quota_May-Jul25.annex-a.pdf,May 2025 to Jul 2025,Total Quota for May 2025 to Jul 2025,Total Quota for May 2025 to Jul 2025 Bidding Exercises (A + B + C),B,4689,False
2025-04-COE_quota_May-Jul25.annex-a.pdf,May 2025 to Jul 2025,Total Quota for May 2025 to Jul 2025,Total Quota for May 2025 to Jul 2025 Bidding Exercises (A + B + C),C,1625,False
2025-04-COE_quota_May-Jul25.annex-a.pdf,May 2025 to Jul 2025,Total Quota for May 2025 to Jul 2025,Total Quota for May 2025 to Jul 2025 Bidding Exercises (A + B + C),D,3198,False
2025-04-COE_quota_May-Jul25.annex-a.pdf,May 2025 to Jul 2025,Total Quota for May 2025 to Jul 2025,Total Quota for May 2025 to Jul 2025 Bidding Exercises (A + B + C),E,1209,False
2025-04-COE_quota_May-Jul25.annex-a.pdf,May 2025 to Jul 2025,Total Quota for May 2025 to Jul 2025,Total Quota for May 2025 to Jul 2025 Bidding Exercises (A + B + C),Total,18232,False
2025-07-COE_quota_Aug-Oct25.annex-a.pdf,Aug 2025 to Oct 2025,A1),A1) Vehicle Population As at 31 Dec 2024,A,321611,False
2025-07-COE_quota_Aug-Oct25.annex-a.pdf,Aug 2025 to Oct 2025,A1),A1) Vehicle Population As at 31 Dec 2024,B,335675,False
2025-07-COE_quota_Aug-Oct25.annex-a.pdf,Aug 2025 to Oct 2025,A1),A1) Vehicle Population As at 31 Dec 2024,C,153040,False
2025-07-COE_quota_Aug-Oct25.annex-a.pdf,Aug 2025 to Oct 2025,A1),A1) Vehicle Population As at 31 Dec 2024,D,147349,False
2025-07-COE_quota_Aug-Oct25.annex-a.pdf,Aug 2025 to Oct 2025,A1),A1) Vehicle Population As at 31 Dec 2024,E,0,False
2025-07-COE_quota_Aug-Oct25.annex-a.pdf,Aug 2025 to Oct 2025,A1),A1) Vehicle Population As at 31 Dec 2024,Total,957675,False
2025-07-COE_quota_Aug-Oct25.annex-a.pdf,Aug 2025 to Oct 2025,A2),A2) Net Increase allowed per quarter [Cat C Only] [0.25% x vehicle population / 4],A,0,False
2025-07-COE_quota_Aug-Oct25.annex-a.pdf,Aug 2025 to Oct 2025,A2),A2) Net Increase allowed per quarter [Cat C Only] [0.25% x vehicle population / 4],B,0,False
2025-07-COE_quota_Aug-Oct25.annex-a.pdf,Aug 2025 to Oct 2025,A2),A2) Net Increase allowed per quarter [Cat C Only] [0.25% x vehicle population / 4],C,95,False
2025-07-COE_quota_Aug-Oct25.annex-a.pdf,Aug 2025 to Oct 2025,A2),A2) Net Increase allowed per quarter [Cat C Only] [0.25% x vehicle population / 4],D,0,False
2025-07-COE_quota_Aug-Oct25.annex-a.pdf,Aug 2025 to Oct 2025,A2),A2) Net Increase allowed per quarter [Cat C Only] [0.25% x vehicle population / 4],E,0,False
2025-07-COE_quota_Aug-Oct25.annex-a.pdf,Aug 2025 to Oct 2025,A2),A2) Net Increase allowed per quarter [Cat C Only] [0.25% x vehicle population / 4],Total,95,False
2025-07-COE_quota_Aug-Oct25.annex-a.pdf,Aug 2025 to Oct 2025,(A),(A) Increase in Vehicle Population,A,0,False
2025-07-COE_quota_Aug-Oct25.annex-a.pdf,Aug 2025 to Oct 2025,(A),(A) Increase in Vehicle Population,B,0,False
2025-07-COE_quota_Aug-Oct25.annex-a.pdf,Aug 2025 to Oct 2025,(A),(A) Increase in Vehicle Population,C,95,False
2025-07-COE_quota_Aug-Oct25.annex-a.pdf,Aug 2025 to Oct 2025,(A),(A) Increase in Vehicle Population,D,0,False
2025-07-COE_quota_Aug-Oct25.annex-a.pdf,Aug 2025 to Oct 2025,(A),(A) Increase in Vehicle Population,E,0,False
2025-07-COE_quota_Aug-Oct25.annex-a.pdf,Aug 2025 to Oct 2025,(A),(A) Increase in Vehicle Population,Total,95,False
2025-07-COE_quota_Aug-Oct25.annex-a.pdf,Aug 2025 to Oct 2025,B1),B1) Total vehicle deregistrations from Jul 2024 to Jun 2025,A,22394,False
2025-07-COE_quota_Aug-Oct25.annex-a.pdf,Aug 2025 to Oct 2025,B1),B1) Total vehicle deregistrations from Jul 2024 to Jun 2025,B,18606,False
2025-07-COE_quota_Aug-Oct25.annex-a.pdf,Aug 2025 to Oct 2025,B1),B1) Total vehicle deregistrations from Jul 2024 to Jun 2025,C,8099,False
2025-07-COE_quota_Aug-Oct25.annex-a.pdf,Aug 2025 to Oct 2025,B1),B1) Total vehicle deregistrations from Jul 2024 to Jun 2025,D,8427,False
2025-07-COE_quota_Aug-Oct25.annex-a.pdf,Aug 2025 to Oct 2025,B1),B1) Total vehicle deregistrations from Jul 2024 to Jun 2025,E,0,False
2025-07-COE_quota_Aug-Oct25.annex-a.pdf,Aug 2025 to Oct 2025,B1),B1) Total vehicle deregistrations from Jul 2024 to Jun 2025,Total,57526,False
2025-07-COE_quota_Aug-Oct25.annex-a.pdf,Aug 2025 to Oct 2025,B2),B2) Total vehicle deregistrations over Jul 2024 to Jun 2025 arising from identified guaranteed deregistrations,A,-287,False
2025-07-COE_quota_Aug-Oct25.annex-a.pdf,Aug 2025 to Oct 2025,B2),B2) Total vehicle deregistrations over Jul 2024 to Jun 2025 arising from identified guaranteed deregistrations,B,-278,False
2025-07-COE_quota_Aug-Oct25.annex-a.pdf,Aug 2025 to Oct 2025,B2),B2) Total vehicle deregistrations over Jul 2024 to Jun 2025 arising from identified guaranteed deregistrations,C,0,False
2025-07-COE_quota_Aug-Oct25.annex-a.pdf,Aug 2025 to Oct 2025,B2),B2) Total vehicle deregistrations over Jul 2024 to Jun 2025 arising from identified guaranteed deregistrations,D,-245,False
2025-07-COE_quota_Aug-Oct25.annex-a.pdf,Aug 2025 to Oct 2025,B2),B2) Total vehicle deregistrations over Jul 2024 to Jun 2025 arising from identified guaranteed deregistrations,E,0,False
2025-07-COE_quota_Aug-Oct25.annex-a.pdf,Aug 2025 to Oct 2025,B2),B2) Total vehicle deregistrations over Jul 2024 to Jun 2025 arising from identified guaranteed deregistrations,Total,-810,False
2025-07-COE_quota_Aug-Oct25.annex-a.pdf,Aug 2025 to Oct 2025,B3),B3) 25% of effective vehicle deregistrations Jul 2024 to Jun 2025 (25% of B1+B2),A,5527,False
2025-07-COE_quota_Aug-Oct25.annex-a.pdf,Aug 2025 to Oct 2025,B3),B3) 25% of effective vehicle deregistrations Jul 2024 to Jun 2025 (25% of B1+B2),B,4583,False
2025-07-COE_quota_Aug-Oct25.annex-a.pdf,Aug 2025 to Oct 2025,B3),B3) 25% of effective vehicle deregistrations Jul 2024 to Jun 2025 (25% of B1+B2),C,2025,False
2025-07-COE_quota_Aug-Oct25.annex-a.pdf,Aug 2025 to Oct 2025,B3),B3) 25% of effective vehicle deregistrations Jul 2024 to Jun 2025 (25% of B1+B2),D,2046,False
2025-07-COE_quota_Aug-Oct25.annex-a.pdf,Aug 2025 to Oct 2025,B3),B3) 25% of effective vehicle deregistrations Jul 2024 to Jun 2025 (25% of B1+B2),E,0,False
2025-07-COE_quota_Aug-Oct25.annex-a.pdf,Aug 2025 to Oct 2025,B3),B3) 25% of effective vehicle deregistrations Jul 2024 to Jun 2025 (25% of B1+B2),Total,14181,False
2025-07-COE_quota_Aug-Oct25.annex-a.pdf,Aug 2025 to Oct 2025,B4),B4) Contribution of deregistrations to Category E (10% of B3),A,-552,False
2025-07-COE_quota_Aug-Oct25.annex-a.pdf,Aug 2025 to Oct 2025,B4),B4) Contribution of deregistrations to Category E (10% of B3),B,-458,False
2025-07-COE_quota_Aug-Oct25.annex-a.pdf,Aug 2025 to Oct 2025,B4),B4) Contribution of deregistrations to Category E (10% of B3),C,-202,False
2025-07-COE_quota_Aug-Oct25.annex-a.pdf,Aug 2025 to Oct 2025,B4),B4) Contribution of deregistrations to Category E (10% of B3),D,0,False
2025-07-COE_quota_Aug-Oct25.annex-a.pdf,Aug 2025 to Oct 2025,B4),B4) Contribution of deregistrations to Category E (10% of B3),E,1212,False
2025-07-COE_quota_Aug-Oct25.annex-a.pdf,Aug 2025 to Oct 2025,B4),B4) Contribution of deregistrations to Category E (10% of B3),Total,0,False
2025-07-COE_quota_Aug-Oct25.annex-a.pdf,Aug 2025 to Oct 2025,(B),(B) Replacements of De-registered Vehicles,A,4975,False
2025-07-COE_quota_Aug-Oct25.annex-a.pdf,Aug 2025 to Oct 2025,(B),(B) Replacements of De-registered Vehicles,B,4125,False
2025-07-COE_quota_Aug-Oct25.annex-a.pdf,Aug 2025 to Oct 2025,(B),(B) Replacements of De-registered Vehicles,C,1823,False
2025-07-COE_quota_Aug-Oct25.annex-a.pdf,Aug 2025 to Oct 2025,(B),(B) Replacements of De-registered Vehicles,D,2046,False
2025-07-COE_quota_Aug-Oct25.annex-a.pdf,Aug 2025 to Oct 2025,(B),(B) Replacements of De-registered Vehicles,E,1212,False
2025-07-COE_quota_Aug-Oct25.annex-a.pdf,Aug 2025 to Oct 2025,(B),(B) Replacements of De-registered Vehicles,Total,14181,False
2025-07-COE_quota_Aug-Oct25.annex-a.pdf,Aug 2025 to Oct 2025,C1),C1) Adjustments for change in taxi population,A,0,False
2025-07-COE_quota_Aug-Oct25.annex-a.pdf,Aug 2025 to Oct 2025,C1),C1) Adjustments for change in taxi population,B,0,False
2025-07-COE_quota_Aug-Oct25.annex-a.pdf,Aug 2025 to Oct 2025,C1),C1) Adjustments for change in taxi population,C,0,False
2025-07-COE_quota_Aug-Oct25.annex-a.pdf,Aug 2025 to Oct 2025,C1),C1) Adjustments for change in taxi population,D,0,False
2025-07-COE_quota_Aug-Oct25.annex-a.pdf,Aug 2025 to Oct 2025,C1),C1) Adjustments for change in taxi population,E,385,False
2025-07-COE_quota_Aug-Oct25.annex-a.pdf,Aug 2025 to Oct 2025,C1),C1) Adjustments for change in taxi population,Total,385,False
2025-07-COE_quota_Aug-Oct25.annex-a.pdf,Aug 2025 to Oct 2025,C2),C2) Adjustments under Early Turnover Scheme,A,0,False
2025-07-COE_quota_Aug-Oct25.annex-a.pdf,Aug 2025 to Oct 2025,C2),C2) Adjustments under Early Turnover Scheme,B,0,False
2025-07-COE_quota_Aug-Oct25.annex-a.pdf,Aug 2025 to Oct 2025,C2),C2) Adjustments under Early Turnover Scheme,C,-276,False
2025-07-COE_quota_Aug-Oct25.annex-a.pdf,Aug 2025 to Oct 2025,C2),C2) Adjustments under Early Turnover Scheme,D,0,False
2025-07-COE_quota_Aug-Oct25.annex-a.pdf,Aug 2025 to Oct 2025,C2),C2) Adjustments under Early Turnover Scheme,E,-59,False
2025-07-COE_quota_Aug-Oct25.annex-a.pdf,Aug 2025 to Oct 2025,C2),C2) Adjustments under Early Turnover Scheme,Total,-335,False
2025-07-COE_quota_Aug-Oct25.annex-a.pdf,Aug 2025 to Oct 2025,C3),C3) Adjustment for Expired TCOEs,A,14,False
2025-07-COE_quota_Aug-Oct25.annex-a.pdf,Aug 2025 to Oct 2025,C3),C3) Adjustment for Expired TCOEs,B,7,False
2025-07-COE_quota_Aug-Oct25.annex-a.pdf,Aug 2025 to Oct 2025,C3),C3) Adjustment for Expired TCOEs,C,0,False
2025-07-COE_quota_Aug-Oct25.annex-a.pdf,Aug 2025 to Oct 2025,C3),C3) Adjustment for Expired TCOEs,D,0,False
2025-07-COE_quota_Aug-Oct25.annex-a.pdf,Aug 2025 to Oct 2025,C3),C3) Adjustment for Expired TCOEs,E,0,False
2025-07-COE_quota_Aug-Oct25.annex-a.pdf,Aug 2025 to Oct 2025,C3),C3) Adjustment for Expired TCOEs,Total,21,False
2025-07-COE_quota_Aug-Oct25.annex-a.pdf,Aug 2025 to Oct 2025,C4),C4) Redistribution from identified guaranteed deregistrations and injections,A,2597,False
2025-07-COE_quota_Aug-Oct25.annex-a.pdf,Aug 2025 to Oct 2025,C4),C4) Redistribution from identified guaranteed deregistrations and injections,B,605,False
2025-07-COE_quota_Aug-Oct25.annex-a.pdf,Aug 2025 to Oct 2025,C4),C4) Redistribution from identified guaranteed deregistrations and injections,C,0,False
2025-07-COE_quota_Aug-Oct25.annex-a.pdf,Aug 2025 to Oct 2025,C4),C4) Redistribution from identified guaranteed deregistrations and injections,D,1152,False
2025-07-COE_quota_Aug-Oct25.annex-a.pdf,Aug 2025 to Oct 2025,C4),C4) Redistribution from identified guaranteed deregistrations and injections,E,0,False
2025-07-COE_quota_Aug-Oct25.annex-a.pdf,Aug 2025 to Oct 2025,C4),C4) Redistribution from identified guaranteed deregistrations and injections,Total,4354,False
2025-07-COE_quota_Aug-Oct25.annex-a.pdf,Aug 2025 to Oct 2025,(C),(C) Adjustments,A,2611,False
2025-07-COE_quota_Aug-Oct25.annex-a.pdf,Aug 2025 to Oct 2025,(C),(C) Adjustments,B,612,False
2025-07-COE_quota_Aug-Oct25.annex-a.pdf,Aug 2025 to Oct 2025,(C),(C) Adjustments,C,-276,False
2025-07-COE_quota_Aug-Oct25.annex-a.pdf,Aug 2025 to Oct 2025,(C),(C) Adjustments,D,1152,False
2025-07-COE_quota_Aug-Oct25.annex-a.pdf,Aug 2025 to Oct 2025,(C),(C) Adjustments,E,326,False
2025-07-COE_quota_Aug-Oct25.annex-a.pdf,Aug 2025 to Oct 2025,(C),(C) Adjustments,Total,4425,False
2025-07-COE_quota_Aug-Oct25.annex-a.pdf,Aug 2025 to Oct 2025,Total Quota for Aug 2025 to Oct 2025,Total Quota for Aug 2025 to Oct 2025 Bidding Exercises (A + B + C),A,7586,False
2025-07-COE_quota_Aug-Oct25.annex-a.pdf,Aug 2025 to Oct 2025,Total Quota for Aug 2025 to Oct 2025,Total Quota for Aug 2025 to Oct 2025 Bidding Exercises (A + B + C),B,4737,False
2025-07-COE_quota_Aug-Oct25.annex-a.pdf,Aug 2025 to Oct 2025,Total Quota for Aug 2025 to Oct 2025,Total Quota for Aug 2025 to Oct 2025 Bidding Exercises (A + B + C),C,1642,False
2025-07-COE_quota_Aug-Oct25.annex-a.pdf,Aug 2025 to Oct 2025,Total Quota for Aug 2025 to Oct 2025,Total Quota for Aug 2025 to Oct 2025 Bidding Exercises (A + B + C),D,3198,False
2025-07-COE_quota_Aug-Oct25.annex-a.pdf,Aug 2025 to Oct 2025,Total Quota for Aug 2025 to Oct 2025,Total Quota for Aug 2025 to Oct 2025 Bidding Exercises (A + B + C),E,1538,False
2025-07-COE_quota_Aug-Oct25.annex-a.pdf,Aug 2025 to Oct 2025,Total Quota for Aug 2025 to Oct 2025,Total Quota for Aug 2025 to Oct 2025 Bidding Exercises (A + B + C),Total,18701,False
2026-01-coe_quota_feb26-apr26.annex-a.pdf,Feb 2026 to Apr 2026,A1),A1) Vehicle Population As at 31 Dec 2025,A,322377,False
2026-01-coe_quota_feb26-apr26.annex-a.pdf,Feb 2026 to Apr 2026,A1),A1) Vehicle Population As at 31 Dec 2025,B,337060,False
2026-01-coe_quota_feb26-apr26.annex-a.pdf,Feb 2026 to Apr 2026,A1),A1) Vehicle Population As at 31 Dec 2025,C,152383,False
2026-01-coe_quota_feb26-apr26.annex-a.pdf,Feb 2026 to Apr 2026,A1),A1) Vehicle Population As at 31 Dec 2025,D,151571,False
2026-01-coe_quota_feb26-apr26.annex-a.pdf,Feb 2026 to Apr 2026,A1),A1) Vehicle Population As at 31 Dec 2025,E,0,False
2026-01-coe_quota_feb26-apr26.annex-a.pdf,Feb 2026 to Apr 2026,A1),A1) Vehicle Population As at 31 Dec 2025,Total,963391,False
2026-01-coe_quota_feb26-apr26.annex-a.pdf,Feb 2026 to Apr 2026,A2),A2) Net Increase allowed per quarter [Cat C Only] [0.25% x vehicle population / 4],A,0,False
2026-01-coe_quota_feb26-apr26.annex-a.pdf,Feb 2026 to Apr 2026,A2),A2) Net Increase allowed per quarter [Cat C Only] [0.25% x vehicle population / 4],B,0,False
2026-01-coe_quota_feb26-apr26.annex-a.pdf,Feb 2026 to Apr 2026,A2),A2) Net Increase allowed per quarter [Cat C Only] [0.25% x vehicle population / 4],C,95,False
2026-01-coe_quota_feb26-apr26.annex-a.pdf,Feb 2026 to Apr 2026,A2),A2) Net Increase allowed per quarter [Cat C Only] [0.25% x vehicle population / 4],D,0,False
2026-01-coe_quota_feb26-apr26.annex-a.pdf,Feb 2026 to Apr 2026,A2),A2) Net Increase allowed per quarter [Cat C Only] [0.25% x vehicle population / 4],E,0,False
2026-01-coe_quota_feb26-apr26.annex-a.pdf,Feb 2026 to Apr 2026,A2),A2) Net Increase allowed per quarter [Cat C Only] [0.25% x vehicle population / 4],Total,95,False
2026-01-coe_quota_feb26-apr26.annex-a.pdf,Feb 2026 to Apr 2026,(A),(A) Increase in Vehicle Population,A,0,False
2026-01-coe_quota_feb26-apr26.annex-a.pdf,Feb 2026 to Apr 2026,(A),(A) Increase in Vehicle Population,B,0,False
2026-01-coe_quota_feb26-apr26.annex-a.pdf,Feb 2026 to Apr 2026,(A),(A) Increase in Vehicle Population,C,95,False
2026-01-coe_quota_feb26-apr26.annex-a.pdf,Feb 2026 to Apr 2026,(A),(A) Increase in Vehicle Population,D,0,False
2026-01-coe_quota_feb26-apr26.annex-a.pdf,Feb 2026 to Apr 2026,(A),(A) Increase in Vehicle Population,E,0,False
2026-01-coe_quota_feb26-apr26.annex-a.pdf,Feb 2026 to Apr 2026,(A),(A) Increase in Vehicle Population,Total,95,False
2026-01-coe_quota_feb26-apr26.annex-a.pdf,Feb 2026 to Apr 2026,B1),B1) Total vehicle deregistrations from Jan 2025 to Dec 2025,A,27215,False
2026-01-coe_quota_feb26-apr26.annex-a.pdf,Feb 2026 to Apr 2026,B1),B1) Total vehicle deregistrations from Jan 2025 to Dec 2025,B,22335,False
2026-01-coe_quota_feb26-apr26.annex-a.pdf,Feb 2026 to Apr 2026,B1),B1) Total vehicle deregistrations from Jan 2025 to Dec 2025,C,8913,False
2026-01-coe_quota_feb26-apr26.annex-a.pdf,Feb 2026 to Apr 2026,B1),B1) Total vehicle deregistrations from Jan 2025 to Dec 2025,D,8315,False
2026-01-coe_quota_feb26-apr26.annex-a.pdf,Feb 2026 to Apr 2026,B1),B1) Total vehicle deregistrations from Jan 2025 to Dec 2025,E,0,False
2026-01-coe_quota_feb26-apr26.annex-a.pdf,Feb 2026 to Apr 2026,B1),B1) Total vehicle deregistrations from Jan 2025 to Dec 2025,Total,66778,False
2026-01-coe_quota_feb26-apr26.annex-a.pdf,Feb 2026 to Apr 2026,B2),B2) Total vehicle deregistrations over Jan 2025 to Dec 2025 arising from identified guaranteed deregistrations,A,-1680,False
2026-01-coe_quota_feb26-apr26.annex-a.pdf,Feb 2026 to Apr 2026,B2),B2) Total vehicle deregistrations over Jan 2025 to Dec 2025 arising from identified guaranteed deregistrations,B,-934,False
2026-01-coe_quota_feb26-apr26.annex-a.pdf,Feb 2026 to Apr 2026,B2),B2) Total vehicle deregistrations over Jan 2025 to Dec 2025 arising from identified guaranteed deregistrations,C,0,False
2026-01-coe_quota_feb26-apr26.annex-a.pdf,Feb 2026 to Apr 2026,B2),B2) Total vehicle deregistrations over Jan 2025 to Dec 2025 arising from identified guaranteed deregistrations,D,-260,False
2026-01-coe_quota_feb26-apr26.annex-a.pdf,Feb 2026 to Apr 2026,B2),B2) Total vehicle deregistrations over Jan 2025 to Dec 2025 arising from identified guaranteed deregistrations,E,0,False
2026-01-coe_quota_feb26-apr26.annex-a.pdf,Feb 2026 to Apr 2026,B2),B2) Total vehicle deregistrations over Jan 2025 to Dec 2025 arising from identified guaranteed deregistrations,Total,-2874,False
2026-01-coe_quota_feb26-apr26.annex-a.pdf,Feb 2026 to Apr 2026,B3),B3) 25% of effective vehicle deregistrations Jan 2025 to Dec 2025 (25% of B1+B2),A,6383,False
2026-01-coe_quota_feb26-apr26.annex-a.pdf,Feb 2026 to Apr 2026,B3),B3) 25% of effective vehicle deregistrations Jan 2025 to Dec 2025 (25% of B1+B2),B,5350,False
2026-01-coe_quota_feb26-apr26.annex-a.pdf,Feb 2026 to Apr 2026,B3),B3) 25% of effective vehicle deregistrations Jan 2025 to Dec 2025 (25% of B1+B2),C,2227,False
2026-01-coe_quota_feb26-apr26.annex-a.pdf,Feb 2026 to Apr 2026,B3),B3) 25% of effective vehicle deregistrations Jan 2025 to Dec 2025 (25% of B1+B2),D,2014,False
2026-01-coe_quota_feb26-apr26.annex-a.pdf,Feb 2026 to Apr 2026,B3),B3) 25% of effective vehicle deregistrations Jan 2025 to Dec 2025 (25% of B1+B2),E,0,False
2026-01-coe_quota_feb26-apr26.annex-a.pdf,Feb 2026 to Apr 2026,B3),B3) 25% of effective vehicle deregistrations Jan 2025 to Dec 2025 (25% of B1+B2),Total,15974,False
2026-01-coe_quota_feb26-apr26.annex-a.pdf,Feb 2026 to Apr 2026,B4),B4) Contribution of deregistrations to Category E (10% of B3),A,-638,False
2026-01-coe_quota_feb26-apr26.annex-a.pdf,Feb 2026 to Apr 2026,B4),B4) Contribution of deregistrations to Category E (10% of B3),B,-535,False
2026-01-coe_quota_feb26-apr26.annex-a.pdf,Feb 2026 to Apr 2026,B4),B4) Contribution of deregistrations to Category E (10% of B3),C,-222,False
2026-01-coe_quota_feb26-apr26.annex-a.pdf,Feb 2026 to Apr 2026,B4),B4) Contribution of deregistrations to Category E (10% of B3),D,0,False
2026-01-coe_quota_feb26-apr26.annex-a.pdf,Feb 2026 to Apr 2026,B4),B4) Contribution of deregistrations to Category E (10% of B3),E,1395,False
2026-01-coe_quota_feb26-apr26.annex-a.pdf,Feb 2026 to Apr 2026,B4),B4) Contribution of deregistrations to Category E (10% of B3),Total,0,False
2026-01-coe_quota_feb26-apr26.annex-a.pdf,Feb 2026 to Apr 2026,(B),(B) Replacements of De-registered Vehicles,A,5745,False
2026-01-coe_quota_feb26-apr26.annex-a.pdf,Feb 2026 to Apr 2026,(B),(B) Replacements of De-registered Vehicles,B,4815,False
2026-01-coe_quota_feb26-apr26.annex-a.pdf,Feb 2026 to Apr 2026,(B),(B) Replacements of De-registered Vehicles,C,2005,False
2026-01-coe_quota_feb26-apr26.annex-a.pdf,Feb 2026 to Apr 2026,(B),(B) Replacements of De-registered Vehicles,D,2014,False
2026-01-coe_quota_feb26-apr26.annex-a.pdf,Feb 2026 to Apr 2026,(B),(B) Replacements of De-registered Vehicles,E,1395,False
2026-01-coe_quota_feb26-apr26.annex-a.pdf,Feb 2026 to Apr 2026,(B),(B) Replacements of De-registered Vehicles,Total,15974,False
2026-01-coe_quota_feb26-apr26.annex-a.pdf,Feb 2026 to Apr 2026,C1),C1) Adjustments for change in taxi population,A,0,False
2026-01-coe_quota_feb26-apr26.annex-a.pdf,Feb 2026 to Apr 2026,C1),C1) Adjustments for change in taxi population,B,0,False
2026-01-coe_quota_feb26-apr26.annex-a.pdf,Feb 2026 to Apr 2026,C1),C1) Adjustments for change in taxi population,C,0,False
2026-01-coe_quota_feb26-apr26.annex-a.pdf,Feb 2026 to Apr 2026,C1),C1) Adjustments for change in taxi population,D,0,False
2026-01-coe_quota_feb26-apr26.annex-a.pdf,Feb 2026 to Apr 2026,C1),C1) Adjustments for change in taxi population,E,92,False
2026-01-coe_quota_feb26-apr26.annex-a.pdf,Feb 2026 to Apr 2026,C1),C1) Adjustments for change in taxi population,Total,92,False
2026-01-coe_quota_feb26-apr26.annex-a.pdf,Feb 2026 to Apr 2026,C2),C2) Adjustments under Early Turnover Scheme,A,0,False
2026-01-coe_quota_feb26-apr26.annex-a.pdf,Feb 2026 to Apr 2026,C2),C2) Adjustments under Early Turnover Scheme,B,0,False
2026-01-coe_quota_feb26-apr26.annex-a.pdf,Feb 2026 to Apr 2026,C2),C2) Adjustments under Early Turnover Scheme,C,-364,False
2026-01-coe_quota_feb26-apr26.annex-a.pdf,Feb 2026 to Apr 2026,C2),C2) Adjustments under Early Turnover Scheme,D,0,False
2026-01-coe_quota_feb26-apr26.annex-a.pdf,Feb 2026 to Apr 2026,C2),C2) Adjustments under Early Turnover Scheme,E,-52,False
2026-01-coe_quota_feb26-apr26.annex-a.pdf,Feb 2026 to Apr 2026,C2),C2) Adjustments under Early Turnover Scheme,Total,-416,False
2026-01-coe_quota_feb26-apr26.annex-a.pdf,Feb 2026 to Apr 2026,C3),C3) Adjustment for Expired TCOEs,A,18,False
2026-01-coe_quota_feb26-apr26.annex-a.pdf,Feb 2026 to Apr 2026,C3),C3) Adjustment for Expired TCOEs,B,14,False
2026-01-coe_quota_feb26-apr26.annex-a.pdf,Feb 2026 to Apr 2026,C3),C3) Adjustment for Expired TCOEs,C,6,False
2026-01-coe_quota_feb26-apr26.annex-a.pdf,Feb 2026 to Apr 2026,C3),C3) Adjustment for Expired TCOEs,D,0,False
2026-01-coe_quota_feb26-apr26.annex-a.pdf,Feb 2026 to Apr 2026,C3),C3) Adjustment for Expired TCOEs,E,0,False
2026-01-coe_quota_feb26-apr26.annex-a.pdf,Feb 2026 to Apr 2026,C3),C3) Adjustment for Expired TCOEs,Total,38,False
2026-01-coe_quota_feb26-apr26.annex-a.pdf,Feb 2026 to Apr 2026,C4),C4) Redistribution from identified guaranteed deregistrations and injections,A,1822,False
2026-01-coe_quota_feb26-apr26.annex-a.pdf,Feb 2026 to Apr 2026,C4),C4) Redistribution from identified guaranteed deregistrations and injections,B,35,False
2026-01-coe_quota_feb26-apr26.annex-a.pdf,Feb 2026 to Apr 2026,C4),C4) Redistribution from identified guaranteed deregistrations and injections,C,0,False
2026-01-coe_quota_feb26-apr26.annex-a.pdf,Feb 2026 to Apr 2026,C4),C4) Redistribution from identified guaranteed deregistrations and injections,D,1184,False
2026-01-coe_quota_feb26-apr26.annex-a.pdf,Feb 2026 to Apr 2026,C4),C4) Redistribution from identified guaranteed deregistrations and injections,E,0,False
2026-01-coe_quota_feb26-apr26.annex-a.pdf,Feb 2026 to Apr 2026,C4),C4) Redistribution from identified guaranteed deregistrations and injections,Total,3041,False
2026-01-coe_quota_feb26-apr26.annex-a.pdf,Feb 2026 to Apr 2026,(C),(C) Adjustments,A,1840,False
2026-01-coe_quota_feb26-apr26.annex-a.pdf,Feb 2026 to Apr 2026,(C),(C) Adjustments,B,49,False
2026-01-coe_quota_feb26-apr26.annex-a.pdf,Feb 2026 to Apr 2026,(C),(C) Adjustments,C,-358,False
2026-01-coe_quota_feb26-apr26.annex-a.pdf,Feb 2026 to Apr 2026,(C),(C) Adjustments,D,1184,False
2026-01-coe_quota_feb26-apr26.annex-a.pdf,Feb 2026 to Apr 2026,(C),(C) Adjustments,E,40,False
2026-01-coe_quota_feb26-apr26.annex-a.pdf,Feb 2026 to Apr 2026,(C),(C) Adjustments,Total,2755,False
2026-01-coe_quota_feb26-apr26.annex-a.pdf,Feb 2026 to Apr 2026,Total Quota for Feb 2026 to Apr 2026,Total Quota for Feb 2026 to Apr 2026 Bidding Exercises (A + B + C),A,7585,False
2026-01-coe_quota_feb26-apr26.annex-a.pdf,Feb 2026 to Apr 2026,Total Quota for Feb 2026 to Apr 2026,Total Quota for Feb 2026 to Apr 2026 Bidding Exercises (A + B + C),B,4864,False
2026-01-coe_quota_feb26-apr26.annex-a.pdf,Feb 2026 to Apr 2026,Total Quota for Feb 2026 to Apr 2026,Total Quota for Feb 2026 to Apr 2026 Bidding Exercises (A + B + C),C,1742,False
2026-01-coe_quota_feb26-apr26.annex-a.pdf,Feb 2026 to Apr 2026,Total Quota for Feb 2026 to Apr 2026,Total Quota for Feb 2026 to Apr 2026 Bidding Exercises (A + B + C),D,3198,False
2026-01-coe_quota_feb26-apr26.annex-a.pdf,Feb 2026 to Apr 2026,Total Quota for Feb 2026 to Apr 2026,Total Quota for Feb 2026 to Apr 2026 Bidding Exercises (A + B + C),E,1435,False
2026-01-coe_quota_feb26-apr26.annex-a.pdf,Feb 2026 to Apr 2026,Total Quota for Feb 2026 to Apr 2026,Total Quota for Feb 2026 to Apr 2026 Bidding Exercises (A + B + C),Total,18824,False
2026-04-certificate-of-entitlement--coes--quota-for-may-2026-to-july-202.annex-a.pdf,May 2026 to Jul 2026,A1),A1) Vehicle Population As at 31 Dec 2025,A,322377,False
2026-04-certificate-of-entitlement--coes--quota-for-may-2026-to-july-202.annex-a.pdf,May 2026 to Jul 2026,A1),A1) Vehicle Population As at 31 Dec 2025,B,337060,False
2026-04-certificate-of-entitlement--coes--quota-for-may-2026-to-july-202.annex-a.pdf,May 2026 to Jul 2026,A1),A1) Vehicle Population As at 31 Dec 2025,C,152383,False
2026-04-certificate-of-entitlement--coes--quota-for-may-2026-to-july-202.annex-a.pdf,May 2026 to Jul 2026,A1),A1) Vehicle Population As at 31 Dec 2025,D,151571,False
2026-04-certificate-of-entitlement--coes--quota-for-may-2026-to-july-202.annex-a.pdf,May 2026 to Jul 2026,A1),A1) Vehicle Population As at 31 Dec 2025,E,0,False
2026-04-certificate-of-entitlement--coes--quota-for-may-2026-to-july-202.annex-a.pdf,May 2026 to Jul 2026,A1),A1) Vehicle Population As at 31 Dec 2025,Total,963391,False
2026-04-certificate-of-entitlement--coes--quota-for-may-2026-to-july-202.annex-a.pdf,May 2026 to Jul 2026,A2),A2) Net Increase allowed per quarter [Cat C Only] [0.25% x vehicle population / 4],A,0,False
2026-04-certificate-of-entitlement--coes--quota-for-may-2026-to-july-202.annex-a.pdf,May 2026 to Jul 2026,A2),A2) Net Increase allowed per quarter [Cat C Only] [0.25% x vehicle population / 4],B,0,False
2026-04-certificate-of-entitlement--coes--quota-for-may-2026-to-july-202.annex-a.pdf,May 2026 to Jul 2026,A2),A2) Net Increase allowed per quarter [Cat C Only] [0.25% x vehicle population / 4],C,95,False
2026-04-certificate-of-entitlement--coes--quota-for-may-2026-to-july-202.annex-a.pdf,May 2026 to Jul 2026,A2),A2) Net Increase allowed per quarter [Cat C Only] [0.25% x vehicle population / 4],D,0,False
2026-04-certificate-of-entitlement--coes--quota-for-may-2026-to-july-202.annex-a.pdf,May 2026 to Jul 2026,A2),A2) Net Increase allowed per quarter [Cat C Only] [0.25% x vehicle population / 4],E,0,False
2026-04-certificate-of-entitlement--coes--quota-for-may-2026-to-july-202.annex-a.pdf,May 2026 to Jul 2026,A2),A2) Net Increase allowed per quarter [Cat C Only] [0.25% x vehicle population / 4],Total,95,False
2026-04-certificate-of-entitlement--coes--quota-for-may-2026-to-july-202.annex-a.pdf,May 2026 to Jul 2026,(A),(A) Increase in Vehicle Population,A,0,False
2026-04-certificate-of-entitlement--coes--quota-for-may-2026-to-july-202.annex-a.pdf,May 2026 to Jul 2026,(A),(A) Increase in Vehicle Population,B,0,False
2026-04-certificate-of-entitlement--coes--quota-for-may-2026-to-july-202.annex-a.pdf,May 2026 to Jul 2026,(A),(A) Increase in Vehicle Population,C,95,False
2026-04-certificate-of-entitlement--coes--quota-for-may-2026-to-july-202.annex-a.pdf,May 2026 to Jul 2026,(A),(A) Increase in Vehicle Population,D,0,False
2026-04-certificate-of-entitlement--coes--quota-for-may-2026-to-july-202.annex-a.pdf,May 2026 to Jul 2026,(A),(A) Increase in Vehicle Population,E,0,False
2026-04-certificate-of-entitlement--coes--quota-for-may-2026-to-july-202.annex-a.pdf,May 2026 to Jul 2026,(A),(A) Increase in Vehicle Population,Total,95,False
2026-04-certificate-of-entitlement--coes--quota-for-may-2026-to-july-202.annex-a.pdf,May 2026 to Jul 2026,B1),B1) Total vehicle deregistrations from Apr 2025 to Mar 2026,A,30027,False
2026-04-certificate-of-entitlement--coes--quota-for-may-2026-to-july-202.annex-a.pdf,May 2026 to Jul 2026,B1),B1) Total vehicle deregistrations from Apr 2025 to Mar 2026,B,24186,False
2026-04-certificate-of-entitlement--coes--quota-for-may-2026-to-july-202.annex-a.pdf,May 2026 to Jul 2026,B1),B1) Total vehicle deregistrations from Apr 2025 to Mar 2026,C,8430,False
2026-04-certificate-of-entitlement--coes--quota-for-may-2026-to-july-202.annex-a.pdf,May 2026 to Jul 2026,B1),B1) Total vehicle deregistrations from Apr 2025 to Mar 2026,D,8291,False
2026-04-certificate-of-entitlement--coes--quota-for-may-2026-to-july-202.annex-a.pdf,May 2026 to Jul 2026,B1),B1) Total vehicle deregistrations from Apr 2025 to Mar 2026,E,0,False
2026-04-certificate-of-entitlement--coes--quota-for-may-2026-to-july-202.annex-a.pdf,May 2026 to Jul 2026,B1),B1) Total vehicle deregistrations from Apr 2025 to Mar 2026,Total,70934,False
2026-04-certificate-of-entitlement--coes--quota-for-may-2026-to-july-202.annex-a.pdf,May 2026 to Jul 2026,B2),B2) Total vehicle deregistrations over Apr 2025 to Mar 2026 arising from identified guaranteed deregistrations,A,-2426,False
2026-04-certificate-of-entitlement--coes--quota-for-may-2026-to-july-202.annex-a.pdf,May 2026 to Jul 2026,B2),B2) Total vehicle deregistrations over Apr 2025 to Mar 2026 arising from identified guaranteed deregistrations,B,-1326,False
2026-04-certificate-of-entitlement--coes--quota-for-may-2026-to-july-202.annex-a.pdf,May 2026 to Jul 2026,B2),B2) Total vehicle deregistrations over Apr 2025 to Mar 2026 arising from identified guaranteed deregistrations,C,0,False
2026-04-certificate-of-entitlement--coes--quota-for-may-2026-to-july-202.annex-a.pdf,May 2026 to Jul 2026,B2),B2) Total vehicle deregistrations over Apr 2025 to Mar 2026 arising from identified guaranteed deregistrations,D,-265,False
2026-04-certificate-of-entitlement--coes--quota-for-may-2026-to-july-202.annex-a.pdf,May 2026 to Jul 2026,B2),B2) Total vehicle deregistrations over Apr 2025 to Mar 2026 arising from identified guaranteed deregistrations,E,0,False
2026-04-certificate-of-entitlement--coes--quota-for-may-2026-to-july-202.annex-a.pdf,May 2026 to Jul 2026,B2),B2) Total vehicle deregistrations over Apr 2025 to Mar 2026 arising from identified guaranteed deregistrations,Total,-4017,False
2026-04-certificate-of-entitlement--coes--quota-for-may-2026-to-july-202.annex-a.pdf,May 2026 to Jul 2026,B3),B3) 25% of effective vehicle deregistrations Apr 2025 to Mar 2026 (25% of B1+B2),A,6900,False
2026-04-certificate-of-entitlement--coes--quota-for-may-2026-to-july-202.annex-a.pdf,May 2026 to Jul 2026,B3),B3) 25% of effective vehicle deregistrations Apr 2025 to Mar 2026 (25% of B1+B2),B,5715,False
2026-04-certificate-of-entitlement--coes--quota-for-may-2026-to-july-202.annex-a.pdf,May 2026 to Jul 2026,B3),B3) 25% of effective vehicle deregistrations Apr 2025 to Mar 2026 (25% of B1+B2),C,2108,False
2026-04-certificate-of-entitlement--coes--quota-for-may-2026-to-july-202.annex-a.pdf,May 2026 to Jul 2026,B3),B3) 25% of effective vehicle deregistrations Apr 2025 to Mar 2026 (25% of B1+B2),D,2006,False
2026-04-certificate-of-entitlement--coes--quota-for-may-2026-to-july-202.annex-a.pdf,May 2026 to Jul 2026,B3),B3) 25% of effective vehicle deregistrations Apr 2025 to Mar 2026 (25% of B1+B2),E,0,False
2026-04-certificate-of-entitlement--coes--quota-for-may-2026-to-july-202.annex-a.pdf,May 2026 to Jul 2026,B3),B3) 25% of effective vehicle deregistrations Apr 2025 to Mar 2026 (25% of B1+B2),Total,16729,False
2026-04-certificate-of-entitlement--coes--quota-for-may-2026-to-july-202.annex-a.pdf,May 2026 to Jul 2026,B4),B4) Contribution of deregistrations to Category E (10% of B3),A,-690,False
2026-04-certificate-of-entitlement--coes--quota-for-may-2026-to-july-202.annex-a.pdf,May 2026 to Jul 2026,B4),B4) Contribution of deregistrations to Category E (10% of B3),B,-571,False
2026-04-certificate-of-entitlement--coes--quota-for-may-2026-to-july-202.annex-a.pdf,May 2026 to Jul 2026,B4),B4) Contribution of deregistrations to Category E (10% of B3),C,-210,False
2026-04-certificate-of-entitlement--coes--quota-for-may-2026-to-july-202.annex-a.pdf,May 2026 to Jul 2026,B4),B4) Contribution of deregistrations to Category E (10% of B3),D,0,False
2026-04-certificate-of-entitlement--coes--quota-for-may-2026-to-july-202.annex-a.pdf,May 2026 to Jul 2026,B4),B4) Contribution of deregistrations to Category E (10% of B3),E,1471,False
2026-04-certificate-of-entitlement--coes--quota-for-may-2026-to-july-202.annex-a.pdf,May 2026 to Jul 2026,B4),B4) Contribution of deregistrations to Category E (10% of B3),Total,0,False
2026-04-certificate-of-entitlement--coes--quota-for-may-2026-to-july-202.annex-a.pdf,May 2026 to Jul 2026,(B),(B) Replacements of De-registered Vehicles,A,6210,False
2026-04-certificate-of-entitlement--coes--quota-for-may-2026-to-july-202.annex-a.pdf,May 2026 to Jul 2026,(B),(B) Replacements of De-registered Vehicles,B,5144,False
2026-04-certificate-of-entitlement--coes--quota-for-may-2026-to-july-202.annex-a.pdf,May 2026 to Jul 2026,(B),(B) Replacements of De-registered Vehicles,C,1898,False
2026-04-certificate-of-entitlement--coes--quota-for-may-2026-to-july-202.annex-a.pdf,May 2026 to Jul 2026,(B),(B) Replacements of De-registered Vehicles,D,2006,False
2026-04-certificate-of-entitlement--coes--quota-for-may-2026-to-july-202.annex-a.pdf,May 2026 to Jul 2026,(B),(B) Replacements of De-registered Vehicles,E,1471,False
2026-04-certificate-of-entitlement--coes--quota-for-may-2026-to-july-202.annex-a.pdf,May 2026 to Jul 2026,(B),(B) Replacements of De-registered Vehicles,Total,16729,False
2026-04-certificate-of-entitlement--coes--quota-for-may-2026-to-july-202.annex-a.pdf,May 2026 to Jul 2026,C1),C1) Adjustments for change in taxi population,A,0,False
2026-04-certificate-of-entitlement--coes--quota-for-may-2026-to-july-202.annex-a.pdf,May 2026 to Jul 2026,C1),C1) Adjustments for change in taxi population,B,0,False
2026-04-certificate-of-entitlement--coes--quota-for-may-2026-to-july-202.annex-a.pdf,May 2026 to Jul 2026,C1),C1) Adjustments for change in taxi population,C,0,False
2026-04-certificate-of-entitlement--coes--quota-for-may-2026-to-july-202.annex-a.pdf,May 2026 to Jul 2026,C1),C1) Adjustments for change in taxi population,D,0,False
2026-04-certificate-of-entitlement--coes--quota-for-may-2026-to-july-202.annex-a.pdf,May 2026 to Jul 2026,C1),C1) Adjustments for change in taxi population,E,93,False
2026-04-certificate-of-entitlement--coes--quota-for-may-2026-to-july-202.annex-a.pdf,May 2026 to Jul 2026,C1),C1) Adjustments for change in taxi population,Total,93,False
2026-04-certificate-of-entitlement--coes--quota-for-may-2026-to-july-202.annex-a.pdf,May 2026 to Jul 2026,C2),C2) Adjustments under Early Turnover Scheme,A,0,False
2026-04-certificate-of-entitlement--coes--quota-for-may-2026-to-july-202.annex-a.pdf,May 2026 to Jul 2026,C2),C2) Adjustments under Early Turnover Scheme,B,0,False
2026-04-certificate-of-entitlement--coes--quota-for-may-2026-to-july-202.annex-a.pdf,May 2026 to Jul 2026,C2),C2) Adjustments under Early Turnover Scheme,C,-301,False
2026-04-certificate-of-entitlement--coes--quota-for-may-2026-to-july-202.annex-a.pdf,May 2026 to Jul 2026,C2),C2) Adjustments under Early Turnover Scheme,D,0,False
2026-04-certificate-of-entitlement--coes--quota-for-may-2026-to-july-202.annex-a.pdf,May 2026 to Jul 2026,C2),C2) Adjustments under Early Turnover Scheme,E,-38,False
2026-04-certificate-of-entitlement--coes--quota-for-may-2026-to-july-202.annex-a.pdf,May 2026 to Jul 2026,C2),C2) Adjustments under Early Turnover Scheme,Total,-339,False
2026-04-certificate-of-entitlement--coes--quota-for-may-2026-to-july-202.annex-a.pdf,May 2026 to Jul 2026,C3),C3) Adjustment for Expired TCOEs,A,105,False
2026-04-certificate-of-entitlement--coes--quota-for-may-2026-to-july-202.annex-a.pdf,May 2026 to Jul 2026,C3),C3) Adjustment for Expired TCOEs,B,61,False
2026-04-certificate-of-entitlement--coes--quota-for-may-2026-to-july-202.annex-a.pdf,May 2026 to Jul 2026,C3),C3) Adjustment for Expired TCOEs,C,50,False
2026-04-certificate-of-entitlement--coes--quota-for-may-2026-to-july-202.annex-a.pdf,May 2026 to Jul 2026,C3),C3) Adjustment for Expired TCOEs,D,0,False
2026-04-certificate-of-entitlement--coes--quota-for-may-2026-to-july-202.annex-a.pdf,May 2026 to Jul 2026,C3),C3) Adjustment for Expired TCOEs,E,0,False
2026-04-certificate-of-entitlement--coes--quota-for-may-2026-to-july-202.annex-a.pdf,May 2026 to Jul 2026,C3),C3) Adjustment for Expired TCOEs,Total,216,False
2026-04-certificate-of-entitlement--coes--quota-for-may-2026-to-july-202.annex-a.pdf,May 2026 to Jul 2026,C4),C4) Redistribution from identified guaranteed deregistrations and injections,A,1119,False
2026-04-certificate-of-entitlement--coes--quota-for-may-2026-to-july-202.annex-a.pdf,May 2026 to Jul 2026,C4),C4) Redistribution from identified guaranteed deregistrations and injections,B,0,False
2026-04-certificate-of-entitlement--coes--quota-for-may-2026-to-july-202.annex-a.pdf,May 2026 to Jul 2026,C4),C4) Redistribution from identified guaranteed deregistrations and injections,C,0,False
2026-04-certificate-of-entitlement--coes--quota-for-may-2026-to-july-202.annex-a.pdf,May 2026 to Jul 2026,C4),C4) Redistribution from identified guaranteed deregistrations and injections,D,1139,False
2026-04-certificate-of-entitlement--coes--quota-for-may-2026-to-july-202.annex-a.pdf,May 2026 to Jul 2026,C4),C4) Redistribution from identified guaranteed deregistrations and injections,E,0,False
2026-04-certificate-of-entitlement--coes--quota-for-may-2026-to-july-202.annex-a.pdf,May 2026 to Jul 2026,C4),C4) Redistribution from identified guaranteed deregistrations and injections,Total,2258,False
2026-04-certificate-of-entitlement--coes--quota-for-may-2026-to-july-202.annex-a.pdf,May 2026 to Jul 2026,(C),(C) Adjustments,A,1224,False
2026-04-certificate-of-entitlement--coes--quota-for-may-2026-to-july-202.annex-a.pdf,May 2026 to Jul 2026,(C),(C) Adjustments,B,61,False
2026-04-certificate-of-entitlement--coes--quota-for-may-2026-to-july-202.annex-a.pdf,May 2026 to Jul 2026,(C),(C) Adjustments,C,-251,False
2026-04-certificate-of-entitlement--coes--quota-for-may-2026-to-july-202.annex-a.pdf,May 2026 to Jul 2026,(C),(C) Adjustments,D,1139,False
2026-04-certificate-of-entitlement--coes--quota-for-may-2026-to-july-202.annex-a.pdf,May 2026 to Jul 2026,(C),(C) Adjustments,E,55,False
2026-04-certificate-of-entitlement--coes--quota-for-may-2026-to-july-202.annex-a.pdf,May 2026 to Jul 2026,(C),(C) Adjustments,Total,2228,False
2026-04-certificate-of-entitlement--coes--quota-for-may-2026-to-july-202.annex-a.pdf,May 2026 to Jul 2026,Total Quota for May 2026 to Jul 2026,Total Quota for May 2026 to Jul 2026 Bidding Exercises (A + B + C),A,7434,False
2026-04-certificate-of-entitlement--coes--quota-for-may-2026-to-july-202.annex-a.pdf,May 2026 to Jul 2026,Total Quota for May 2026 to Jul 2026,Total Quota for May 2026 to Jul 2026 Bidding Exercises (A + B + C),B,5205,False
2026-04-certificate-of-entitlement--coes--quota-for-may-2026-to-july-202.annex-a.pdf,May 2026 to Jul 2026,Total Quota for May 2026 to Jul 2026,Total Quota for May 2026 to Jul 2026 Bidding Exercises (A + B + C),C,1742,False
2026-04-certificate-of-entitlement--coes--quota-for-may-2026-to-july-202.annex-a.pdf,May 2026 to Jul 2026,Total Quota for May 2026 to Jul 2026,Total Quota for May 2026 to Jul 2026 Bidding Exercises (A + B + C),D,3145,False
2026-04-certificate-of-entitlement--coes--quota-for-may-2026-to-july-202.annex-a.pdf,May 2026 to Jul 2026,Total Quota for May 2026 to Jul 2026,Total Quota for May 2026 to Jul 2026 Bidding Exercises (A + B + C),E,1526,False
2026-04-certificate-of-entitlement--coes--quota-for-may-2026-to-july-202.annex-a.pdf,May 2026 to Jul 2026,Total Quota for May 2026 to Jul 2026,Total Quota for May 2026 to Jul 2026 Bidding Exercises (A + B + C),Total,19052,False
2026-07-coe_quota_aug26-oct26.annex-a.pdf,Aug 2026 to Oct 2026,A1),A1) Vehicle Population As at 31 Dec 2025,A,322377,False
2026-07-coe_quota_aug26-oct26.annex-a.pdf,Aug 2026 to Oct 2026,A1),A1) Vehicle Population As at 31 Dec 2025,B,337060,False
2026-07-coe_quota_aug26-oct26.annex-a.pdf,Aug 2026 to Oct 2026,A1),A1) Vehicle Population As at 31 Dec 2025,C,152383,False
2026-07-coe_quota_aug26-oct26.annex-a.pdf,Aug 2026 to Oct 2026,A1),A1) Vehicle Population As at 31 Dec 2025,D,151571,False
2026-07-coe_quota_aug26-oct26.annex-a.pdf,Aug 2026 to Oct 2026,A1),A1) Vehicle Population As at 31 Dec 2025,E,0,False
2026-07-coe_quota_aug26-oct26.annex-a.pdf,Aug 2026 to Oct 2026,A1),A1) Vehicle Population As at 31 Dec 2025,Total,963391,False
2026-07-coe_quota_aug26-oct26.annex-a.pdf,Aug 2026 to Oct 2026,A2),A2) Net Increase allowed per quarter [Cat C Only] [0.25% x vehicle population / 4],A,0,False
2026-07-coe_quota_aug26-oct26.annex-a.pdf,Aug 2026 to Oct 2026,A2),A2) Net Increase allowed per quarter [Cat C Only] [0.25% x vehicle population / 4],B,0,False
2026-07-coe_quota_aug26-oct26.annex-a.pdf,Aug 2026 to Oct 2026,A2),A2) Net Increase allowed per quarter [Cat C Only] [0.25% x vehicle population / 4],C,95,False
2026-07-coe_quota_aug26-oct26.annex-a.pdf,Aug 2026 to Oct 2026,A2),A2) Net Increase allowed per quarter [Cat C Only] [0.25% x vehicle population / 4],D,0,False
2026-07-coe_quota_aug26-oct26.annex-a.pdf,Aug 2026 to Oct 2026,A2),A2) Net Increase allowed per quarter [Cat C Only] [0.25% x vehicle population / 4],E,0,False
2026-07-coe_quota_aug26-oct26.annex-a.pdf,Aug 2026 to Oct 2026,A2),A2) Net Increase allowed per quarter [Cat C Only] [0.25% x vehicle population / 4],Total,95,False
2026-07-coe_quota_aug26-oct26.annex-a.pdf,Aug 2026 to Oct 2026,(A),(A) Increase in Vehicle Population,A,0,False
2026-07-coe_quota_aug26-oct26.annex-a.pdf,Aug 2026 to Oct 2026,(A),(A) Increase in Vehicle Population,B,0,False
2026-07-coe_quota_aug26-oct26.annex-a.pdf,Aug 2026 to Oct 2026,(A),(A) Increase in Vehicle Population,C,95,False
2026-07-coe_quota_aug26-oct26.annex-a.pdf,Aug 2026 to Oct 2026,(A),(A) Increase in Vehicle Population,D,0,False
2026-07-coe_quota_aug26-oct26.annex-a.pdf,Aug 2026 to Oct 2026,(A),(A) Increase in Vehicle Population,E,0,False
2026-07-coe_quota_aug26-oct26.annex-a.pdf,Aug 2026 to Oct 2026,(A),(A) Increase in Vehicle Population,Total,95,False
2026-07-coe_quota_aug26-oct26.annex-a.pdf,Aug 2026 to Oct 2026,B1),B1) Total vehicle deregistrations from Jul 2025 to Jun 2026,A,33941,False
2026-07-coe_quota_aug26-oct26.annex-a.pdf,Aug 2026 to Oct 2026,B1),B1) Total vehicle deregistrations from Jul 2025 to Jun 2026,B,26321,False
2026-07-coe_quota_aug26-oct26.annex-a.pdf,Aug 2026 to Oct 2026,B1),B1) Total vehicle deregistrations from Jul 2025 to Jun 2026,C,8429,False
2026-07-coe_quota_aug26-oct26.annex-a.pdf,Aug 2026 to Oct 2026,B1),B1) Total vehicle deregistrations from Jul 2025 to Jun 2026,D,8065,False
2026-07-coe_quota_aug26-oct26.annex-a.pdf,Aug 2026 to Oct 2026,B1),B1) Total vehicle deregistrations from Jul 2025 to Jun 2026,E,0,False
2026-07-coe_quota_aug26-oct26.annex-a.pdf,Aug 2026 to Oct 2026,B1),B1) Total vehicle deregistrations from Jul 2025 to Jun 2026,Total,76756,False
2026-07-coe_quota_aug26-oct26.annex-a.pdf,Aug 2026 to Oct 2026,B2),B2) Total vehicle deregistrations over Jul 2025 to Jun 2026 arising from identified guaranteed deregistrations,A,-3277,False
2026-07-coe_quota_aug26-oct26.annex-a.pdf,Aug 2026 to Oct 2026,B2),B2) Total vehicle deregistrations over Jul 2025 to Jun 2026 arising from identified guaranteed deregistrations,B,-1852,False
2026-07-coe_quota_aug26-oct26.annex-a.pdf,Aug 2026 to Oct 2026,B2),B2) Total vehicle deregistrations over Jul 2025 to Jun 2026 arising from identified guaranteed deregistrations,C,0,False
2026-07-coe_quota_aug26-oct26.annex-a.pdf,Aug 2026 to Oct 2026,B2),B2) Total vehicle deregistrations over Jul 2025 to Jun 2026 arising from identified guaranteed deregistrations,D,-251,False
2026-07-coe_quota_aug26-oct26.annex-a.pdf,Aug 2026 to Oct 2026,B2),B2) Total vehicle deregistrations over Jul 2025 to Jun 2026 arising from identified guaranteed deregistrations,E,0,False
2026-07-coe_quota_aug26-oct26.annex-a.pdf,Aug 2026 to Oct 2026,B2),B2) Total vehicle deregistrations over Jul 2025 to Jun 2026 arising from identified guaranteed deregistrations,Total,-5380,False
2026-07-coe_quota_aug26-oct26.annex-a.pdf,Aug 2026 to Oct 2026,B3),B3) 25% of effective vehicle deregistrations Jul 2025 to Jun 2026 (25% of B1+B2),A,7666,False
2026-07-coe_quota_aug26-oct26.annex-a.pdf,Aug 2026 to Oct 2026,B3),B3) 25% of effective vehicle deregistrations Jul 2025 to Jun 2026 (25% of B1+B2),B,6117,False
2026-07-coe_quota_aug26-oct26.annex-a.pdf,Aug 2026 to Oct 2026,B3),B3) 25% of effective vehicle deregistrations Jul 2025 to Jun 2026 (25% of B1+B2),C,2107,False
2026-07-coe_quota_aug26-oct26.annex-a.pdf,Aug 2026 to Oct 2026,B3),B3) 25% of effective vehicle deregistrations Jul 2025 to Jun 2026 (25% of B1+B2),D,1954,False
2026-07-coe_quota_aug26-oct26.annex-a.pdf,Aug 2026 to Oct 2026,B3),B3) 25% of effective vehicle deregistrations Jul 2025 to Jun 2026 (25% of B1+B2),E,0,False
2026-07-coe_quota_aug26-oct26.annex-a.pdf,Aug 2026 to Oct 2026,B3),B3) 25% of effective vehicle deregistrations Jul 2025 to Jun 2026 (25% of B1+B2),Total,17844,False
2026-07-coe_quota_aug26-oct26.annex-a.pdf,Aug 2026 to Oct 2026,B4),B4) Contribution of deregistrations to Category E (10% of B3),A,-766,False
2026-07-coe_quota_aug26-oct26.annex-a.pdf,Aug 2026 to Oct 2026,B4),B4) Contribution of deregistrations to Category E (10% of B3),B,-611,False
2026-07-coe_quota_aug26-oct26.annex-a.pdf,Aug 2026 to Oct 2026,B4),B4) Contribution of deregistrations to Category E (10% of B3),C,-210,False
2026-07-coe_quota_aug26-oct26.annex-a.pdf,Aug 2026 to Oct 2026,B4),B4) Contribution of deregistrations to Category E (10% of B3),D,0,False
2026-07-coe_quota_aug26-oct26.annex-a.pdf,Aug 2026 to Oct 2026,B4),B4) Contribution of deregistrations to Category E (10% of B3),E,1587,False
2026-07-coe_quota_aug26-oct26.annex-a.pdf,Aug 2026 to Oct 2026,B4),B4) Contribution of deregistrations to Category E (10% of B3),Total,0,False
2026-07-coe_quota_aug26-oct26.annex-a.pdf,Aug 2026 to Oct 2026,(B),(B) Replacements of De-registered Vehicles,A,6900,False
2026-07-coe_quota_aug26-oct26.annex-a.pdf,Aug 2026 to Oct 2026,(B),(B) Replacements of De-registered Vehicles,B,5506,False
2026-07-coe_quota_aug26-oct26.annex-a.pdf,Aug 2026 to Oct 2026,(B),(B) Replacements of De-registered Vehicles,C,1897,False
2026-07-coe_quota_aug26-oct26.annex-a.pdf,Aug 2026 to Oct 2026,(B),(B) Replacements of De-registered Vehicles,D,1954,False
2026-07-coe_quota_aug26-oct26.annex-a.pdf,Aug 2026 to Oct 2026,(B),(B) Replacements of De-registered Vehicles,E,1587,False
2026-07-coe_quota_aug26-oct26.annex-a.pdf,Aug 2026 to Oct 2026,(B),(B) Replacements of De-registered Vehicles,Total,17844,False
2026-07-coe_quota_aug26-oct26.annex-a.pdf,Aug 2026 to Oct 2026,C1),C1) Adjustments for change in taxi population,A,0,False
2026-07-coe_quota_aug26-oct26.annex-a.pdf,Aug 2026 to Oct 2026,C1),C1) Adjustments for change in taxi population,B,0,False
2026-07-coe_quota_aug26-oct26.annex-a.pdf,Aug 2026 to Oct 2026,C1),C1) Adjustments for change in taxi population,C,0,False
2026-07-coe_quota_aug26-oct26.annex-a.pdf,Aug 2026 to Oct 2026,C1),C1) Adjustments for change in taxi population,D,0,False
2026-07-coe_quota_aug26-oct26.annex-a.pdf,Aug 2026 to Oct 2026,C1),C1) Adjustments for change in taxi population,E,-33,False
2026-07-coe_quota_aug26-oct26.annex-a.pdf,Aug 2026 to Oct 2026,C1),C1) Adjustments for change in taxi population,Total,-33,False
2026-07-coe_quota_aug26-oct26.annex-a.pdf,Aug 2026 to Oct 2026,C2),C2) Adjustments under Early Turnover Scheme,A,0,False
2026-07-coe_quota_aug26-oct26.annex-a.pdf,Aug 2026 to Oct 2026,C2),C2) Adjustments under Early Turnover Scheme,B,0,False
2026-07-coe_quota_aug26-oct26.annex-a.pdf,Aug 2026 to Oct 2026,C2),C2) Adjustments under Early Turnover Scheme,C,-219,False
2026-07-coe_quota_aug26-oct26.annex-a.pdf,Aug 2026 to Oct 2026,C2),C2) Adjustments under Early Turnover Scheme,D,0,False
2026-07-coe_quota_aug26-oct26.annex-a.pdf,Aug 2026 to Oct 2026,C2),C2) Adjustments under Early Turnover Scheme,E,-31,False
2026-07-coe_quota_aug26-oct26.annex-a.pdf,Aug 2026 to Oct 2026,C2),C2) Adjustments under Early Turnover Scheme,Total,-250,False
2026-07-coe_quota_aug26-oct26.annex-a.pdf,Aug 2026 to Oct 2026,C3),C3) Adjustment for Expired TCOEs,A,34,False
2026-07-coe_quota_aug26-oct26.annex-a.pdf,Aug 2026 to Oct 2026,C3),C3) Adjustment for Expired TCOEs,B,21,False
2026-07-coe_quota_aug26-oct26.annex-a.pdf,Aug 2026 to Oct 2026,C3),C3) Adjustment for Expired TCOEs,C,-7,False
2026-07-coe_quota_aug26-oct26.annex-a.pdf,Aug 2026 to Oct 2026,C3),C3) Adjustment for Expired TCOEs,D,0,False
2026-07-coe_quota_aug26-oct26.annex-a.pdf,Aug 2026 to Oct 2026,C3),C3) Adjustment for Expired TCOEs,E,0,False
2026-07-coe_quota_aug26-oct26.annex-a.pdf,Aug 2026 to Oct 2026,C3),C3) Adjustment for Expired TCOEs,Total,48,False
2026-07-coe_quota_aug26-oct26.annex-a.pdf,Aug 2026 to Oct 2026,C4),C4) Redistribution from identified guaranteed deregistrations and injections,A,200,False
2026-07-coe_quota_aug26-oct26.annex-a.pdf,Aug 2026 to Oct 2026,C4),C4) Redistribution from identified guaranteed deregistrations and injections,B,0,False
2026-07-coe_quota_aug26-oct26.annex-a.pdf,Aug 2026 to Oct 2026,C4),C4) Redistribution from identified guaranteed deregistrations and injections,C,70,False
2026-07-coe_quota_aug26-oct26.annex-a.pdf,Aug 2026 to Oct 2026,C4),C4) Redistribution from identified guaranteed deregistrations and injections,D,1111,False
2026-07-coe_quota_aug26-oct26.annex-a.pdf,Aug 2026 to Oct 2026,C4),C4) Redistribution from identified guaranteed deregistrations and injections,E,0,False
2026-07-coe_quota_aug26-oct26.annex-a.pdf,Aug 2026 to Oct 2026,C4),C4) Redistribution from identified guaranteed deregistrations and injections,Total,1381,False
2026-07-coe_quota_aug26-oct26.annex-a.pdf,Aug 2026 to Oct 2026,(C),(C) Adjustments,A,234,False
2026-07-coe_quota_aug26-oct26.annex-a.pdf,Aug 2026 to Oct 2026,(C),(C) Adjustments,B,21,False
2026-07-coe_quota_aug26-oct26.annex-a.pdf,Aug 2026 to Oct 2026,(C),(C) Adjustments,C,-156,False
2026-07-coe_quota_aug26-oct26.annex-a.pdf,Aug 2026 to Oct 2026,(C),(C) Adjustments,D,1111,False
2026-07-coe_quota_aug26-oct26.annex-a.pdf,Aug 2026 to Oct 2026,(C),(C) Adjustments,E,-64,False
2026-07-coe_quota_aug26-oct26.annex-a.pdf,Aug 2026 to Oct 2026,(C),(C) Adjustments,Total,1146,False
2026-07-coe_quota_aug26-oct26.annex-a.pdf,Aug 2026 to Oct 2026,Total Quota for Aug 2026 to Oct 2026,Total Quota for Aug 2026 to Oct 2026 Bidding Exercises (A + B + C),A,7134,False
2026-07-coe_quota_aug26-oct26.annex-a.pdf,Aug 2026 to Oct 2026,Total Quota for Aug 2026 to Oct 2026,Total Quota for Aug 2026 to Oct 2026 Bidding Exercises (A + B + C),B,5527,False
2026-07-coe_quota_aug26-oct26.annex-a.pdf,Aug 2026 to Oct 2026,Total Quota for Aug 2026 to Oct 2026,Total Quota for Aug 2026 to Oct 2026 Bidding Exercises (A + B + C),C,1836,False
2026-07-coe_quota_aug26-oct26.annex-a.pdf,Aug 2026 to Oct 2026,Total Quota for Aug 2026 to Oct 2026,Total Quota for Aug 2026 to Oct 2026 Bidding Exercises (A + B + C),D,3065,False
2026-07-coe_quota_aug26-oct26.annex-a.pdf,Aug 2026 to Oct 2026,Total Quota for Aug 2026 to Oct 2026,Total Quota for Aug 2026 to Oct 2026 Bidding Exercises (A + B + C),E,1523,False
2026-07-coe_quota_aug26-oct26.annex-a.pdf,Aug 2026 to Oct 2026,Total Quota for Aug 2026 to Oct 2026,Total Quota for Aug 2026 to Oct 2026 Bidding Exercises (A + B + C),Total,19085,False
